0.000000000000000000e+00 0.000000000000000000e+00
2.906976744186046471e-04 1.664037533147854380e-07
5.813953488372092943e-04 2.773526923653290191e-07
8.720930232558139414e-04 -2.032013525568146579e-07
1.162790697674418589e-03 -1.721578846720947101e-06
1.453488372093023236e-03 -4.597811134444536648e-06
1.744186046511627883e-03 -8.994193429755623683e-06
2.034883720930232530e-03 -1.489709252512692190e-05
2.325581395348837177e-03 -2.211834638176448203e-05
2.616279069767441824e-03 -3.031905060914459344e-05
2.906976744186046471e-03 -3.905375981267219165e-05
3.197674418604651118e-03 -4.782817553424518315e-05
3.488372093023255766e-03 -5.615959917633962263e-05
3.779069767441860413e-03 -6.362790335140120249e-05
4.069767441860465060e-03 -6.990604886185006325e-05
4.360465116279069707e-03 -7.476329410729586555e-05
4.651162790697674354e-03 -7.804066109188875625e-05
4.941860465116279001e-03 -7.960547661194228980e-05
5.232558139534883648e-03 -7.929792824117260289e-05
5.523255813953488295e-03 -7.688610563727690252e-05
5.813953488372092943e-03 -7.204626785970752619e-05
6.104651162790697590e-03 -6.438167269110260183e-05
6.395348837209302237e-03 -5.348627960657797184e-05
6.686046511627906884e-03 -3.905033390526435301e-05
6.976744186046511531e-03 -2.099546882134014923e-05
7.267441860465116178e-03 3.806616004585504470e-07
7.558139534883720825e-03 2.427485579292963647e-05
7.848837209302326340e-03 4.928918551814730073e-05
8.139534883720930120e-03 7.340360436230908747e-05
8.430232558139533899e-03 9.402443842952649543e-05
8.720930232558139414e-03 1.081130665988782268e-04
9.011627906976744928e-03 1.123875215113036714e-04
9.302325581395348708e-03 1.035777107958655267e-04
9.593023255813952488e-03 7.870505679861957229e-05
9.883720930232558002e-03 3.535180478961654128e-05
1.017441860465116352e-02 -2.811542332887814798e-05
1.046511627906976730e-02 -1.123994401372404618e-04
1.075581395348837108e-02 -2.172271601981429581e-04
1.104651162790697659e-02 -3.414165006669403458e-04
1.133720930232558211e-02 -4.830517667653833037e-04
1.162790697674418589e-02 -6.397467346129042092e-04
1.191860465116278966e-02 -8.089570371581302106e-04
1.220930232558139518e-02 -9.882886094811367105e-04
1.250000000000000069e-02 -1.175742104709377256e-03
1.279069767441860447e-02 -1.369838179074112485e-03
1.308139534883720825e-02 -1.569585438899575615e-03
1.337209302325581377e-02 -1.774279279979624254e-03
1.366279069767441928e-02 -1.983152207301209797e-03
1.395348837209302306e-02 -2.194928416159197017e-03
1.424418604651162684e-02 -2.407359520878971874e-03
1.453488372093023236e-02 -2.616828904519072352e-03
1.482558139534883787e-02 -2.818108649315209397e-03
1.511627906976744165e-02 -3.004336234828728757e-03
1.540697674418604543e-02 -3.167247640496024044e-03
1.569767441860465268e-02 -3.297661872729646271e-03
1.598837209302325646e-02 -3.386169303121679304e-03
1.627906976744186024e-02 -3.423943213775343820e-03
1.656976744186046402e-02 -3.403573933987645052e-03
1.686046511627906780e-02 -3.319817934201424198e-03
1.715116279069767505e-02 -3.170163002656745631e-03
1.744186046511627883e-02 -2.955136118506482105e-03
1.773255813953488261e-02 -2.678316455615090391e-03
1.802325581395348986e-02 -2.346053616747631118e-03
1.831395348837209364e-02 -1.966927367616767581e-03
1.860465116279069742e-02 -1.551019481829248644e-03
1.889534883720930120e-02 -1.109097482157992646e-03
1.918604651162790498e-02 -6.518276149721591393e-04
1.947674418604651222e-02 -1.891346174535154905e-04
1.976744186046511600e-02 2.701942050861513714e-04
2.005813953488371978e-02 7.186017192739061962e-04
2.034883720930232703e-02 1.149540423516293326e-03
2.063953488372093081e-02 1.556976342712348147e-03
2.093023255813953459e-02 1.934696695702522572e-03
2.122093023255813837e-02 2.275535837409941708e-03
2.151162790697674215e-02 2.570658192538074430e-03
2.180232558139534940e-02 2.809041956353042300e-03
2.209302325581395318e-02 2.977291654393469933e-03
2.238372093023255696e-02 3.059875484007787937e-03
2.267441860465116421e-02 3.039833119217216426e-03
2.296511627906976799e-02 2.899927325928195517e-03
2.325581395348837177e-02 2.624129492993583675e-03
2.354651162790697555e-02 2.199259952670877798e-03
2.383720930232557933e-02 1.616565174109930395e-03
2.412790697674418658e-02 8.730068075570797566e-04
2.441860465116279036e-02 -2.793708722331745319e-05
2.470930232558139414e-02 -1.076095540746799337e-03
2.500000000000000139e-02 -2.255094752493446916e-03
2.529069767441860517e-02 -3.543451034861679495e-03
2.558139534883720895e-02 -4.916110981179461908e-03
2.587209302325581273e-02 -6.346217883847613504e-03
2.616279069767441651e-02 -7.806851792143667569e-03
2.645348837209302376e-02 -9.272500413896662963e-03
2.674418604651162754e-02 -1.072006880135245588e-02
2.703488372093023132e-02 -1.212931220433208397e-02
2.732558139534883856e-02 -1.348266152503552369e-02
2.761627906976744234e-02 -1.476449762311408433e-02
2.790697674418604612e-02 -1.596001400644216431e-02
2.819767441860464990e-02 -1.705387367001370488e-02
2.848837209302325368e-02 -1.802890255642647377e-02
2.877906976744186093e-02 -1.886506666866174728e-02
2.906976744186046471e-02 -1.953895154901024930e-02
2.936046511627906849e-02 -2.002389840681098251e-02
2.965116279069767574e-02 -2.029085677171695024e-02
2.994186046511627952e-02 -2.030991039501606199e-02
3.023255813953488330e-02 -2.005234119911877833e-02
3.052325581395348708e-02 -1.949302132075273614e-02
3.081395348837209086e-02 -1.861286805810387010e-02
3.110465116279069811e-02 -1.740106739569119085e-02
3.139534883720930536e-02 -1.585677128064071073e-02
3.168604651162790914e-02 -1.399000336885782882e-02
3.197674418604651292e-02 -1.182158109914280969e-02
3.226744186046511670e-02 -9.381991742890236421e-03
3.255813953488372048e-02 -6.709328905374361933e-03
3.284883720930232426e-02 -3.846558047501129687e-03
3.313953488372092804e-02 -8.384962667792024513e-04
3.343023255813953182e-02 2.271053490141180554e-03
3.372093023255813560e-02 5.441589428113471037e-03
3.401162790697674632e-02 8.637286246674757972e-03
3.430232558139535010e-02 1.182727669829850871e-02
3.459302325581395388e-02 1.498483141729050477e-02
3.488372093023255766e-02 1.808560032943332813e-02
3.517441860465116144e-02 2.110523802032632235e-02
3.546511627906976521e-02 2.401686039813121301e-02
3.575581395348836899e-02 2.678882749492586535e-02
3.604651162790697971e-02 2.938329331959620497e-02
3.633720930232558349e-02 3.175583053514101362e-02
3.662790697674418727e-02 3.385626550173694710e-02
3.691860465116279105e-02 3.563067586132354081e-02
3.720930232558139483e-02 3.702433336384751417e-02
3.749999999999999861e-02 3.798524863656659728e-02
3.779069767441860239e-02 3.846790568656392045e-02
3.808139534883720617e-02 3.843675351809680563e-02
3.837209302325580995e-02 3.786904359966174888e-02
3.866279069767442067e-02 3.675666915276001867e-02
3.895348837209302445e-02 3.510677220903884316e-02
3.924418604651162823e-02 3.294102200088968452e-02
3.953488372093023201e-02 3.029362407237962476e-02
3.982558139534883579e-02 2.720829037023553970e-02
4.011627906976743957e-02 2.373456317516152783e-02
4.040697674418604335e-02 1.992399301676212042e-02
4.069767441860465407e-02 1.582669289319312347e-02
4.098837209302325785e-02 1.148873847505721586e-02
4.127906976744186163e-02 6.950774858677013016e-03
4.156976744186046541e-02 2.248026691173420771e-03
4.186046511627906919e-02 -2.588301017120714885e-03
4.215116279069767297e-02 -7.528466463169601781e-03
4.244186046511627675e-02 -1.254091500410173254e-02
4.273255813953488053e-02 -1.758887374079768154e-02
4.302325581395348431e-02 -2.262747899187354111e-02
4.331395348837209502e-02 -2.760205158791205482e-02
4.360465116279069880e-02 -3.244796873667073200e-02
4.389534883720930258e-02 -3.709233542447014365e-02
4.418604651162790636e-02 -4.145737459381383661e-02
4.447674418604651014e-02 -4.546516906184738804e-02
4.476744186046511392e-02 -4.904314995075678002e-02
4.505813953488371770e-02 -5.212959327440777613e-02
4.534883720930232842e-02 -5.467837890558392006e-02
4.563953488372093220e-02 -5.666236436484287098e-02
4.593023255813953598e-02 -5.807491224882919273e-02
4.622093023255813976e-02 -5.892937686734629754e-02
4.651162790697674354e-02 -5.925666089731675829e-02
4.680232558139534732e-02 -5.910121904786018454e-02
4.709302325581395110e-02 -5.851606365801254039e-02
4.738372093023255488e-02 -5.755742266750135672e-02
4.767441860465115866e-02 -5.627972501540268180e-02
4.796511627906976938e-02 -5.473153198586946239e-02
4.825581395348837316e-02 -5.295289716544850783e-02
4.854651162790697694e-02 -5.097444995777496851e-02
4.883720930232558072e-02 -4.881828075527172572e-02
4.912790697674418450e-02 -4.650046827804295291e-02
4.941860465116278828e-02 -4.403485236911078987e-02
4.970930232558139206e-02 -4.143746341581466819e-02
5.000000000000000278e-02 -3.873091041544086260e-02
5.029069767441860656e-02 -3.594801098771909648e-02
5.058139534883721034e-02 -3.313401502422682471e-02
5.087209302325581411e-02 -3.034693110239258459e-02
5.116279069767441789e-02 -2.765570069933004707e-02
5.145348837209302167e-02 -2.513625263290918121e-02
5.174418604651162545e-02 -2.286578790892851432e-02
5.203488372093022923e-02 -2.091596868221978420e-02
5.232558139534883301e-02 -1.934594762908028315e-02
5.261627906976744373e-02 -1.819628207519729049e-02
5.290697674418604751e-02 -1.748468477207133429e-02
5.319767441860465129e-02 -1.720429978863081966e-02
5.348837209302325507e-02 -1.732481225523251414e-02
5.377906976744185885e-02 -1.779625617297339243e-02
5.406976744186046263e-02 -1.855495442149899046e-02
5.436046511627906641e-02 -1.953070899284392592e-02
5.465116279069767713e-02 -2.065420677673953168e-02
5.494186046511628091e-02 -2.186360095890076127e-02
5.523255813953488469e-02 -2.310935412429054869e-02
5.552325581395348847e-02 -2.435669272987844511e-02
5.581395348837209225e-02 -2.558540118952817854e-02
5.610465116279069603e-02 -2.678710483578328194e-02
5.639534883720929981e-02 -2.796057531880132008e-02
5.668604651162790359e-02 -2.910588301234104738e-02
5.697674418604650737e-02 -3.021836983802296192e-02
5.726744186046511809e-02 -3.128339293695667905e-02
5.755813953488372187e-02 -3.227262774941817847e-02
5.784883720930232565e-02 -3.314249337681507424e-02
5.813953488372092943e-02 -3.383501448698120889e-02
5.843023255813953321e-02 -3.428115412172998144e-02
5.872093023255813699e-02 -3.440634034567348343e-02
5.901162790697674077e-02 -3.413760405243291413e-02
5.930232558139535148e-02 -3.341148893501739298e-02
5.959302325581395526e-02 -3.218172026132312680e-02
5.988372093023255904e-02 -3.042557059378084988e-02
6.017441860465116282e-02 -2.814797917234743152e-02
6.046511627906976660e-02 -2.538275781844814491e-02
6.075581395348837038e-02 -2.219059526278571726e-02
6.104651162790697416e-02 -1.865400064867083624e-02
6.133720930232557794e-02 -1.486976294361196625e-02
6.162790697674418172e-02 -1.093988922380796300e-02
6.191860465116279244e-02 -6.962252840074198076e-03
6.220930232558139622e-02 -3.022283560930857926e-03
6.250000000000000000e-02 8.130610628712323226e-04
6.279069767441861072e-02 4.498113021787940140e-03
6.308139534883720756e-02 8.007680884262831020e-03
6.337209302325581828e-02 1.133280206391860077e-02
6.366279069767441512e-02 1.447382762796464370e-02
6.395348837209302584e-02 1.743203370704064434e-02
6.424418604651162268e-02 2.020119188246567027e-02
6.453488372093023340e-02 2.276053799526452787e-02
6.482558139534883024e-02 2.507032375159415349e-02
6.511627906976744096e-02 2.707068014704254108e-02
6.540697674418605168e-02 2.868400011585967718e-02
6.569767441860464852e-02 2.982054430731108374e-02
6.598837209302325923e-02 3.038650411886846189e-02
6.627906976744185608e-02 3.029337511128097488e-02
6.656976744186046679e-02 2.946731453067729864e-02
6.686046511627906364e-02 2.785722434426300687e-02
6.715116279069767435e-02 2.544054134862705485e-02
6.744186046511627119e-02 2.222603494855089623e-02
6.773255813953488191e-02 1.825327603265451334e-02
6.802325581395349263e-02 1.358883299964342740e-02
6.831395348837208947e-02 8.319637442151538859e-03
6.860465116279070019e-02 2.544308515416334512e-03
6.889534883720929703e-02 -3.636485025503881623e-03
6.918604651162790775e-02 -1.012935658535383393e-02
6.947674418604650459e-02 -1.685594091443182521e-02
6.976744186046511531e-02 -2.375792900356562751e-02
7.005813953488372603e-02 -3.079861169288893724e-02
7.034883720930232287e-02 -3.796058725711105170e-02
7.063953488372093359e-02 -4.523982946292722657e-02
7.093023255813953043e-02 -5.263687859786388840e-02
7.122093023255814115e-02 -6.014639227159235269e-02
7.151162790697673799e-02 -6.774660681729867406e-02
7.180232558139534871e-02 -7.539038708244780174e-02
7.209302325581395943e-02 -8.299941797560114742e-02
7.238372093023255627e-02 -9.046265802690471591e-02
7.267441860465116699e-02 -9.763950136618758380e-02
7.296511627906976383e-02 -1.043673463619114172e-01
7.325581395348837455e-02 -1.104725808182492330e-01
7.354651162790697139e-02 -1.157834418705520341e-01
7.383720930232558211e-02 -1.201428914819103327e-01
7.412790697674417895e-02 -1.234196712869938817e-01
7.441860465116278966e-02 -1.255160518689300009e-01
7.470930232558140038e-02 -1.263713354353799556e-01
7.499999999999999722e-02 -1.259607946311409321e-01
7.529069767441860794e-02 -1.242903909935593049e-01
7.558139534883720478e-02 -1.213882398124719875e-01
7.587209302325581550e-02 -1.172942502933394526e-01
7.616279069767441234e-02 -1.120495962273927032e-01
7.645348837209302306e-02 -1.056876558763424068e-01
7.674418604651161990e-02 -9.822779506818490880e-02
7.703488372093023062e-02 -8.967287554865030486e-02
7.732558139534884134e-02 -8.001077691086591614e-02
7.761627906976743818e-02 -6.921968903356266745e-02
7.790697674418604890e-02 -5.727651558161413886e-02
7.819767441860464574e-02 -4.416737073591844170e-02
7.848837209302325646e-02 -2.989883321848277320e-02
7.877906976744185330e-02 -1.450842781743071075e-02
7.906976744186046402e-02 1.927181520226627868e-03
7.936046511627907474e-02 1.928757390022422039e-02
7.965116279069767158e-02 3.740839388131067533e-02
7.994186046511628230e-02 5.608589495832409094e-02
8.023255813953487914e-02 7.508582216637726958e-02
8.052325581395348986e-02 9.415562749526108777e-02
8.081395348837208670e-02 1.130385119998472965e-01
8.110465116279069742e-02 1.314874696227004980e-01
8.139534883720930813e-02 1.492774351049894754e-01
8.168604651162790498e-02 1.662138596079153763e-01
8.197674418604651569e-02 1.821365313857465640e-01
8.226744186046511254e-02 1.969181549426139988e-01
8.255813953488372325e-02 2.104580239687836307e-01
8.284883720930232009e-02 2.226719625153611715e-01
8.313953488372093081e-02 2.334803903234829170e-01
8.343023255813952765e-02 2.427967116724941699e-01
8.372093023255813837e-02 2.505181641113807811e-01
8.401162790697674909e-02 2.565208552832716760e-01
8.430232558139534593e-02 2.606600528890453128e-01
8.459302325581395665e-02 2.627759532539428733e-01
8.488372093023255349e-02 2.627042734999678331e-01
8.517441860465116421e-02 2.602902753820795501e-01
8.546511627906976105e-02 2.554043461354214006e-01
8.575581395348837177e-02 2.479570420166874734e-01
8.604651162790696861e-02 2.379115624938889784e-01
8.633720930232557933e-02 2.252920170004395484e-01
8.662790697674419005e-02 2.101865171082114570e-01
8.691860465116278689e-02 1.927448809461064505e-01
8.720930232558139761e-02 1.731713984764673975e-01
8.749999999999999445e-02 1.517136232592780076e-01
8.779069767441860517e-02 1.286485348862341227e-01
8.808139534883720201e-02 1.042676539825510285e-01
8.837209302325581273e-02 7.886278872574058185e-02
8.866279069767442345e-02 5.271405005899690299e-02
8.895348837209302029e-02 2.608155464288127237e-02
8.924418604651163101e-02 -7.982140940621872908e-04
8.953488372093022785e-02 -2.771107030516775996e-02
8.982558139534883856e-02 -5.445924068577192440e-02
9.011627906976743541e-02 -8.085206624874546888e-02
9.040697674418604612e-02 -1.066950131262247026e-01
9.069767441860465684e-02 -1.317790628860696367e-01
9.098837209302325368e-02 -1.558725707316340470e-01
9.127906976744186440e-02 -1.787173753470651660e-01
9.156976744186046124e-02 -2.000303885843160157e-01
9.186046511627907196e-02 -2.195111249211290638e-01
9.215116279069766880e-02 -2.368546872786549129e-01
9.244186046511627952e-02 -2.517687584493095154e-01
9.273255813953487636e-02 -2.639923927195636510e-01
9.302325581395348708e-02 -2.733140270695388896e-01
9.331395348837209780e-02 -2.795861859717473363e-01
9.360465116279069464e-02 -2.827348458701081091e-01
9.389534883720930536e-02 -2.827622974102328435e-01
9.418604651162790220e-02 -2.797433889409708940e-01
9.447674418604651292e-02 -2.738159863371595892e-01
9.476744186046510976e-02 -2.651672011057484846e-01
9.505813953488372048e-02 -2.540174121198242041e-01
9.534883720930231732e-02 -2.406043075089146499e-01
9.563953488372092804e-02 -2.251690338040913120e-01
9.593023255813953876e-02 -2.079460891658889976e-01
9.622093023255813560e-02 -1.891579746672291673e-01
9.651162790697674632e-02 -1.690149154316652746e-01
9.680232558139534316e-02 -1.477192126338211509e-01
9.709302325581395388e-02 -1.254730989012798614e-01
9.738372093023255072e-02 -1.024885204344875844e-01
9.767441860465116144e-02 -7.899710683210720008e-02
9.796511627906977215e-02 -5.525860217579701278e-02
9.825581395348836899e-02 -3.156614797391315425e-02
9.854651162790697971e-02 -8.247088858011194720e-03
9.883720930232557655e-02 1.434153202354734868e-02
9.912790697674418727e-02 3.582294720615852857e-02
9.941860465116278411e-02 5.581549401546793965e-02
9.970930232558139483e-02 7.395090852813201998e-02
1.000000000000000056e-01 8.989406042721993784e-02
1.002906976744186024e-01 1.033617542489207175e-01
1.005813953488372131e-01 1.141382207645373209e-01
1.008720930232558100e-01 1.220852615393757390e-01
1.011627906976744207e-01 1.271456643205966242e-01
1.014534883720930175e-01 1.293394229596833422e-01
1.017441860465116282e-01 1.287533387591773271e-01
1.020348837209302251e-01 1.255255672234280584e-01
1.023255813953488358e-01 1.198274567079807146e-01
1.026162790697674465e-01 1.118454812557634487e-01
1.029069767441860433e-01 1.017660517278363846e-01
1.031976744186046541e-01 8.976541743178904909e-02
1.034883720930232509e-01 7.600587984523139717e-02
1.037790697674418616e-01 6.063840656696294767e-02
1.040697674418604585e-01 4.381066760098729224e-02
1.043604651162790692e-01 2.567864305235207506e-02
1.046511627906976660e-01 6.419423541596947468e-03
1.049418604651162767e-01 -1.375723218793617128e-02
1.052325581395348875e-01 -3.460066715751521776e-02
1.055232558139534843e-01 -5.581595301586695507e-02
1.058139534883720950e-01 -7.706625888472493080e-02
1.061046511627906919e-01 -9.798110373385481020e-02
1.063953488372093026e-01 -1.181698355317948035e-01
1.066860465116278994e-01 -1.372389729920293622e-01
1.069767441860465101e-01 -1.548115453251573403e-01
1.072674418604651209e-01 -1.705463122790538411e-01
1.075581395348837177e-01 -1.841547727537103940e-01
1.078488372093023284e-01 -1.954141782983448983e-01
1.081395348837209253e-01 -2.041752544788154877e-01
1.084302325581395360e-01 -2.103638749616494052e-01
1.087209302325581328e-01 -2.139765313120876589e-01
1.090116279069767435e-01 -2.150701489346805995e-01
1.093023255813953543e-01 -2.137475604666268236e-01
1.095930232558139511e-01 -2.101406157011896925e-01
1.098837209302325618e-01 -2.043933487996319187e-01
1.101744186046511587e-01 -1.966477290057173088e-01
1.104651162790697694e-01 -1.870341861296998809e-01
1.107558139534883662e-01 -1.756683186147389164e-01
1.110465116279069769e-01 -1.626541353364801545e-01
1.113372093023255738e-01 -1.480930979651888801e-01
1.116279069767441845e-01 -1.320972648166019170e-01
1.119186046511627952e-01 -1.148040845626724926e-01
1.122093023255813921e-01 -9.639001452080393773e-02
1.125000000000000028e-01 -7.708027855257507110e-02
1.127906976744185996e-01 -5.715266789920398632e-02
1.130813953488372103e-01 -3.693414799681286886e-02
1.133720930232558072e-01 -1.679007927284242169e-02
1.136627906976744179e-01 2.892966310108531156e-03
1.139534883720930147e-01 2.172872254963195693e-02
1.142441860465116255e-01 3.935430361189329318e-02
1.145348837209302362e-01 5.545187561974077028e-02
1.148255813953488330e-01 6.976624976597974037e-02
1.151162790697674437e-01 8.211638712412719365e-02
1.154069767441860406e-01 9.239976366720578649e-02
1.156976744186046513e-01 1.005895958388738770e-01
1.159883720930232481e-01 1.067258157163676335e-01
1.162790697674418589e-01 1.109013073623514589e-01
1.165697674418604696e-01 1.132453361011834941e-01
1.168604651162790664e-01 1.139063542692377723e-01
1.171511627906976771e-01 1.130363866598840250e-01
1.174418604651162740e-01 1.107789473990884871e-01
1.177325581395348847e-01 1.072619603610109884e-01
1.180232558139534815e-01 1.025964965976058768e-01
1.183139534883720922e-01 9.688134514809353115e-02
1.186046511627907030e-01 9.021258576513380145e-02
1.188953488372092998e-01 8.269654614490093425e-02
1.191860465116279105e-01 7.446390537116111263e-02
1.194767441860465074e-01 6.568237811307874041e-02
1.197674418604651181e-01 5.656551328761215414e-02
1.200581395348837149e-01 4.737568458983113656e-02
1.203488372093023256e-01 3.842019523299375350e-02
1.206395348837209225e-01 3.004038527186660493e-02
1.209302325581395332e-01 2.259462046075286917e-02
1.212209302325581439e-01 1.643697855980973122e-02
1.215116279069767408e-01 1.189418030708812128e-02
1.218023255813953515e-01 9.243687460377954940e-03
1.220930232558139483e-01 8.695856385630742688e-03
1.223837209302325590e-01 1.038257458515985839e-02
1.226744186046511559e-01 1.435387682718753180e-02
1.229651162790697666e-01 2.058272161067979319e-02
1.232558139534883634e-01 2.897674962123870240e-02
1.235465116279069742e-01 3.939483082905406719e-02
1.238372093023255849e-01 5.166567979302613689e-02
1.241279069767441817e-01 6.560572929448053869e-02
1.244186046511627924e-01 8.103375878636502605e-02
1.247093023255813893e-01 9.778043972284326812e-02
1.250000000000000000e-01 1.156918417129907395e-01
1.252906976744186107e-01 1.346286470605164987e-01
1.255813953488372214e-01 1.544575369613389870e-01
1.258720930232558044e-01 1.750373374466550058e-01
1.261627906976744151e-01 1.962070388956373423e-01
1.264534883720930258e-01 2.177732308471620470e-01
1.267441860465116366e-01 2.395004940603060184e-01
1.270348837209302195e-01 2.611065942273010920e-01
1.273255813953488302e-01 2.822637001563034764e-01
1.276162790697674410e-01 3.026060358415001428e-01
1.279069767441860517e-01 3.217435034949372996e-01
1.281976744186046624e-01 3.392800664430819513e-01
1.284883720930232454e-01 3.548351182348820076e-01
1.287790697674418561e-01 3.680656403139422328e-01
1.290697674418604668e-01 3.786866854118499659e-01
1.293604651162790775e-01 3.864877318216951574e-01
1.296511627906976605e-01 3.913428106912965609e-01
1.299418604651162712e-01 3.932130051802026904e-01
1.302325581395348819e-01 3.921409186307820982e-01
1.305232558139534926e-01 3.882379001946623109e-01
1.308139534883721034e-01 3.816659420893370736e-01
1.311046511627906863e-01 3.726169429306880887e-01
1.313953488372092970e-01 3.612923587168650474e-01
1.316860465116279078e-01 3.478861566846034870e-01
1.319767441860465185e-01 3.325734546977573980e-01
1.322674418604651014e-01 3.155063023741321859e-01
1.325581395348837122e-01 2.968168996182635189e-01
1.328488372093023229e-01 2.766273789604223321e-01
1.331395348837209336e-01 2.550642535907846065e-01
1.334302325581395443e-01 2.322748591810542551e-01
1.337209302325581273e-01 2.084427524026436496e-01
1.340116279069767380e-01 1.837992016212496027e-01
1.343023255813953487e-01 1.586285651463940627e-01
1.345930232558139594e-01 1.332663189384119262e-01
1.348837209302325424e-01 1.080896108207953094e-01
1.351744186046511531e-01 8.350134961195834760e-02
1.354651162790697638e-01 5.990979186901155412e-02
1.357558139534883745e-01 3.770616124905843553e-02
1.360465116279069853e-01 1.724295363615915497e-02
1.363372093023255682e-01 -1.184674972191382663e-03
1.366279069767441789e-01 -1.735254940106022159e-02
1.369186046511627897e-01 -3.111491629039780243e-02
1.372093023255814004e-01 -4.240516884371302309e-02
1.375000000000000111e-01 -5.123003127604961598e-02
1.377906976744185941e-01 -5.765805225068269119e-02
1.380813953488372048e-01 -6.180392669719660115e-02
1.383720930232558155e-01 -6.381075302836715368e-02
1.386627906976744262e-01 -6.383268820062579230e-02
1.389534883720930092e-01 -6.202047516387692444e-02
1.392441860465116199e-01 -5.851193962073811261e-02
1.395348837209302306e-01 -5.342878338181844544e-02
1.398255813953488413e-01 -4.687993925971731951e-02
1.401162790697674521e-01 -3.897063905806230633e-02
1.404069767441860350e-01 -2.981543053967809428e-02
1.406976744186046457e-01 -1.955276228103634481e-02
1.409883720930232565e-01 -8.358445823491501489e-03
1.412790697674418672e-01 3.544649441600477083e-03
1.415697674418604501e-01 1.588284829074421492e-02
1.418604651162790609e-01 2.833519909328940586e-02
1.421511627906976716e-01 4.054451529913349200e-02
1.424418604651162823e-01 5.213497217503661185e-02
1.427325581395348930e-01 6.273418138001186917e-02
1.430232558139534760e-01 7.199685476120383509e-02
1.433139534883720867e-01 7.962688484423459390e-02
1.436046511627906974e-01 8.539495510764739949e-02
1.438953488372093081e-01 8.914953029184208289e-02
1.441860465116279189e-01 9.082011037582728152e-02
1.444767441860465018e-01 9.041278971205342352e-02
1.447674418604651125e-01 8.799921757093381869e-02
1.450581395348837233e-01 8.370081718286691286e-02
1.453488372093023340e-01 7.767056135504703251e-02
1.456395348837209169e-01 7.007478485551385528e-02
1.459302325581395277e-01 6.107742904981609822e-02
1.462209302325581384e-01 5.082871167711028315e-02
1.465116279069767491e-01 3.945952264741257182e-02
1.468023255813953598e-01 2.708198779326193711e-02
1.470930232558139428e-01 1.379575448224262292e-02
1.473837209302325535e-01 -3.012467106685221539e-04
1.476744186046511642e-01 -1.509941337510275518e-02
1.479651162790697749e-01 -3.046364510284451516e-02
1.482558139534883579e-01 -4.622135211401720567e-02
1.485465116279069686e-01 -6.215441657795194724e-02
1.488372093023255793e-01 -7.799681020025182876e-02
1.491279069767441900e-01 -9.343889003186527098e-02
1.494186046511628008e-01 -1.081385297345657803e-01
1.497093023255813837e-01 -1.217383108392685043e-01
1.499999999999999944e-01 -1.338870661301867770e-01
1.502906976744186052e-01 -1.442632447673080354e-01
1.505813953488372159e-01 -1.525970803614892235e-01
1.508720930232557988e-01 -1.586885831838953931e-01
1.511627906976744096e-01 -1.624189469798131003e-01
1.514534883720930203e-01 -1.637539145819239816e-01
1.517441860465116310e-01 -1.627388322413161614e-01
1.520348837209302417e-01 -1.594863813717813661e-01
1.523255813953488247e-01 -1.541590740588070219e-01
1.526162790697674354e-01 -1.469493063646949149e-01
1.529069767441860461e-01 -1.380599903423939123e-01
1.531976744186046568e-01 -1.276885521780020682e-01
1.534883720930232398e-01 -1.160164388652081824e-01
1.537790697674418505e-01 -1.032053143955439373e-01
1.540697674418604612e-01 -8.940002741457106494e-02
1.543604651162790720e-01 -7.473738877177096840e-02
1.546511627906976827e-01 -5.935891871573392015e-02
1.549418604651162656e-01 -4.342508798443119045e-02
1.552325581395348764e-01 -2.712833126250704247e-02
1.555232558139534871e-01 -1.070236783003513693e-02
1.558139534883720978e-01 5.573961205748202870e-03
1.561046511627907085e-01 2.137925031399377090e-02
1.563953488372092915e-01 3.635847232033253412e-02
1.566860465116279022e-01 5.013744005255208608e-02
1.569767441860465129e-01 6.234125906189552646e-02
1.572674418604651236e-01 7.261486863409125081e-02
1.575581395348837066e-01 8.064360725627761628e-02
1.578488372093023173e-01 8.617167047292118021e-02
1.581395348837209280e-01 8.901638377206322339e-02
1.584302325581395388e-01 8.907653944382132316e-02
1.587209302325581495e-01 8.633371243790843863e-02
1.590116279069767324e-01 8.084638007836046636e-02
1.593023255813953432e-01 7.273766178531071436e-02
1.595930232558139539e-01 6.217842259412046518e-02
1.598837209302325646e-01 4.936819286695361131e-02
1.601744186046511476e-01 3.451668860937234101e-02
1.604651162790697583e-01 1.782859081885088820e-02
1.607558139534883690e-01 -5.063171417745608929e-04
1.610465116279069797e-01 -2.031644161990402847e-02
1.613372093023255904e-01 -4.144494229005828145e-02
1.616279069767441734e-01 -6.374045829182595213e-02
1.619186046511627841e-01 -8.704379574244434925e-02
1.622093023255813948e-01 -1.111730667423462826e-01
1.625000000000000056e-01 -1.359101559840354412e-01
1.627906976744186163e-01 -1.609913202204048266e-01
1.630813953488371992e-01 -1.861041076233070080e-01
1.633720930232558100e-01 -2.108917373101299453e-01
1.636627906976744207e-01 -2.349648660415651902e-01
1.639534883720930314e-01 -2.579195036940959973e-01
1.642441860465116144e-01 -2.793588673972419723e-01
1.645348837209302251e-01 -2.989163751449002149e-01
1.648255813953488358e-01 -3.162769236005372187e-01
1.651162790697674465e-01 -3.311939980334860367e-01
1.654069767441860572e-01 -3.435008055422331119e-01
1.656976744186046402e-01 -3.531143682248485960e-01
1.659883720930232509e-01 -3.600323384658500325e-01
1.662790697674418616e-01 -3.643231668403764112e-01
1.665697674418604723e-01 -3.661110513199119509e-01
1.668604651162790553e-01 -3.655577057718850664e-01
1.671511627906976660e-01 -3.628433357367292778e-01
1.674418604651162767e-01 -3.581492522876736362e-01
1.677325581395348875e-01 -3.516442759457577560e-01
1.680232558139534982e-01 -3.434765390977469468e-01
1.683139534883720811e-01 -3.337715677867924557e-01
1.686046511627906919e-01 -3.226366567928445894e-01
1.688953488372093026e-01 -3.101706071871072612e-01
1.691860465116279133e-01 -2.964770263484478585e-01
1.694767441860464963e-01 -2.816787823821854109e-01
1.697674418604651070e-01 -2.659309594459998705e-01
1.700581395348837177e-01 -2.494297982617610931e-01
1.703488372093023284e-01 -2.324156278306848122e-01
1.706395348837209391e-01 -2.151686561887963811e-01
1.709302325581395221e-01 -1.979975584612258810e-01
1.712209302325581328e-01 -1.812219064556113701e-01
1.715116279069767435e-01 -1.651504751454633824e-01
1.718023255813953543e-01 -1.500581878604352881e-01
1.720930232558139372e-01 -1.361647605050185783e-01
1.723837209302325479e-01 -1.236179044884145317e-01
1.726744186046511587e-01 -1.124833248137694225e-01
1.729651162790697694e-01 -1.027428225392873068e-01
1.732558139534883801e-01 -9.430068668776986351e-02
1.735465116279069631e-01 -8.699740277882239692e-02
1.738372093023255738e-01 -8.062872832065731687e-02
1.741279069767441845e-01 -7.496754076139806877e-02
1.744186046511627952e-01 -6.978558302775883515e-02
1.747093023255814059e-01 -6.487232230515599385e-02
1.749999999999999889e-01 -6.004863726991564732e-02
1.752906976744185996e-01 -5.517391257940178900e-02
1.755813953488372103e-01 -5.014615043614162326e-02
1.758720930232558211e-01 -4.489569770216035594e-02
1.761627906976744040e-01 -3.937403797713247972e-02
1.764534883720930147e-01 -3.353976316972338140e-02
1.767441860465116255e-01 -2.734421295769528387e-02
1.770348837209302362e-01 -2.071925820126407219e-02
1.773255813953488469e-01 -1.356934486762193318e-02
1.776162790697674299e-01 -5.769324381612791000e-03
1.779069767441860406e-01 2.831163376646491162e-03
1.781976744186046513e-01 1.239688699091481654e-02
1.784883720930232620e-01 2.309088362573250355e-02
1.787790697674418450e-01 3.505493614946838393e-02
1.790697674418604557e-01 4.838928211399465273e-02
1.793604651162790664e-01 6.313447772326231944e-02
1.796511627906976771e-01 7.925815982382800051e-02
1.799418604651162878e-01 9.664877888296004305e-02
1.802325581395348708e-01 1.151173840335493193e-01
1.805232558139534815e-01 1.344074196866120174e-01
1.808139534883720922e-01 1.542113718870994632e-01
1.811046511627907030e-01 1.741921320011963759e-01
1.813953488372093137e-01 1.940063194615865294e-01
1.816860465116278966e-01 2.133266289303831220e-01
1.819767441860465074e-01 2.318604954135385088e-01
1.822674418604651181e-01 2.493629276999352329e-01
1.825581395348837288e-01 2.656422164571941580e-01
1.828488372093023118e-01 2.805583022772554225e-01
1.831395348837209225e-01 2.940146982588306424e-01
1.834302325581395332e-01 3.059457907123202536e-01
1.837209302325581439e-01 3.163019715820289401e-01
1.840116279069767546e-01 3.250353178610604354e-01
1.843023255813953376e-01 3.320883510716181597e-01
1.845930232558139483e-01 3.373877992524417224e-01
1.848837209302325590e-01 3.408444229898492939e-01
1.851744186046511698e-01 3.423590587742729729e-01
1.854651162790697527e-01 3.418341603136402229e-01
1.857558139534883634e-01 3.391893101757629814e-01
1.860465116279069742e-01 3.343785320135871375e-01
1.863372093023255849e-01 3.274068975364660683e-01
1.866279069767441956e-01 3.183439503553623928e-01
1.869186046511627786e-01 3.073318322176006867e-01
1.872093023255813893e-01 2.945866514127011837e-01
1.875000000000000000e-01 2.803925082407346947e-01
1.877906976744186107e-01 2.650885491442362407e-01
1.880813953488371937e-01 2.490503065116745907e-01
1.883720930232558044e-01 2.326673173640491366e-01
1.886627906976744151e-01 2.163195584041935349e-01
1.889534883720930258e-01 2.003554876892329750e-01
1.892441860465116366e-01 1.850743365868022516e-01
1.895348837209302195e-01 1.707147426645256039e-01
1.898255813953488302e-01 1.574509422818584359e-01
1.901162790697674410e-01 1.453966716404619386e-01
1.904069767441860517e-01 1.346158070435930221e-01
1.906976744186046346e-01 1.251377961039530917e-01
1.909883720930232454e-01 1.169752559363149841e-01
1.912790697674418561e-01 1.101408275554033867e-01
1.915697674418604668e-01 1.046605242471452119e-01
1.918604651162790775e-01 1.005814159685386455e-01
1.921511627906976605e-01 9.797245182828387411e-02
1.924418604651162712e-01 9.691831205558351647e-02
1.927325581395348819e-01 9.750720805441774608e-02
1.930232558139534926e-01 9.981445153796156267e-02
1.933139534883721034e-01 1.038843341196947073e-01
1.936046511627906863e-01 1.097132204075887407e-01
1.938953488372092970e-01 1.172365965001049282e-01
1.941860465116279078e-01 1.263221804194719633e-01
1.944767441860465185e-01 1.367702893500755412e-01
1.947674418604651014e-01 1.483216276090718877e-01
1.950581395348837122e-01 1.606716166717097050e-01
1.953488372093023229e-01 1.734894907837565281e-01
1.956395348837209336e-01 1.864397909702247003e-01
1.959302325581395443e-01 1.992036477281927398e-01
1.962209302325581273e-01 2.114973055433612137e-01
1.965116279069767380e-01 2.230857099393036003e-01
1.968023255813953487e-01 2.337896548202887392e-01
1.970930232558139594e-01 2.434858842314744365e-01
1.973837209302325424e-01 2.521005026474000266e-01
1.976744186046511531e-01 2.595969276108062163e-01
1.979651162790697638e-01 2.659603125035091553e-01
1.982558139534883745e-01 2.711808057418476636e-01
1.985465116279069853e-01 2.752381566564039428e-01
1.988372093023255682e-01 2.780900107153592704e-01
1.991279069767441789e-01 2.796657450193583694e-01
1.994186046511627897e-01 2.798668936961754561e-01
1.997093023255814004e-01 2.785742069154468759e-01
2.000000000000000111e-01 2.756603612695726624e-01
2.002906976744185941e-01 2.710064609375849032e-01
2.005813953488372048e-01 2.645198414295982792e-01
2.008720930232558155e-01 2.561504057333126028e-01
2.011627906976744262e-01 2.459028943665710620e-01
2.014534883720930092e-01 2.338431157453834675e-01
2.017441860465116199e-01 2.200970695901320051e-01
2.020348837209302306e-01 2.048428935299186349e-01
2.023255813953488413e-01 1.882965639928255719e-01
2.026162790697674521e-01 1.706932084181943532e-01
2.029069767441860350e-01 1.522665690879378697e-01
2.031976744186046457e-01 1.332294311462499936e-01
2.034883720930232565e-01 1.137576559954082134e-01
2.037790697674418672e-01 9.397992227177603963e-02
2.040697674418604501e-01 7.397445245018534343e-02
2.043604651162790609e-01 5.377299574623050499e-02
2.046511627906976716e-01 3.337131425055972489e-02
2.049418604651162823e-01 1.274454342904890285e-02
2.052325581395348930e-01 -8.134846122823122597e-03
2.055232558139534760e-01 -2.927911771182042586e-02
2.058139534883720867e-01 -5.066998673674467241e-02
2.061046511627906974e-01 -7.224818132155855221e-02
2.063953488372093081e-01 -9.390929123843276549e-02
2.066860465116278911e-01 -1.155064242385065165e-01
2.069767441860465018e-01 -1.368592146326556569e-01
2.072674418604651125e-01 -1.577678507869571534e-01
2.075581395348837233e-01 -1.780301412051833176e-01
2.078488372093023340e-01 -1.974592835754545028e-01
2.081395348837209169e-01 -2.158999151646334436e-01
2.084302325581395277e-01 -2.332401780390888635e-01
2.087209302325581384e-01 -2.494179669574515257e-01
2.090116279069767491e-01 -2.644202879890620306e-01
2.093023255813953321e-01 -2.782756809580276269e-01
2.095930232558139428e-01 -2.910407728088355572e-01
2.098837209302325535e-01 -3.027830140537602355e-01
2.101744186046511642e-01 -3.135622985390310036e-01
2.104651162790697749e-01 -3.234143272576228689e-01
2.107558139534883579e-01 -3.323382384307752568e-01
2.110465116279069686e-01 -3.402903332493034672e-01
2.113372093023255793e-01 -3.471848442249892419e-01
2.116279069767441900e-01 -3.529017058681226393e-01
2.119186046511628008e-01 -3.573002916048408362e-01
2.122093023255813837e-01 -3.602372496305059624e-01
2.124999999999999944e-01 -3.615860374922506004e-01
2.127906976744186052e-01 -3.612555283081765878e-01
2.130813953488372159e-01 -3.592051293473541018e-01
2.133720930232557988e-01 -3.554542772752353752e-01
2.136627906976744096e-01 -3.500849580767657621e-01
2.139534883720930203e-01 -3.432368814526569611e-01
2.142441860465116310e-01 -3.350959309283558230e-01
2.145348837209302417e-01 -3.258774260058980299e-01
2.148255813953488247e-01 -3.158064972718600538e-01
2.151162790697674354e-01 -3.050983363993920450e-01
2.154069767441860461e-01 -2.939410974793279507e-01
2.156976744186046568e-01 -2.824837912130140904e-01
2.159883720930232398e-01 -2.708307449625357299e-01
2.162790697674418505e-01 -2.590432263844668070e-01
2.165697674418604612e-01 -2.471477719002892759e-01
2.168604651162790720e-01 -2.351497846470958497e-01
2.171511627906976827e-01 -2.230502265646360505e-01
2.174418604651162656e-01 -2.108628170443569427e-01
2.177325581395348764e-01 -1.986291018365565764e-01
2.180232558139534871e-01 -1.864290822587025276e-01
2.183139534883720978e-01 -1.743857463915241546e-01
2.186046511627907085e-01 -1.626626905675556123e-01
2.188953488372092915e-01 -1.514549473712813177e-01
2.191860465116279022e-01 -1.409740891368765348e-01
2.194767441860465129e-01 -1.314295463481025827e-01
2.197674418604651236e-01 -1.230086889352011437e-01
2.200581395348837066e-01 -1.158584413761095805e-01
2.203488372093023173e-01 -1.100710225608608761e-01
2.206395348837209280e-01 -1.056758380376542766e-01
2.209302325581395388e-01 -1.026386471958550539e-01
2.212209302325581495e-01 -1.008680279150969833e-01
2.215116279069767324e-01 -1.002281185852152701e-01
2.218023255813953432e-01 -1.005558202718319777e-01
2.220930232558139539e-01 -1.016801023031676104e-01
2.223837209302325646e-01 -1.034407519575936130e-01
2.226744186046511476e-01 -1.057039478010735750e-01
2.229651162790697583e-01 -1.083725170811692951e-01
2.232558139534883690e-01 -1.113895633939854107e-01
2.235465116279069797e-01 -1.147351218484972957e-01
2.238372093023255904e-01 -1.184164918647269138e-01
2.241279069767441734e-01 -1.224538197548251384e-01
2.244186046511627841e-01 -1.268632058371699234e-01
2.247093023255813948e-01 -1.316399705389147412e-01
2.250000000000000056e-01 -1.367447092271471820e-01
2.252906976744185885e-01 -1.420944106635276261e-01
2.255813953488371992e-01 -1.475602061316304559e-01
2.258720930232558100e-01 -1.529723146572708747e-01
2.261627906976744207e-01 -1.581316328010411443e-01
2.264534883720930314e-01 -1.628263983493321021e-01
2.267441860465116144e-01 -1.668515940166430678e-01
2.270348837209302251e-01 -1.700283633809669126e-01
2.273255813953488358e-01 -1.722207623077803840e-01
2.276162790697674465e-01 -1.733476377615461028e-01
2.279069767441860295e-01 -1.733881619864974521e-01
2.281976744186046402e-01 -1.723803894469695119e-01
2.284883720930232509e-01 -1.704130694905028887e-01
2.287790697674418616e-01 -1.676118062998033231e-01
2.290697674418604723e-01 -1.641214270196438008e-01
2.293604651162790553e-01 -1.600869743713897175e-01
2.296511627906976660e-01 -1.556359842747500333e-01
2.299418604651162767e-01 -1.508645730352918546e-01
2.302325581395348875e-01 -1.458292879709681689e-01
2.305232558139534982e-01 -1.405457288002066873e-01
2.308139534883720811e-01 -1.349938603619934840e-01
2.311046511627906919e-01 -1.291289685381873109e-01
2.313953488372093026e-01 -1.228964721452676101e-01
2.316860465116279133e-01 -1.162483142948822351e-01
2.319767441860464963e-01 -1.091584686002603360e-01
2.322674418604651070e-01 -1.016352499063728487e-01
2.325581395348837177e-01 -9.372856104966230395e-02
2.328488372093023284e-01 -8.553085489273379305e-02
2.331395348837209391e-01 -7.717142629984324875e-02
2.334302325581395221e-01 -6.880462927993032107e-02
2.337209302325581328e-01 -6.059356604406795216e-02
2.340116279069767435e-01 -5.269150362691104456e-02
2.343023255813953543e-01 -4.522363935719925926e-02
2.345930232558139372e-01 -3.827184955787739373e-02
2.348837209302325479e-01 -3.186469955238870055e-02
2.351744186046511587e-01 -2.597427549789927195e-02
2.354651162790697694e-01 -2.052042825393715977e-02
2.357558139534883801e-01 -1.538195723956629381e-02
2.360465116279069631e-01 -1.041324273903140862e-02
2.363372093023255738e-01 -5.463988087248372073e-03
2.366279069767441845e-01 -3.992289705545291130e-04
2.369186046511627952e-01 4.883249713544637535e-03
2.372093023255814059e-01 1.044049082947737760e-02
2.374999999999999889e-01 1.627855945957571229e-02
2.377906976744185996e-01 2.235402837174772436e-02
2.380813953488372103e-01 2.858240711098836151e-02
2.383720930232558211e-01 3.485220455318156774e-02
2.386627906976744040e-01 4.104254686595235763e-02
2.389534883720930147e-01 4.704178195982954697e-02
2.392441860465116255e-01 5.276434642397480335e-02
2.395348837209302362e-01 5.816341383264418685e-02
2.398255813953488469e-01 6.323746787229755917e-02
2.401162790697674299e-01 6.802981868798434195e-02
2.404069767441860406e-01 7.262107817815914579e-02
2.406976744186046513e-01 7.711564845127488743e-02
2.409883720930232620e-01 8.162419757333087833e-02
2.412790697674418450e-01 8.624467191776351294e-02
2.415697674418604557e-01 9.104453756656619157e-02
2.418604651162790664e-01 9.604674770986124099e-02
2.421511627906976771e-01 1.012214739442699185e-01
2.424418604651162878e-01 1.064848853287458375e-01
2.427325581395348708e-01 1.117052457111006453e-01
2.430232558139534815e-01 1.167155384871749746e-01
2.433139534883720922e-01 1.213309379358106926e-01
2.436046511627907030e-01 1.253688026482247253e-01
2.438953488372092859e-01 1.286684906694683383e-01
2.441860465116278966e-01 1.311082710337432566e-01
2.444767441860465074e-01 1.326169975578080085e-01
2.447674418604651181e-01 1.331789454567823827e-01
2.450581395348837288e-01 1.328311512513612458e-01
2.453488372093023118e-01 1.316536560100012576e-01
2.456395348837209225e-01 1.297541349459120086e-01
2.459302325581395332e-01 1.272493065713919957e-01
2.462209302325581439e-01 1.242460328864764957e-01
2.465116279069767269e-01 1.208250353379487496e-01
2.468023255813953376e-01 1.170296806163616671e-01
2.470930232558139483e-01 1.128614390188630023e-01
2.473837209302325590e-01 1.082825478638062416e-01
2.476744186046511698e-01 1.032253338384998553e-01
2.479651162790697527e-01 9.760673567531420736e-02
2.482558139534883634e-01 9.134589895724533337e-02
2.485465116279069742e-01 8.438232607554825571e-02
2.488372093023255849e-01 7.669200430384483236e-02
2.491279069767441956e-01 6.829921395338091339e-02
2.494186046511627786e-01 5.928227464296446231e-02
2.497093023255813893e-01 4.977225381421526706e-02
2.500000000000000000e-01 3.994461281785690460e-02
2.502906976744185830e-01 3.000480929292890023e-02
2.505813953488372214e-01 2.016978007240730758e-02
2.508720930232558044e-01 1.064779546087178501e-02
2.511627906976744429e-01 1.619367691515578118e-03
2.514534883720930258e-01 -6.778260779785328684e-03
2.517441860465116088e-01 -1.446102995097121695e-02
2.520348837209302473e-01 -2.140114675653229104e-02
2.523255813953488302e-01 -2.762302284049218681e-02
2.526162790697674132e-01 -3.319265969745774369e-02
2.529069767441860517e-01 -3.820196336931296066e-02
2.531976744186046346e-01 -4.275024875917145945e-02
2.534883720930232731e-01 -4.692565731013807750e-02
2.537790697674418561e-01 -5.078921362134309475e-02
2.540697674418604390e-01 -5.436383410386779608e-02
2.543604651162790775e-01 -5.762990112628833816e-02
2.546511627906976605e-01 -6.052808039755971231e-02
2.549418604651162990e-01 -6.296895667326223023e-02
2.552325581395348819e-01 -6.484800607967287911e-02
2.555232558139534649e-01 -6.606362683685604309e-02
2.558139534883721034e-01 -6.653548736561441801e-02
2.561046511627906863e-01 -6.622035611477820882e-02
2.563953488372093248e-01 -6.512292396012792084e-02
2.566860465116279078e-01 -6.329991652992146556e-02
2.569767441860464907e-01 -6.085685973105465357e-02
2.572674418604651292e-01 -5.793798213971670941e-02
2.575581395348837122e-01 -5.471074885239934210e-02
2.578488372093022951e-01 -5.134729885064493599e-02
2.581395348837209336e-01 -4.800546800224316651e-02
2.584302325581395166e-01 -4.481205893747429447e-02
2.587209302325581550e-01 -4.185063267028823336e-02
2.590116279069767380e-01 -3.915544198420872063e-02
2.593023255813953210e-01 -3.671225878669663600e-02
2.595930232558139594e-01 -3.446586149111659919e-02
2.598837209302325424e-01 -3.233302193743461950e-02
2.601744186046511809e-01 -3.021910666688910549e-02
2.604651162790697638e-01 -2.803592715263224580e-02
2.607558139534883468e-01 -2.571828791488455987e-02
2.610465116279069853e-01 -2.323687705278917881e-02
2.613372093023255682e-01 -2.060570423055874470e-02
2.616279069767442067e-01 -1.788306031629769907e-02
2.619186046511627897e-01 -1.516581658122194420e-02
2.622093023255813726e-01 -1.257776917033754174e-02
2.625000000000000111e-01 -1.025360425268494191e-02
2.627906976744185941e-01 -8.320730950721907590e-03
2.630813953488372325e-01 -6.881545400957870401e-03
2.633720930232558155e-01 -5.998646462961628074e-03
2.636627906976743985e-01 -5.685181188508562147e-03
2.639534883720930369e-01 -5.901850868362487970e-03
2.642441860465116199e-01 -6.561165693272971028e-03
2.645348837209302029e-01 -7.538452933213003575e-03
2.648255813953488413e-01 -8.688119076845616032e-03
2.651162790697674243e-01 -9.862878287156446461e-03
2.654069767441860628e-01 -1.093316736606286463e-02
2.656976744186046457e-01 -1.180386123044659119e-02
2.659883720930232287e-01 -1.242575075307779386e-02
2.662790697674418672e-01 -1.280002602789891142e-02
2.665697674418604501e-01 -1.297509787603513473e-02
2.668604651162790886e-01 -1.303629617257240879e-02
2.671511627906976716e-01 -1.309008195844068266e-02
2.674418604651162545e-01 -1.324519134554965130e-02
2.677325581395348930e-01 -1.359348243288962393e-02
2.680232558139534760e-01 -1.419320018595354553e-02
2.683139534883721145e-01 -1.505696832831345498e-02
2.686046511627906974e-01 -1.614611259591719125e-02
2.688953488372092804e-01 -1.737201871970446912e-02
2.691860465116279189e-01 -1.860429075704855134e-02
2.694767441860465018e-01 -1.968461094619308044e-02
2.697674418604650848e-01 -2.044445519192200286e-02
2.700581395348837233e-01 -2.072428398558926257e-02
2.703488372093023062e-01 -2.039165265849658681e-02
2.706395348837209447e-01 -1.935589862603203856e-02
2.709302325581395277e-01 -1.757754886075928516e-02
2.712209302325581106e-01 -1.507125300719823480e-02
2.715116279069767491e-01 -1.190188465317662189e-02
2.718023255813953321e-01 -8.174402683015509485e-03
2.720930232558139705e-01 -4.018929918044468648e-03
2.723837209302325535e-01 4.268717764111629545e-04
2.726744186046511365e-01 5.035686519486696003e-03
2.729651162790697749e-01 9.706147819173166838e-03
2.732558139534883579e-01 1.437387721377774916e-02
2.735465116279069964e-01 1.901632155349945036e-02
2.738372093023255793e-01 2.365065799263777607e-02
2.741279069767441623e-01 2.832503722306124738e-02
2.744186046511628008e-01 3.310443598261141041e-02
2.747093023255813837e-01 3.805327412737345011e-02
2.750000000000000222e-01 4.321753055122303649e-02
2.752906976744186052e-01 4.860921721436825549e-02
2.755813953488371881e-01 5.419573563035851721e-02
2.758720930232558266e-01 5.989591988649530657e-02
2.761627906976744096e-01 6.558353327978626301e-02
2.764534883720929925e-01 7.109776244363859299e-02
2.767441860465116310e-01 7.625910122527640445e-02
2.770348837209302140e-01 8.088819245158289373e-02
2.773255813953488524e-01 8.482482269373912975e-02
2.776162790697674354e-01 8.794436754685820701e-02
2.779069767441860184e-01 9.016951638562686888e-02
2.781976744186046568e-01 9.147591506778113279e-02
2.784883720930232398e-01 9.189124845524523910e-02
2.787790697674418783e-01 9.148811227162034765e-02
2.790697674418604612e-01 9.037177082743490242e-02
2.793604651162790442e-01 8.866453778797647733e-02
2.796511627906976827e-01 8.648896093548201491e-02
2.799418604651162656e-01 8.395214921308707945e-02
2.802325581395349041e-01 8.113341924530471927e-02
2.805232558139534871e-01 7.807696490120079325e-02
2.808139534883720700e-01 7.479051671093608911e-02
2.811046511627907085e-01 7.125009580274960230e-02
2.813953488372092915e-01 6.741015860755447675e-02
2.816860465116279300e-01 6.321775536425672248e-02
2.819767441860465129e-01 5.862876028363465941e-02
2.822674418604650959e-01 5.362380759585706064e-02
2.825581395348837344e-01 4.822144549950532766e-02
2.828488372093023173e-01 4.248631543845259040e-02
2.831395348837209003e-01 3.653081922447919822e-02
2.834302325581395388e-01 3.050962579681639614e-02
2.837209302325581217e-01 2.460741629261698968e-02
2.840116279069767602e-01 1.902135448722940686e-02
2.843023255813953432e-01 1.394066580239203788e-02
2.845930232558139261e-01 9.526203060036297562e-03
2.848837209302325646e-01 5.892924180660030244e-03
2.851744186046511476e-01 3.097845355264459023e-03
2.854651162790697860e-01 1.135288209750834245e-03
2.857558139534883690e-01 -5.982317720753867494e-05
2.860465116279069520e-01 -6.010696805193049439e-04
2.863372093023255904e-01 -6.336503428263928501e-04
2.866279069767441734e-01 -3.140042138135155014e-04
2.869186046511628119e-01 2.110637040535531372e-04
2.872093023255813948e-01 8.227779646615897714e-04
2.874999999999999778e-01 1.443839384459380277e-03
2.877906976744186163e-01 2.045296851588001338e-03
2.880813953488371992e-01 2.646231967904803372e-03
2.883720930232558377e-01 3.306668738757214711e-03
2.886627906976744207e-01 4.115006317795650952e-03
2.889534883720930036e-01 5.171905854144485254e-03
2.892441860465116421e-01 6.572915411642128725e-03
2.895348837209302251e-01 8.392218525057327377e-03
2.898255813953488080e-01 1.066973441098958107e-02
2.901162790697674465e-01 1.340335169332158329e-02
2.904069767441860295e-01 1.654738511970828621e-02
2.906976744186046679e-01 2.001752026323050035e-02
2.909883720930232509e-01 2.370165687348481376e-02
2.912790697674418339e-01 2.747524814298151971e-02
2.915697674418604723e-01 3.121906710892407080e-02
2.918604651162790553e-01 3.483694567839543815e-02
2.921511627906976938e-01 3.827097762299494499e-02
2.924418604651162767e-01 4.151192885282346812e-02
2.927325581395348597e-01 4.460316265938649161e-02
2.930232558139534982e-01 4.763727952847408159e-02
2.933139534883720811e-01 5.074577804038302858e-02
2.936046511627907196e-01 5.408311525977332196e-02
2.938953488372093026e-01 5.780736673283645710e-02
2.941860465116278855e-01 6.206018588711512823e-02
2.944767441860465240e-01 6.694891124222016043e-02
2.947674418604651070e-01 7.253340758353819806e-02
2.950581395348836899e-01 7.881955469519630331e-02
2.953488372093023284e-01 8.576032028356703196e-02
2.956395348837209114e-01 9.326420279408362268e-02
2.959302325581395499e-01 1.012096370244980753e-01
2.962209302325581328e-01 1.094629341362510638e-01
2.965116279069767158e-01 1.178967507208016768e-01
2.968023255813953543e-01 1.264061021473264768e-01
2.970930232558139372e-01 1.349194985627808208e-01
2.973837209302325757e-01 1.434037172057110177e-01
2.976744186046511587e-01 1.518618241038316719e-01
2.979651162790697416e-01 1.603250881920298132e-01
2.982558139534883801e-01 1.688402048370963027e-01
2.985465116279069631e-01 1.774537333405050432e-01
2.988372093023256015e-01 1.861959392562689275e-01
2.991279069767441845e-01 1.950663332249176485e-01
2.994186046511627675e-01 2.040230210499944519e-01
2.997093023255814059e-01 2.129774888869515881e-01
2.999999999999999889e-01 2.217957350435942332e-01
3.002906976744186274e-01 2.303058427838869937e-01
3.005813953488372103e-01 2.383112443609106956e-01
3.008720930232557933e-01 2.456081466337636798e-01
3.011627906976744318e-01 2.520049976290395510e-01
3.014534883720930147e-01 2.573415504192887449e-01
3.017441860465115977e-01 2.615050348640849953e-01
3.020348837209302362e-01 2.644411976532123343e-01
3.023255813953488191e-01 2.661585524840455741e-01
3.026162790697674576e-01 2.667250546897850794e-01
3.029069767441860406e-01 2.662574432316860418e-01
3.031976744186046235e-01 2.649045442790536331e-01
3.034883720930232620e-01 2.628268047790543460e-01
3.037790697674418450e-01 2.601750474629033749e-01
3.040697674418604834e-01 2.570716546702324634e-01
3.043604651162790664e-01 2.535969782196414446e-01
3.046511627906976494e-01 2.497828813591397856e-01
3.049418604651162878e-01 2.456141904811226795e-01
3.052325581395348708e-01 2.410376362093903102e-01
3.055232558139535093e-01 2.359767223329135577e-01
3.058139534883720922e-01 2.303500479380481136e-01
3.061046511627906752e-01 2.240900974289152525e-01
3.063953488372093137e-01 2.171594929540821839e-01
3.066860465116278966e-01 2.095621671825662891e-01
3.069767441860464796e-01 2.013477859356652688e-01
3.072674418604651181e-01 1.926088705993544981e-01
3.075581395348837010e-01 1.834712181630804018e-01
3.078488372093023395e-01 1.740792058231082073e-01
3.081395348837209225e-01 1.645782801926843342e-01
3.084302325581395054e-01 1.550972580856441463e-01
3.087209302325581439e-01 1.457329305118121865e-01
3.090116279069767269e-01 1.365389519926694939e-01
3.093023255813953654e-01 1.275203294385946484e-01
3.095930232558139483e-01 1.186341294813757635e-01
3.098837209302325313e-01 1.097963013429716223e-01
3.101744186046511698e-01 1.008937988390552903e-01
3.104651162790697527e-01 9.180058794982359771e-02
3.107558139534883912e-01 8.239569441620786527e-02
3.110465116279069742e-01 7.258115311982381301e-02
3.113372093023255571e-01 6.229760209816347788e-02
3.116279069767441956e-01 5.153542801043794336e-02
3.119186046511627786e-01 4.033985816510107791e-02
3.122093023255814170e-01 2.880914255135078733e-02
3.125000000000000000e-01 1.708590574973670867e-02
3.127906976744185830e-01 5.342789784020363086e-03
3.130813953488372214e-01 -6.235540936266067633e-03
3.133720930232558044e-01 -1.747135698927684486e-02
3.136627906976743874e-01 -2.821097389404269781e-02
3.139534883720930258e-01 -3.833749659219909400e-02
3.142441860465116088e-01 -4.777732107517691784e-02
3.145348837209302473e-01 -5.649945284052987349e-02
3.148255813953488302e-01 -6.450782363914243922e-02
3.151162790697674132e-01 -7.182790428225314938e-02
3.154069767441860517e-01 -7.848985062147531555e-02
3.156976744186046346e-01 -8.451106130129641680e-02
3.159883720930232731e-01 -8.988122797161682276e-02
3.162790697674418561e-01 -9.455257741168135444e-02
3.165697674418604390e-01 -9.843705116099242536e-02
3.168604651162790775e-01 -1.014108877339238018e-01
3.171511627906976605e-01 -1.033258161677947790e-01
3.174418604651162990e-01 -1.040251010996518233e-01
3.177325581395348819e-01 -1.033621138527302946e-01
3.180232558139534649e-01 -1.012189469700870842e-01
3.183139534883721034e-01 -9.752276359304659636e-02
3.186046511627906863e-01 -9.225796300456623467e-02
3.188953488372093248e-01 -8.547277739595703083e-02
3.191860465116279078e-01 -7.727956019753756678e-02
3.194767441860464907e-01 -6.784872921533073586e-02
3.197674418604651292e-01 -5.739703282981620941e-02
3.200581395348837122e-01 -4.617149567760187728e-02
3.203488372093022951e-01 -3.443101265502881286e-02
3.206395348837209336e-01 -2.242792898879617317e-02
3.209302325581395166e-01 -1.039191762627945242e-02
3.212209302325581550e-01 1.481917707705814220e-03
3.215116279069767380e-01 1.303935426790627135e-02
3.218023255813953210e-01 2.416708198012059230e-02
3.220930232558139594e-01 3.478654799049702567e-02
3.223837209302325424e-01 4.484259983690727647e-02
3.226744186046511809e-01 5.428876225976436015e-02
3.229651162790697638e-01 6.307160898752986466e-02
3.232558139534883468e-01 7.111698302695478036e-02
3.235465116279069853e-01 7.832070782224505312e-02
3.238372093023255682e-01 8.454585576198576924e-02
3.241279069767442067e-01 8.962761422124615462e-02
3.244186046511627897e-01 9.338548202385434094e-02
3.247093023255813726e-01 9.564122117620024732e-02
3.250000000000000111e-01 9.623994641391420135e-02
3.252906976744185941e-01 9.507115000276038230e-02
3.255813953488372325e-01 9.208643945576620859e-02
3.258720930232558155e-01 8.731129904130589814e-02
3.261627906976743985e-01 8.084913809354458969e-02
3.264534883720930369e-01 7.287707478219997148e-02
3.267441860465116199e-01 6.363412862407065440e-02
3.270348837209302029e-01 5.340355200543202285e-02
3.273255813953488413e-01 4.249173920623884604e-02
3.276162790697674243e-01 3.120643512789616700e-02
3.279069767441860628e-01 1.983686597708209445e-02
3.281976744186046457e-01 8.638002763793537625e-03
3.284883720930232287e-01 -2.179494490269554257e-03
3.287790697674418672e-01 -1.245293017097174985e-02
3.290697674418604501e-01 -2.206496716835036273e-02
3.293604651162790886e-01 -3.093569003388063621e-02
3.296511627906976716e-01 -3.901088291290463750e-02
3.299418604651162545e-01 -4.624845138367889019e-02
3.302325581395348930e-01 -5.260503877950153256e-02
3.305232558139534760e-01 -5.802479762886009196e-02
3.308139534883721145e-01 -6.243205851321722427e-02
3.311046511627906974e-01 -6.572927892868890565e-02
3.313953488372092804e-01 -6.780106175282234193e-02
3.316860465116279189e-01 -6.852420262202024714e-02
3.319767441860465018e-01 -6.778278214601513030e-02
3.322674418604650848e-01 -6.548640568127511719e-02
3.325581395348837233e-01 -6.158894737119333801e-02
3.328488372093023062e-01 -5.610477604924761497e-02
3.331395348837209447e-01 -4.911963282422914662e-02
3.334302325581395277e-01 -4.079411481571502268e-02
3.337209302325581106e-01 -3.135888531837036086e-02
3.340116279069767491e-01 -2.110199530869405829e-02
3.343023255813953321e-01 -1.034985265178930795e-02
3.345930232558139705e-01 5.557301096925194384e-04
3.348837209302325535e-01 1.128144867459462096e-02
3.351744186046511365e-01 2.152430649462043141e-02
3.354651162790697749e-01 3.102852957127799627e-02
3.357558139534883579e-01 3.959554078754893430e-02
3.360465116279069964e-01 4.708602869192953649e-02
3.363372093023255793e-01 5.341444589157842704e-02
3.366279069767441623e-01 5.853750202196783547e-02
3.369186046511628008e-01 6.243910684030509750e-02
3.372093023255813837e-01 6.511460621669475091e-02
3.375000000000000222e-01 6.655698736663330506e-02
3.377906976744186052e-01 6.674708576852082798e-02
3.380813953488371881e-01 6.564894290780526331e-02
3.383720930232558266e-01 6.321063711253706308e-02
3.386627906976744096e-01 5.937026824656402302e-02
3.389534883720929925e-01 5.406625040104333368e-02
3.392441860465116310e-01 4.725058396973445124e-02
3.395348837209302140e-01 3.890337708168516151e-02
3.398255813953488524e-01 2.904663798204247874e-02
3.401162790697674354e-01 1.775531854463181444e-02
3.404069767441860184e-01 5.163815154475121481e-03
3.406976744186046568e-01 -8.533344667521210181e-03
3.409883720930232398e-01 -2.308716758353391782e-02
3.412790697674418783e-01 -3.820595157097911310e-02
3.415697674418604612e-01 -5.357209467022044924e-02
3.418604651162790442e-01 -6.886218142118979979e-02
3.421511627906976827e-01 -8.376798336660637445e-02
3.424418604651162656e-01 -9.801572238424403893e-02
3.427325581395349041e-01 -1.113810425854127734e-01
3.430232558139534871e-01 -1.236976001124055341e-01
3.433139534883720700e-01 -1.348580011859912831e-01
3.436046511627907085e-01 -1.448069906573430932e-01
3.438953488372092915e-01 -1.535281486037111953e-01
3.441860465116278744e-01 -1.610265360012144709e-01
3.444767441860465129e-01 -1.673104242819645204e-01
3.447674418604650959e-01 -1.723753467145912599e-01
3.450581395348837344e-01 -1.761932615531675850e-01
3.453488372093023173e-01 -1.787086851030661727e-01
3.456395348837209003e-01 -1.798423882258471385e-01
3.459302325581395388e-01 -1.795019252290034617e-01
3.462209302325581217e-01 -1.775971505295998731e-01
3.465116279069767602e-01 -1.740581447528637693e-01
3.468023255813953432e-01 -1.688527092443966038e-01
3.470930232558139261e-01 -1.620008125619120942e-01
3.473837209302325646e-01 -1.535839749153636580e-01
3.476744186046511476e-01 -1.437483703752422959e-01
3.479651162790697860e-01 -1.327012720925910549e-01
3.482558139534883690e-01 -1.207012777752909660e-01
3.485465116279069520e-01 -1.080434447594806474e-01
3.488372093023255904e-01 -9.504098162765560465e-02
3.491279069767441734e-01 -8.200549160451724162e-02
3.494186046511628119e-01 -6.922793730394186107e-02
3.497093023255813948e-01 -5.696243416660515951e-02
3.499999999999999778e-01 -4.541462923701401755e-02
3.502906976744186163e-01 -3.473584675954772411e-02
3.505813953488371992e-01 -2.502352421414378442e-02
3.508720930232557822e-01 -1.632778242944460390e-02
3.511627906976744207e-01 -8.663241799811720670e-03
3.514534883720930036e-01 -2.024454793121711720e-03
3.517441860465116421e-01 3.597278049931873067e-03
3.520348837209302251e-01 8.198279362313225585e-03
3.523255813953488080e-01 1.175063890114255716e-02
3.526162790697674465e-01 1.419633057966446753e-02
3.529069767441860295e-01 1.544863891769424763e-02
3.531976744186046679e-01 1.540097364661824515e-02
3.534883720930232509e-01 1.394179435834686127e-02
3.537790697674418339e-01 1.097323623211677972e-02
3.540697674418604723e-01 6.430339283433049793e-03
3.543604651162790553e-01 2.976618130274188891e-04
3.546511627906976938e-01 -7.379469796609863623e-03
3.549418604651162767e-01 -1.649089374300165278e-02
3.552325581395348597e-01 -2.686539746699444231e-02
3.555232558139534982e-01 -3.828183756218571376e-02
3.558139534883720811e-01 -5.048597104012458175e-02
3.561046511627907196e-01 -6.321051036266819856e-02
3.563953488372093026e-01 -7.619549584036336420e-02
3.566860465116278855e-01 -8.920619299141732683e-02
3.569767441860465240e-01 -1.020462885689921162e-01
3.572674418604651070e-01 -1.145650208105540163e-01
3.575581395348836899e-01 -1.266578649200274242e-01
3.578488372093023284e-01 -1.382613058087279745e-01
3.581395348837209114e-01 -1.493429066470977062e-01
3.584302325581395499e-01 -1.598882987837751124e-01
3.587209302325581328e-01 -1.698869438803283782e-01
3.590116279069767158e-01 -1.793185917891964021e-01
3.593023255813953543e-01 -1.881422643944662687e-01
3.595930232558139372e-01 -1.962893292106699383e-01
3.598837209302325757e-01 -2.036617916999351463e-01
3.601744186046511587e-01 -2.101363132001858314e-01
3.604651162790697416e-01 -2.155736717412541636e-01
3.607558139534883801e-01 -2.198325753195907173e-01
3.610465116279069631e-01 -2.227860951301712245e-01
3.613372093023256015e-01 -2.243385570771272430e-01
3.616279069767441845e-01 -2.244404861627201930e-01
3.619186046511627675e-01 -2.230992273763778844e-01
3.622093023255814059e-01 -2.203833183941776575e-01
3.624999999999999889e-01 -2.164195491637562196e-01
3.627906976744186274e-01 -2.113827211109062520e-01
3.630813953488372103e-01 -2.054792391394624496e-01
3.633720930232557933e-01 -1.989267172387506333e-01
3.636627906976744318e-01 -1.919325785850057864e-01
3.639534883720930147e-01 -1.846749457337844291e-01
3.642441860465115977e-01 -1.772888039727506526e-01
3.645348837209302362e-01 -1.698595364631844684e-01
3.648255813953488191e-01 -1.624246632483978270e-01
3.651162790697674576e-01 -1.549832014142009662e-01
3.654069767441860406e-01 -1.475107666515578786e-01
3.656976744186046235e-01 -1.399776327237071405e-01
3.659883720930232620e-01 -1.323666340829953991e-01
3.662790697674418450e-01 -1.246880420962422215e-01
3.665697674418604834e-01 -1.169892463784889813e-01
3.668604651162790664e-01 -1.093580596150093287e-01
3.671511627906976494e-01 -1.019195168313061783e-01
3.674418604651162878e-01 -9.482693335385602995e-02
3.677325581395348708e-01 -8.824861737221878499e-02
3.680232558139535093e-01 -8.235203080248355845e-02
3.683139534883720922e-01 -7.728738635289192360e-02
3.686046511627906752e-01 -7.317265324999698561e-02
3.688953488372093137e-01 -7.008174567546017475e-02
3.691860465116278966e-01 -6.803733984341862884e-02
3.694767441860464796e-01 -6.700930293112954128e-02
3.697674418604651181e-01 -6.691908035520875708e-02
3.700581395348837010e-01 -6.764963274599644638e-02
3.703488372093023395e-01 -6.905979155285932314e-02
3.706395348837209225e-01 -7.100131809072797451e-02
3.709302325581395054e-01 -7.333653444369726826e-02
3.712209302325581439e-01 -7.595419607785983129e-02
3.715116279069767269e-01 -7.878137438187075847e-02
3.718023255813953654e-01 -8.178953577390356278e-02
3.720930232558139483e-01 -8.499369995924577204e-02
3.723837209302325313e-01 -8.844449010654560628e-02
3.726744186046511698e-01 -9.221399262079235659e-02
3.729651162790697527e-01 -9.637745178043290173e-02
3.732558139534883912e-01 -1.009936630782254929e-01
3.735465116279069742e-01 -1.060872767627759755e-01
3.738372093023255571e-01 -1.116359948313157824e-01
3.741279069767441956e-01 -1.175648654186052799e-01
3.744186046511627786e-01 -1.237486742508276671e-01
3.747093023255814170e-01 -1.300220428428730257e-01
3.750000000000000000e-01 -1.361955578433148295e-01
3.752906976744185830e-01 -1.420753172153019217e-01
3.755813953488372214e-01 -1.474828284984831261e-01
3.758720930232558044e-01 -1.522722736423835210e-01
3.761627906976743874e-01 -1.563427206020133742e-01
3.764534883720930258e-01 -1.596437877882434242e-01
3.767441860465116088e-01 -1.621743551276067508e-01
3.770348837209302473e-01 -1.639749552262263488e-01
3.773255813953488302e-01 -1.651153035789331980e-01
3.776162790697674132e-01 -1.656789289672876420e-01
3.779069767441860517e-01 -1.657470287019082444e-01
3.781976744186046346e-01 -1.653835890950444976e-01
3.784883720930232731e-01 -1.646235811183482389e-01
3.787790697674418561e-01 -1.634656830401035044e-01
3.790697674418604390e-01 -1.618704759632546286e-01
3.793604651162790775e-01 -1.597644370147596193e-01
3.796511627906976605e-01 -1.570493812080640539e-01
3.799418604651162990e-01 -1.536163102320171336e-01
3.802325581395348819e-01 -1.493619715996264141e-01
3.805232558139534649e-01 -1.442059526846217743e-01
3.808139534883721034e-01 -1.381059645687733317e-01
3.811046511627906863e-01 -1.310691298856881404e-01
3.813953488372092693e-01 -1.231575146814114508e-01
3.816860465116279078e-01 -1.144868026806072497e-01
3.819767441860464907e-01 -1.052179023826200488e-01
3.822674418604651292e-01 -9.554233526595956594e-02
3.825581395348837122e-01 -8.566330300400464004e-02
3.828488372093022951e-01 -7.577516603716893950e-02
3.831395348837209336e-01 -6.604450262656651194e-02
3.834302325581395166e-01 -5.659581608110021700e-02
3.837209302325581550e-01 -4.750426506904465579e-02
3.840116279069767380e-01 -3.879659933270676597e-02
3.843023255813953210e-01 -3.046002999781743242e-02
3.845930232558139594e-01 -2.245737008973847787e-02
3.848837209302325424e-01 -1.474573939893305229e-02
3.851744186046511809e-01 -7.295612852843187494e-03
3.854651162790697638e-01 -1.070466220363210975e-04
3.857558139534883468e-01 6.779507085624215772e-03
3.860465116279069853e-01 1.327940651402946190e-02
3.863372093023255682e-01 1.926745929028887000e-02
3.866279069767442067e-01 2.458821488180022025e-02
3.869186046511627897e-01 2.907118673887850932e-02
3.872093023255813726e-01 3.254873704184313432e-02
3.875000000000000111e-01 3.487421593598964698e-02
3.877906976744185941e-01 3.593810636844997630e-02
3.880813953488371770e-01 3.568030166749652093e-02
3.883720930232558155e-01 3.409718700323093737e-02
3.886627906976743985e-01 3.124282549727250280e-02
3.889534883720930369e-01 2.722416993406268082e-02
3.892441860465116199e-01 2.219081544626390345e-02
3.895348837209302029e-01 1.632040559082394496e-02
3.898255813953488413e-01 9.801358650173711343e-03
3.901162790697674243e-01 2.814988554776597963e-03
3.904069767441860628e-01 -4.480717781285467258e-03
3.906976744186046457e-01 -1.196348743521783754e-02
3.909883720930232287e-01 -1.955353683725372799e-02
3.912790697674418672e-01 -2.721367754454191712e-02
3.915697674418604501e-01 -3.494262393035842129e-02
3.918604651162790886e-01 -4.276237094048157550e-02
3.921511627906976716e-01 -5.070145185383646141e-02
3.924418604651162545e-01 -5.877665394189267312e-02
3.927325581395348930e-01 -6.697619803635834757e-02
3.930232558139534760e-01 -7.524731052064477510e-02
3.933139534883721145e-01 -8.349049409894505891e-02
3.936046511627906974e-01 -9.156174980879344671e-02
3.938953488372092804e-01 -9.928268789756017343e-02
3.941860465116279189e-01 -1.064570918687467033e-01
3.944767441860465018e-01 -1.128913436346853094e-01
3.947674418604650848e-01 -1.184154537961821657e-01
3.950581395348837233e-01 -1.229014007414243881e-01
3.953488372093023062e-01 -1.262760250455711719e-01
3.956395348837209447e-01 -1.285267162457090218e-01
3.959302325581395277e-01 -1.296993790945786540e-01
3.962209302325581106e-01 -1.298894268536137653e-01
3.965116279069767491e-01 -1.292275534889543998e-01
3.968023255813953321e-01 -1.278626122379989960e-01
3.970930232558139705e-01 -1.259440554499399179e-01
3.973837209302325535e-01 -1.236061586154078018e-01
3.976744186046511365e-01 -1.209557939026288526e-01
3.979651162790697749e-01 -1.180649665932661935e-01
3.982558139534883579e-01 -1.149687579764926137e-01
3.985465116279069964e-01 -1.116687360431698056e-01
3.988372093023255793e-01 -1.081412897827328384e-01
3.991279069767441623e-01 -1.043497502952475120e-01
3.994186046511628008e-01 -1.002586544454048129e-01
3.997093023255813837e-01 -9.584814202524349902e-02
4.000000000000000222e-01 -9.112631506019237826e-02
4.002906976744186052e-01 -8.613752654514190976e-02
4.005813953488371881e-01 -8.096506616841601944e-02
4.008720930232558266e-01 -7.572748635979156817e-02
4.011627906976744096e-01 -7.056869028876872063e-02
4.014534883720929925e-01 -6.564278256859534810e-02
4.017441860465116310e-01 -6.109552978524432354e-02
4.020348837209302140e-01 -5.704497987814698828e-02
4.023255813953488524e-01 -5.356414696407169745e-02
4.026162790697674354e-01 -5.066855272270336108e-02
4.029069767441860184e-01 -4.831083292864266077e-02
4.031976744186046568e-01 -4.638361764783382329e-02
4.034883720930232398e-01 -4.473056048079356029e-02
4.037790697674418783e-01 -4.316395921439634270e-02
4.040697674418604612e-01 -4.148624136744124419e-02
4.043604651162790442e-01 -3.951197283901290713e-02
4.046511627906976827e-01 -3.708707160732322566e-02
4.049418604651162656e-01 -3.410250651587538873e-02
4.052325581395349041e-01 -3.050078084804115977e-02
4.055232558139534871e-01 -2.627471696902955456e-02
4.058139534883720700e-01 -2.145924511302228777e-02
4.061046511627907085e-01 -1.611789531984100451e-02
4.063953488372092915e-01 -1.032637486441496423e-02
4.066860465116278744e-01 -4.155878234559707597e-03
4.069767441860465129e-01 2.341406874287041504e-03
4.072674418604650959e-01 9.142671128466421313e-03
4.075581395348837344e-01 1.625953297172507903e-02
4.078488372093023173e-01 2.373733783199425545e-02
4.081395348837209003e-01 3.164898669988940039e-02
4.084302325581395388e-01 4.008413739299215850e-02
4.087209302325581217e-01 4.913503510666552415e-02
4.090116279069767602e-01 5.888056109387505149e-02
4.093023255813953432e-01 6.937038022914331081e-02
4.095930232558139261e-01 8.061125016156479861e-02
4.098837209302325646e-01 9.255749557820189266e-02
4.101744186046511476e-01 1.051072670137059017e-01
4.104651162790697860e-01 1.181055064540088712e-01
4.107558139534883690e-01 1.313536186405708794e-01
4.110465116279069520e-01 1.446248504517008981e-01
4.113372093023255904e-01 1.576835099252175409e-01
4.116279069767441734e-01 1.703055555371785768e-01
4.119186046511628119e-01 1.822977847299917242e-01
4.122093023255813948e-01 1.935128725194181776e-01
4.124999999999999778e-01 2.038579679870472228e-01
4.127906976744186163e-01 2.132955091660330982e-01
4.130813953488371992e-01 2.218362007171584827e-01
4.133720930232557822e-01 2.295254103866368467e-01
4.136627906976744207e-01 2.364253386065695017e-01
4.139534883720930036e-01 2.425960464013431073e-01
4.142441860465116421e-01 2.480786440519014979e-01
4.145348837209302251e-01 2.528835425560234107e-01
4.148255813953488080e-01 2.569857051348369281e-01
4.151162790697674465e-01 2.603275404854420438e-01
4.154069767441860295e-01 2.628287467694175872e-01
4.156976744186046679e-01 2.644012831124020191e-01
4.159883720930232509e-01 2.649668900724916898e-01
4.162790697674418339e-01 2.644743251673233320e-01
4.165697674418604723e-01 2.629137385478282907e-01
4.168604651162790553e-01 2.603262617467523299e-01
4.171511627906976938e-01 2.568077133408903090e-01
4.174418604651162767e-01 2.525061453588801630e-01
4.177325581395348597e-01 2.476136395629717213e-01
4.180232558139534982e-01 2.423532870955988627e-01
4.183139534883720811e-01 2.369627028140123548e-01
4.186046511627906641e-01 2.316757836552698346e-01
4.188953488372093026e-01 2.267046833494567315e-01
4.191860465116278855e-01 2.222240666264714559e-01
4.194767441860465240e-01 2.183595798717770098e-01
4.197674418604651070e-01 2.151821062030648268e-01
4.200581395348836899e-01 2.127087182914264851e-01
4.203488372093023284e-01 2.109103140673262156e-01
4.206395348837209114e-01 2.097248927947351349e-01
4.209302325581395499e-01 2.090745614245021478e-01
4.212209302325581328e-01 2.088837913170400462e-01
4.215116279069767158e-01 2.090961801860378999e-01
4.218023255813953543e-01 2.096870686590845134e-01
4.220930232558139372e-01 2.106699081702514964e-01
4.223837209302325757e-01 2.120952159195465536e-01
4.226744186046511587e-01 2.140420782265849142e-01
4.229651162790697416e-01 2.166033212037376254e-01
4.232558139534883801e-01 2.198665663072106036e-01
4.235465116279069631e-01 2.238942392333838627e-01
4.238372093023256015e-01 2.287059267819588071e-01
4.241279069767441845e-01 2.342661276632238831e-01
4.244186046511627675e-01 2.404795056132306430e-01
4.247093023255814059e-01 2.471944486051719514e-01
4.249999999999999889e-01 2.542143291954669926e-01
4.252906976744185719e-01 2.613146378771058487e-01
4.255813953488372103e-01 2.682633630630313348e-01
4.258720930232557933e-01 2.748416933030359277e-01
4.261627906976744318e-01 2.808622671270286086e-01
4.264534883720930147e-01 2.861827324389734639e-01
4.267441860465115977e-01 2.907132191914869601e-01
4.270348837209302362e-01 2.944172987480079828e-01
4.273255813953488191e-01 2.973068843382287718e-01
4.276162790697674576e-01 2.994321887407146998e-01
4.279069767441860406e-01 3.008682780974401005e-01
4.281976744186046235e-01 3.016999802777523554e-01
4.284883720930232620e-01 3.020069735135506583e-01
4.287790697674418450e-01 3.018508442647485635e-01
4.290697674418604834e-01 3.012657701745806715e-01
4.293604651162790664e-01 3.002541891718730760e-01
4.296511627906976494e-01 2.987882795541941250e-01
4.299418604651162878e-01 2.968173087842486124e-01
4.302325581395348708e-01 2.942800135881344370e-01
4.305232558139535093e-01 2.911202889368054159e-01
4.308139534883720922e-01 2.873037648572889791e-01
4.311046511627906752e-01 2.828325330696715434e-01
4.313953488372093137e-01 2.777554558502518534e-01
4.316860465116278966e-01 2.721720993862462579e-01
4.319767441860464796e-01 2.662292549579025058e-01
4.322674418604651181e-01 2.601101250132236697e-01
4.325581395348837010e-01 2.540174247877726721e-01
4.328488372093023395e-01 2.481526829853430149e-01
4.331395348837209225e-01 2.426947068912985450e-01
4.334302325581395054e-01 2.377803871566925020e-01
4.337209302325581439e-01 2.334907266781714175e-01
4.340116279069767269e-01 2.298442023101808784e-01
4.343023255813953654e-01 2.267983881094184639e-01
4.345930232558139483e-01 2.242593960098260286e-01
4.348837209302325313e-01 2.220974378702333385e-01
4.351744186046511698e-01 2.201659462712335369e-01
4.354651162790697527e-01 2.183213167644544317e-01
4.357558139534883912e-01 2.164404345481403258e-01
4.360465116279069742e-01 2.144336621185787828e-01
4.363372093023255571e-01 2.122517948921559816e-01
4.366279069767441956e-01 2.098864833232990668e-01
4.369186046511627786e-01 2.073645843958538681e-01
4.372093023255814170e-01 2.047376800625225479e-01
4.375000000000000000e-01 2.020684843937741171e-01
4.377906976744185830e-01 1.994160464912555497e-01
4.380813953488372214e-01 1.968216349866767356e-01
4.383720930232558044e-01 1.942970725388835918e-01
4.386627906976743874e-01 1.918170870479202206e-01
4.389534883720930258e-01 1.893168884062504387e-01
4.392441860465116088e-01 1.866956376285202335e-01
4.395348837209302473e-01 1.838257870637985125e-01
4.398255813953488302e-01 1.805674598857701096e-01
4.401162790697674132e-01 1.767861665066657040e-01
4.404069767441860517e-01 1.723714348286202735e-01
4.406976744186046346e-01 1.672536069273804216e-01
4.409883720930232731e-01 1.614162099980623322e-01
4.412790697674418561e-01 1.549018837442680263e-01
4.415697674418604390e-01 1.478107635118465213e-01
4.418604651162790775e-01 1.402913584597520746e-01
4.421511627906976605e-01 1.325251057637571450e-01
4.424418604651162990e-01 1.247067211604875603e-01
4.427325581395348819e-01 1.170231233854159142e-01
4.430232558139534649e-01 1.096340252850548647e-01
4.433139534883721034e-01 1.026571167690028680e-01
4.436046511627906863e-01 9.616002308718928082e-02
4.438953488372092693e-01 9.016004366148745730e-02
4.441860465116279078e-01 8.463137028635142611e-02
4.444767441860464907e-01 7.951830630344412787e-02
4.447674418604651292e-01 7.475209679143125785e-02
4.450581395348837122e-01 7.026846288828035580e-02
4.453488372093022951e-01 6.602294361818104862e-02
4.456395348837209336e-01 6.200167928339377771e-02
4.459302325581395166e-01 5.822614247823888756e-02
4.462209302325581550e-01 5.475132882669585255e-02
4.465116279069767380e-01 5.165791076562122053e-02
4.468023255813953210e-01 4.903969104574250337e-02
4.470930232558139594e-01 4.698823439312007494e-02
4.473837209302325424e-01 4.557677493015236531e-02
4.476744186046511809e-01 4.484545839109076865e-02
4.479651162790697638e-01 4.478974749485095663e-02
4.482558139534883468e-01 4.535344462540259053e-02
4.485465116279069853e-01 4.642732662520070164e-02
4.488372093023255682e-01 4.785386537639774868e-02
4.491279069767442067e-01 4.943787112257370248e-02
4.494186046511627897e-01 5.096211309760320662e-02
4.497093023255813726e-01 5.220617101237838564e-02
4.500000000000000111e-01 5.296616873697072847e-02
4.502906976744185941e-01 5.307277586652922596e-02
4.505813953488371770e-01 5.240498176589367119e-02
4.508720930232558155e-01 5.089767852185251434e-02
4.511627906976743985e-01 4.854199045869764251e-02
4.514534883720930369e-01 4.537838037729883395e-02
4.517441860465116199e-01 4.148363121488773952e-02
4.520348837209302029e-01 3.695371914168833066e-02
4.523255813953488413e-01 3.188527742971857676e-02
4.526162790697674243e-01 2.635865754762014429e-02
4.529069767441860628e-01 2.042538084446633359e-02
4.531976744186046457e-01 1.410204288908134887e-02
4.534883720930232287e-01 7.371643137244063108e-03
4.537790697674418672e-01 1.920735322952323758e-04
4.540697674418604501e-01 -7.489686530201907291e-03
4.543604651162790886e-01 -1.572004699450623919e-02
4.546511627906976716e-01 -2.452083326980415354e-02
4.549418604651162545e-01 -3.387376204660613038e-02
4.552325581395348930e-01 -4.370985054715718909e-02
4.555232558139534760e-01 -5.390545420389280390e-02
4.558139534883720589e-01 -6.428559042353004793e-02
4.561046511627906974e-01 -7.463411624031919545e-02
4.563953488372092804e-01 -8.470937251490617825e-02
4.566860465116279189e-01 -9.426320537905681640e-02
4.569767441860465018e-01 -1.030609163381098203e-01
4.572674418604650848e-01 -1.108997398722728206e-01
4.575581395348837233e-01 -1.176238402818062662e-01
4.578488372093023062e-01 -1.231343599221819962e-01
4.581395348837209447e-01 -1.273935847634028729e-01
4.584302325581395277e-01 -1.304228433219267180e-01
4.587209302325581106e-01 -1.322944105286302519e-01
4.590116279069767491e-01 -1.331184337611010515e-01
4.593023255813953321e-01 -1.330266163516738709e-01
4.595930232558139705e-01 -1.321549537919465278e-01
4.598837209302325535e-01 -1.306280878114657873e-01
4.601744186046511365e-01 -1.285476890924922011e-01
4.604651162790697749e-01 -1.259866616155742580e-01
4.607558139534883579e-01 -1.229900184598439056e-01
4.610465116279069964e-01 -1.195822286940663171e-01
4.613372093023255793e-01 -1.157798261330046929e-01
4.616279069767441623e-01 -1.116072018681412426e-01
4.619186046511628008e-01 -1.071129199888482958e-01
4.622093023255813837e-01 -1.023837379690477195e-01
4.624999999999999667e-01 -9.755379311014845956e-02
4.627906976744186052e-01 -9.280706685905475151e-02
4.630813953488371881e-01 -8.837221640730918981e-02
4.633720930232558266e-01 -8.451008860213347906e-02
4.636627906976744096e-01 -8.149547279894178708e-02
4.639534883720929925e-01 -7.959560289325148807e-02
4.642441860465116310e-01 -7.904840187383035954e-02
4.645348837209302140e-01 -8.004345019397279826e-02
4.648255813953488524e-01 -8.270819239713887716e-02
4.651162790697674354e-01 -8.710105540860396678e-02
4.654069767441860184e-01 -9.321208941686646987e-02
4.656976744186046568e-01 -1.009706483888823947e-01
4.659883720930232398e-01 -1.102586620557398922e-01
4.662790697674418783e-01 -1.209273465924407265e-01
4.665697674418604612e-01 -1.328148757872690822e-01
4.668604651162790442e-01 -1.457626242057967203e-01
4.671511627906976827e-01 -1.596280006330474122e-01
4.674418604651162656e-01 -1.742924711171343344e-01
4.677325581395349041e-01 -1.896640426234971200e-01
4.680232558139534871e-01 -2.056741813501724858e-01
4.683139534883720700e-01 -2.222697840684211557e-01
4.686046511627907085e-01 -2.394013586310945463e-01
4.688953488372092915e-01 -2.570090476873714835e-01
4.691860465116278744e-01 -2.750085594683670531e-01
4.694767441860465129e-01 -2.932793115383345306e-01
4.697674418604650959e-01 -3.116569700759954653e-01
4.700581395348837344e-01 -3.299320392131396829e-01
4.703488372093023173e-01 -3.478553124741884939e-01
4.706395348837209003e-01 -3.651499614295672935e-01
4.709302325581395388e-01 -3.815289622385971136e-01
4.712209302325581217e-01 -3.967156707882741329e-01
4.715116279069767602e-01 -4.104648331954615093e-01
4.718023255813953432e-01 -4.225811993136457945e-01
4.720930232558139261e-01 -4.329331583883858636e-01
4.723837209302325646e-01 -4.414594361944739198e-01
4.726744186046511476e-01 -4.481678701322421854e-01
4.729651162790697860e-01 -4.531264824435873306e-01
4.732558139534883690e-01 -4.564482635155579504e-01
4.735465116279069520e-01 -4.582720357164514202e-01
4.738372093023255904e-01 -4.587423445335959693e-01
4.741279069767441734e-01 -4.579914013885265645e-01
4.744186046511628119e-01 -4.561256349408637778e-01
4.747093023255813948e-01 -4.532185199245751250e-01
4.749999999999999778e-01 -4.493102978160969374e-01
4.752906976744186163e-01 -4.444141904921829478e-01
4.755813953488371992e-01 -4.385278264638660661e-01
4.758720930232557822e-01 -4.316479028884675495e-01
4.761627906976744207e-01 -4.237856835353818186e-01
4.764534883720930036e-01 -4.149808683526240993e-01
4.767441860465116421e-01 -4.053116782683101049e-01
4.770348837209302251e-01 -3.948996095964154573e-01
4.773255813953488080e-01 -3.839081040035990933e-01
4.776162790697674465e-01 -3.725352074031756944e-01
4.779069767441860295e-01 -3.610010279590476490e-01
4.781976744186046679e-01 -3.495314031621317707e-01
4.784883720930232509e-01 -3.383396592459144703e-01
4.787790697674418339e-01 -3.276086556750735235e-01
4.790697674418604723e-01 -3.174753701413348672e-01
4.793604651162790553e-01 -3.080200720827909189e-01
4.796511627906976938e-01 -2.992616837560899690e-01
4.799418604651162767e-01 -2.911602221719397643e-01
4.802325581395348597e-01 -2.836262383645976048e-01
4.805232558139534982e-01 -2.765360593813346868e-01
4.808139534883720811e-01 -2.697506678715810291e-01
4.811046511627906641e-01 -2.631354497009414373e-01
4.813953488372093026e-01 -2.565778942005730312e-01
4.816860465116278855e-01 -2.500006723294565525e-01
4.819767441860465240e-01 -2.433683054329554285e-01
4.822674418604651070e-01 -2.366866929347785087e-01
4.825581395348836899e-01 -2.299958477896683062e-01
4.828488372093023284e-01 -2.233571476182152626e-01
4.831395348837209114e-01 -2.168371904687034224e-01
4.834302325581395499e-01 -2.104908528130842171e-01
4.837209302325581328e-01 -2.043462665369381870e-01
4.840116279069767158e-01 -1.983941312291910009e-01
4.843023255813953543e-01 -1.925831115178785191e-01
4.845930232558139372e-01 -1.868221193009363956e-01
4.848837209302325757e-01 -1.809891842098492742e-01
4.851744186046511587e-01 -1.749455832635793684e-01
4.854651162790697416e-01 -1.685531326850503997e-01
4.857558139534883801e-01 -1.616921296196377755e-01
4.860465116279069631e-01 -1.542773715667171974e-01
4.863372093023256015e-01 -1.462699832728684979e-01
4.866279069767441845e-01 -1.376834275921818285e-01
4.869186046511627675e-01 -1.285829436225055800e-01
4.872093023255814059e-01 -1.190785555102476939e-01
4.874999999999999889e-01 -1.093125953649062981e-01
4.877906976744185719e-01 -9.944332190592225507e-02
4.880813953488372103e-01 -8.962665563764098120e-02
4.883720930232557933e-01 -7.999827896121555759e-02
4.886627906976744318e-01 -7.065838082191079617e-02
4.889534883720930147e-01 -6.166113947594373951e-02
4.892441860465115977e-01 -5.301055620789595080e-02
4.895348837209302362e-01 -4.466345155011669510e-02
4.898255813953488191e-01 -3.653941924351103432e-02
4.901162790697674576e-01 -2.853646871645173708e-02
4.904069767441860406e-01 -2.055013690320304370e-02
4.906976744186046235e-01 -1.249321094617234472e-02
4.909883720930232620e-01 -4.313075826324597704e-03
4.912790697674418450e-01 3.995872113948083747e-03
4.915697674418604834e-01 1.238650494300448136e-02
4.918604651162790664e-01 2.076075375273641124e-02
4.921511627906976494e-01 2.897873028844975482e-02
4.924418604651162878e-01 3.687394789952564561e-02
4.927325581395348708e-01 4.427243133174894180e-02
4.930232558139534538e-01 5.101285558318290059e-02
4.933139534883720922e-01 5.696470154716792161e-02
4.936046511627906752e-01 6.204175886690387054e-02
4.938953488372093137e-01 6.620908203582337448e-02
4.941860465116278966e-01 6.948260708046068157e-02
4.944767441860464796e-01 7.192183757430237190e-02
4.947674418604651181e-01 7.361703170767384952e-02
4.950581395348837010e-01 7.467300150226195699e-02
4.953488372093023395e-01 7.519195818184697122e-02
4.956395348837209225e-01 7.525784157341290637e-02
4.959302325581395054e-01 7.492428731681084753e-02
4.962209302325581439e-01 7.420786189795484933e-02
4.965116279069767269e-01 7.308748749521916388e-02
4.968023255813953654e-01 7.151013098758560171e-02
4.970930232558139483e-01 6.940192995100123718e-02
4.973837209302325313e-01 6.668313403281485308e-02
4.976744186046511698e-01 6.328470888546926243e-02
4.979651162790697527e-01 5.916423801462186022e-02
4.982558139534883912e-01 5.431885451210249904e-02
4.985465116279069742e-01 4.879333751008348152e-02
4.988372093023255571e-01 4.268217518657998338e-02
4.991279069767441956e-01 3.612518722973669105e-02
4.994186046511627786e-01 2.929709109098572670e-02
4.997093023255813615e-01 2.239218287274001573e-02
5.000000000000000000e-01 1.560606958189192893e-02
5.002906976744185830e-01 9.116966969056847572e-03
5.005813953488371659e-01 3.069257551312170543e-03
5.008720930232558599e-01 -2.438278410028737846e-03
5.011627906976744429e-01 -7.357822801391985731e-03
5.014534883720930258e-01 -1.169070715714884759e-02
5.017441860465116088e-01 -1.547879593380641072e-02
5.020348837209301918e-01 -1.879051247744543962e-02
5.023255813953488857e-01 -2.170377207920869481e-02
5.026162790697674687e-01 -2.428852534570786689e-02
5.029069767441860517e-01 -2.659163142739104022e-02
5.031976744186046346e-01 -2.862636812551930254e-02
5.034883720930232176e-01 -3.036811547077398338e-02
5.037790697674418006e-01 -3.175678430910666705e-02
5.040697674418604946e-01 -3.270557575496969849e-02
5.043604651162790775e-01 -3.311477398388552873e-02
5.046511627906976605e-01 -3.288858686289782007e-02
5.049418604651162434e-01 -3.195263452345745853e-02
5.052325581395348264e-01 -3.026958248159094395e-02
5.055232558139535204e-01 -2.785062431976404948e-02
5.058139534883721034e-01 -2.476104677854036595e-02
5.061046511627906863e-01 -2.111894854295564075e-02
5.063953488372092693e-01 -1.708721292347508899e-02
5.066860465116278522e-01 -1.285982723790264626e-02
5.069767441860465462e-01 -8.644405729216415521e-03
5.072674418604651292e-01 -4.643227145657373087e-03
5.075581395348837122e-01 -1.035216172668245631e-03
5.078488372093022951e-01 2.038917986415443150e-03
5.081395348837208781e-01 4.486640840773047610e-03
5.084302325581395721e-01 6.267496019825973333e-03
5.087209302325581550e-01 7.390471972537182750e-03
5.090116279069767380e-01 7.905165220803388182e-03
5.093023255813953210e-01 7.888010272715439627e-03
5.095930232558139039e-01 7.425698799778533005e-03
5.098837209302325979e-01 6.598425273294986244e-03
5.101744186046511809e-01 5.465650279780011507e-03
5.104651162790697638e-01 4.056662913905426104e-03
5.107558139534883468e-01 2.367407439599953419e-03
5.110465116279069298e-01 3.639825685780378951e-04
5.113372093023256237e-01 -2.007817341827771666e-03
5.116279069767442067e-01 -4.808391780197126056e-03
5.119186046511627897e-01 -8.087751995182520387e-03
5.122093023255813726e-01 -1.186897052736988166e-02
5.124999999999999556e-01 -1.613425200027394230e-02
5.127906976744186496e-01 -2.081589422390888941e-02
5.130813953488372325e-01 -2.579372837062243740e-02
5.133720930232558155e-01 -3.089971192640686079e-02
5.136627906976743985e-01 -3.592931444052668150e-02
5.139534883720929814e-01 -4.065832137560319165e-02
5.142441860465116754e-01 -4.486287140801843709e-02
5.145348837209302584e-01 -4.834009948438237197e-02
5.148255813953488413e-01 -5.092673973847422486e-02
5.151162790697674243e-01 -5.251340304216760291e-02
5.154069767441860073e-01 -5.305287593379355571e-02
5.156976744186045902e-01 -5.256155299667500391e-02
5.159883720930232842e-01 -5.111390458966146716e-02
5.162790697674418672e-01 -4.883067791453742090e-02
5.165697674418604501e-01 -4.586234152737150155e-02
5.168604651162790331e-01 -4.237001224420096357e-02
5.171511627906976161e-01 -3.850653956861490451e-02
5.174418604651163101e-01 -3.440040825175132155e-02
5.177325581395348930e-01 -3.014466013408063222e-02
5.180232558139534760e-01 -2.579224442027376607e-02
5.183139534883720589e-01 -2.135821216484218993e-02
5.186046511627906419e-01 -1.682813109428782372e-02
5.188953488372093359e-01 -1.217119569681774163e-02
5.191860465116279189e-01 -7.355879309450258016e-03
5.194767441860465018e-01 -2.365645202663445041e-03
5.197674418604650848e-01 2.787806204874739881e-03
5.200581395348836677e-01 8.055983693987009420e-03
5.203488372093023617e-01 1.335132463403270950e-02
5.206395348837209447e-01 1.855184687782337680e-02
5.209302325581395277e-01 2.351234066182476823e-02
5.212209302325581106e-01 2.808065521998304864e-02
5.215116279069766936e-01 3.211676172602445645e-02
5.218023255813953876e-01 3.551179136350899462e-02
5.220930232558139705e-01 3.820425484902519736e-02
5.223837209302325535e-01 4.019109512278770668e-02
5.226744186046511365e-01 4.153200991346623488e-02
5.229651162790697194e-01 4.234651031552592870e-02
5.232558139534884134e-01 4.280428682914045463e-02
5.235465116279069964e-01 4.311038371837457722e-02
5.238372093023255793e-01 4.348725082327361408e-02
5.241279069767441623e-01 4.415595526614543576e-02
5.244186046511627453e-01 4.531881051771392832e-02
5.247093023255814392e-01 4.714546909868704699e-02
5.250000000000000222e-01 4.976409443882343075e-02
5.252906976744186052e-01 5.325857100948715173e-02
5.255813953488371881e-01 5.767188982878528741e-02
5.258720930232557711e-01 6.301495944182174125e-02
5.261627906976744651e-01 6.927928023020615833e-02
5.264534883720930480e-01 7.645132837706002105e-02
5.267441860465116310e-01 8.452622619712941987e-02
5.270348837209302140e-01 9.351838198573844685e-02
5.273255813953487969e-01 1.034672634108842193e-01
5.276162790697673799e-01 1.144372271225909121e-01
5.279069767441860739e-01 1.265111914963212014e-01
5.281976744186046568e-01 1.397787719790788419e-01
5.284883720930232398e-01 1.543202714128499853e-01
5.287790697674418228e-01 1.701886238806754881e-01
5.290697674418604057e-01 1.873919117968609604e-01
5.293604651162790997e-01 2.058792141387887908e-01
5.296511627906976827e-01 2.255321796986821392e-01
5.299418604651162656e-01 2.461639039828301123e-01
5.302325581395348486e-01 2.675255859040023276e-01
5.305232558139534316e-01 2.893202393525166061e-01
5.308139534883721256e-01 3.112216481462143913e-01
5.311046511627907085e-01 3.328960088288740460e-01
5.313953488372092915e-01 3.540234393876702246e-01
5.316860465116278744e-01 3.743167183860079406e-01
5.319767441860464574e-01 3.935351426144683695e-01
5.322674418604651514e-01 4.114921341960048884e-01
5.325581395348837344e-01 4.280560834515284019e-01
5.328488372093023173e-01 4.431447847866168410e-01
5.331395348837209003e-01 4.567146486969830277e-01
5.334302325581394832e-01 4.687465986847793031e-01
5.337209302325581772e-01 4.792310518235267103e-01
5.340116279069767602e-01 4.881544579953187579e-01
5.343023255813953432e-01 4.954894949175073227e-01
5.345930232558139261e-01 5.011903416910200582e-01
5.348837209302325091e-01 5.051936787562824049e-01
5.351744186046512031e-01 5.074252866569272102e-01
5.354651162790697860e-01 5.078113900026238747e-01
5.357558139534883690e-01 5.062932754334601437e-01
5.360465116279069520e-01 5.028432365148843841e-01
5.363372093023255349e-01 4.974795766535848873e-01
5.366279069767442289e-01 4.902783066516072097e-01
5.369186046511628119e-01 4.813794416719620051e-01
5.372093023255813948e-01 4.709864881021987304e-01
5.374999999999999778e-01 4.593586934847563308e-01
5.377906976744185608e-01 4.467967149841979846e-01
5.380813953488372547e-01 4.336233823135853815e-01
5.383720930232558377e-01 4.201620253749776546e-01
5.386627906976744207e-01 4.067152211327736411e-01
5.389534883720930036e-01 3.935467075166771411e-01
5.392441860465115866e-01 3.808686946688060182e-01
5.395348837209301696e-01 3.688359965209865310e-01
5.398255813953488635e-01 3.575473890397996568e-01
5.401162790697674465e-01 3.470535135554759232e-01
5.404069767441860295e-01 3.373697246085802792e-01
5.406976744186046124e-01 3.284917023944857739e-01
5.409883720930231954e-01 3.204113933416619098e-01
5.412790697674418894e-01 3.131308475036714278e-01
5.415697674418604723e-01 3.066718242924870719e-01
5.418604651162790553e-01 3.010796773941637472e-01
5.421511627906976383e-01 2.964209223859363140e-01
5.424418604651162212e-01 2.927748849404905873e-01
5.427325581395349152e-01 2.902207815531708257e-01
5.430232558139534982e-01 2.888223332821228118e-01
5.433139534883720811e-01 2.886123765184454015e-01
5.436046511627906641e-01 2.895798449157179211e-01
5.438953488372092471e-01 2.916610511720566512e-01
5.441860465116279411e-01 2.947365561025138136e-01
5.444767441860465240e-01 2.986341917739047114e-01
5.447674418604651070e-01 3.031380771766790660e-01
5.450581395348836899e-01 3.080027760520488989e-01
5.453488372093022729e-01 3.129711148974935742e-01
5.456395348837209669e-01 3.177936293715213356e-01
5.459302325581395499e-01 3.222472332558312669e-01
5.462209302325581328e-01 3.261506507424812851e-01
5.465116279069767158e-01 3.293745035236484431e-01
5.468023255813952987e-01 3.318446537290160592e-01
5.470930232558139927e-01 3.335383642651228442e-01
5.473837209302325757e-01 3.344739308438076653e-01
5.476744186046511587e-01 3.346954728059702844e-01
5.479651162790697416e-01 3.342553028346911259e-01
5.482558139534883246e-01 3.331966135866382683e-01
5.485465116279070186e-01 3.315391594031286693e-01
5.488372093023256015e-01 3.292701995514097368e-01
5.491279069767441845e-01 3.263421824376224190e-01
5.494186046511627675e-01 3.226775655800869780e-01
5.497093023255813504e-01 3.181800070785898993e-01
5.500000000000000444e-01 3.127501489557558689e-01
5.502906976744186274e-01 3.063034723861521313e-01
5.505813953488372103e-01 2.987873650820260241e-01
5.508720930232557933e-01 2.901947220842755470e-01
5.511627906976743763e-01 2.805720667554767456e-01
5.514534883720930702e-01 2.700210994003567344e-01
5.517441860465116532e-01 2.586935201764293257e-01
5.520348837209302362e-01 2.467798358120286972e-01
5.523255813953488191e-01 2.344936150510637807e-01
5.526162790697674021e-01 2.220532265867274646e-01
5.529069767441859851e-01 2.096633901902837938e-01
5.531976744186046790e-01 1.974988709093652983e-01
5.534883720930232620e-01 1.856923485684734976e-01
5.537790697674418450e-01 1.743279107795774052e-01
5.540697674418604279e-01 1.634408266947417199e-01
5.543604651162790109e-01 1.530234139668177618e-01
5.546511627906977049e-01 1.430360447350835784e-01
5.549418604651162878e-01 1.334217081616890788e-01
5.552325581395348708e-01 1.241220924315476343e-01
5.555232558139534538e-01 1.150929111692784862e-01
5.558139534883720367e-01 1.063162157439280220e-01
5.561046511627907307e-01 9.780774330238764525e-02
5.563953488372093137e-01 8.961798461417073980e-02
5.566860465116278966e-01 8.182657848321843452e-02
5.569767441860464796e-01 7.453068844539029181e-02
5.572674418604650626e-01 6.782897860495638864e-02
5.575581395348837566e-01 6.180352992105019733e-02
5.578488372093023395e-01 5.650245006066112463e-02
5.581395348837209225e-01 5.192595300901199640e-02
5.584302325581395054e-01 4.801824153876257245e-02
5.587209302325580884e-01 4.466664564247049135e-02
5.590116279069767824e-01 4.170833642961088022e-02
5.593023255813953654e-01 3.894376355732546285e-02
5.595930232558139483e-01 3.615491125651813104e-02
5.598837209302325313e-01 3.312569770245906570e-02
5.601744186046511143e-01 2.966154872171200552e-02
5.604651162790698082e-01 2.560544254106050799e-02
5.607558139534883912e-01 2.084841748955939406e-02
5.610465116279069742e-01 1.533343090867160877e-02
5.613372093023255571e-01 9.052407754356497568e-03
5.616279069767441401e-01 2.037242874654492369e-03
5.619186046511628341e-01 -5.653695428714966553e-03
5.622093023255814170e-01 -1.395148732795373214e-02
5.625000000000000000e-01 -2.279269496471058795e-02
5.627906976744185830e-01 -3.213321962357120615e-02
5.630813953488371659e-01 -4.195800283621271831e-02
5.633720930232558599e-01 -5.228519798865573220e-02
5.636627906976744429e-01 -6.316427201011014236e-02
5.639534883720930258e-01 -7.466838955901604347e-02
5.642441860465116088e-01 -8.688220360280304866e-02
5.645348837209301918e-01 -9.988671522532807656e-02
5.648255813953487747e-01 -1.137431666741968439e-01
5.651162790697674687e-01 -1.284780565832453203e-01
5.654069767441860517e-01 -1.440713450420734454e-01
5.656976744186046346e-01 -1.604496898727435783e-01
5.659883720930232176e-01 -1.774860368180888326e-01
5.662790697674418006e-01 -1.950060739362439455e-01
5.665697674418604946e-01 -2.128010622727249668e-01
5.668604651162790775e-01 -2.306455216671303154e-01
5.671511627906976605e-01 -2.483173622639909539e-01
5.674418604651162434e-01 -2.656175313975885355e-01
5.677325581395348264e-01 -2.823862603395034809e-01
5.680232558139535204e-01 -2.985135396381660700e-01
5.683139534883721034e-01 -3.139423719634698573e-01
5.686046511627906863e-01 -3.286644734868969797e-01
5.688953488372092693e-01 -3.427092781819974787e-01
5.691860465116278522e-01 -3.561281790014731441e-01
5.694767441860465462e-01 -3.689767009974230239e-01
5.697674418604651292e-01 -3.812975713026042213e-01
5.700581395348837122e-01 -3.931073837411065419e-01
5.703488372093022951e-01 -4.043888284726152027e-01
5.706395348837208781e-01 -4.150894433285078344e-01
5.709302325581395721e-01 -4.251267783268689038e-01
5.712209302325581550e-01 -4.343989541262979204e-01
5.715116279069767380e-01 -4.427989349182517298e-01
5.718023255813953210e-01 -4.502304328658108812e-01
5.720930232558139039e-01 -4.566232050447848745e-01
5.723837209302325979e-01 -4.619455991786851623e-01
5.726744186046511809e-01 -4.662125627374707482e-01
5.729651162790697638e-01 -4.694879427012628725e-01
5.732558139534883468e-01 -4.718806950107082843e-01
5.735465116279069298e-01 -4.735354563168698849e-01
5.738372093023256237e-01 -4.746186698094332912e-01
5.741279069767442067e-01 -4.753020049423927751e-01
5.744186046511627897e-01 -4.757451182470231466e-01
5.747093023255813726e-01 -4.760798592513872940e-01
5.749999999999999556e-01 -4.763978469765684509e-01
5.752906976744186496e-01 -4.767429674975779408e-01
5.755813953488372325e-01 -4.771098196691285209e-01
5.758720930232558155e-01 -4.774484831364331772e-01
5.761627906976743985e-01 -4.776751887918825323e-01
5.764534883720929814e-01 -4.776875760088873379e-01
5.767441860465116754e-01 -4.773823989303669357e-01
5.770348837209302584e-01 -4.766730416266785619e-01
5.773255813953488413e-01 -4.755041571279932655e-01
5.776162790697674243e-01 -4.738611400959969466e-01
5.779069767441860073e-01 -4.717729091273014652e-01
5.781976744186045902e-01 -4.693075398736751280e-01
5.784883720930232842e-01 -4.665614982471273375e-01
5.787790697674418672e-01 -4.636443114243001817e-01
5.790697674418604501e-01 -4.606612546202242808e-01
5.793604651162790331e-01 -4.576969377607208456e-01
5.796511627906976161e-01 -4.548025216704570939e-01
5.799418604651163101e-01 -4.519886458045812572e-01
5.802325581395348930e-01 -4.492250933282696534e-01
5.805232558139534760e-01 -4.464470310392631425e-01
5.808139534883720589e-01 -4.435666435391731333e-01
5.811046511627906419e-01 -4.404882775917964288e-01
5.813953488372093359e-01 -4.371248441290103148e-01
5.816860465116279189e-01 -4.334131922278192661e-01
5.819767441860465018e-01 -4.293264391829984539e-01
5.822674418604650848e-01 -4.248817218353938552e-01
5.825581395348836677e-01 -4.201424341486507119e-01
5.828488372093023617e-01 -4.152146858763783310e-01
5.831395348837209447e-01 -4.102384148401260200e-01
5.834302325581395277e-01 -4.053742334580032747e-01
5.837209302325581106e-01 -4.007876050115283251e-01
5.840116279069766936e-01 -3.966322780291669514e-01
5.843023255813953876e-01 -3.930350213738031950e-01
5.845930232558139705e-01 -3.900835596611223477e-01
5.848837209302325535e-01 -3.878192231141652235e-01
5.851744186046511365e-01 -3.862352777193573949e-01
5.854651162790697194e-01 -3.852812528655529256e-01
5.857558139534884134e-01 -3.848728418626689018e-01
5.860465116279069964e-01 -3.849061511431075000e-01
5.863372093023255793e-01 -3.852743430830835591e-01
5.866279069767441623e-01 -3.858842164210017356e-01
5.869186046511627453e-01 -3.866701206480546715e-01
5.872093023255814392e-01 -3.876028833356418013e-01
5.875000000000000222e-01 -3.886921533201742607e-01
5.877906976744186052e-01 -3.899816209539224143e-01
5.880813953488371881e-01 -3.915377577462109682e-01
5.883720930232557711e-01 -3.934338077868856920e-01
5.886627906976744651e-01 -3.957316019837459065e-01
5.889534883720930480e-01 -3.984641989084062863e-01
5.892441860465116310e-01 -4.016222413868398289e-01
5.895348837209302140e-01 -4.051462522426979018e-01
5.898255813953487969e-01 -4.089260506411161455e-01
5.901162790697673799e-01 -4.128072842117306851e-01
5.904069767441860739e-01 -4.166039470501248232e-01
5.906976744186046568e-01 -4.201148958060626493e-01
5.909883720930232398e-01 -4.231419569338679132e-01
5.912790697674418228e-01 -4.255072437443786493e-01
5.915697674418604057e-01 -4.270676071889910053e-01
5.918604651162790997e-01 -4.277245821231128176e-01
5.921511627906976827e-01 -4.274287500278033392e-01
5.924418604651162656e-01 -4.261781399150479377e-01
5.927325581395348486e-01 -4.240110634532014422e-01
5.930232558139534316e-01 -4.209945118695973543e-01
5.933139534883721256e-01 -4.172098342912133329e-01
5.936046511627907085e-01 -4.127377722954600481e-01
5.938953488372092915e-01 -4.076449504374197730e-01
5.941860465116278744e-01 -4.019736202366271383e-01
5.944767441860464574e-01 -3.957359494049587090e-01
5.947674418604651514e-01 -3.889135721163022863e-01
5.950581395348837344e-01 -3.814625199532708510e-01
5.953488372093023173e-01 -3.733230356603822186e-01
5.956395348837209003e-01 -3.644331386632708170e-01
5.959302325581394832e-01 -3.547441907414213835e-01
5.962209302325581772e-01 -3.442361870531718826e-01
5.965116279069767602e-01 -3.329302477694702223e-01
5.968023255813953432e-01 -3.208960012204856715e-01
5.970930232558139261e-01 -3.082522818227974026e-01
5.973837209302325091e-01 -2.951606632481377224e-01
5.976744186046512031e-01 -2.818125629178939162e-01
5.979651162790697860e-01 -2.684117614415807984e-01
5.982558139534883690e-01 -2.551549704379792449e-01
5.985465116279069520e-01 -2.422133808641815378e-01
5.988372093023255349e-01 -2.297179011990212183e-01
5.991279069767442289e-01 -2.177501668334657359e-01
5.994186046511628119e-01 -2.063404970514720327e-01
5.997093023255813948e-01 -1.954728839596456547e-01
5.999999999999999778e-01 -1.850959663740883443e-01
6.002906976744185608e-01 -1.751380148821458371e-01
6.005813953488372547e-01 -1.655234391870339106e-01
6.008720930232558377e-01 -1.561882710639498351e-01
6.011627906976744207e-01 -1.470924033174331180e-01
6.014534883720930036e-01 -1.382269753945271351e-01
6.017441860465115866e-01 -1.296160686095764458e-01
6.020348837209301696e-01 -1.213126721837063798e-01
6.023255813953488635e-01 -1.133896109496174559e-01
6.026162790697674465e-01 -1.059267533399530642e-01
6.029069767441860295e-01 -9.899629702967380207e-02
6.031976744186046124e-01 -9.264816367498959759e-02
6.034883720930231954e-01 -8.689747853929258303e-02
6.037790697674418894e-01 -8.171582661005966086e-02
6.040697674418604723e-01 -7.702753660572364547e-02
6.043604651162790553e-01 -7.271166588092121963e-02
6.046511627906976383e-01 -6.860967185759435372e-02
6.049418604651162212e-01 -6.453804860466325066e-02
6.052325581395349152e-01 -6.030456452425757286e-02
6.055232558139534982e-01 -5.572619800172762261e-02
6.058139534883720811e-01 -5.064649952169310992e-02
6.061046511627906641e-01 -4.495002533192832272e-02
6.063953488372092471e-01 -3.857175441913215236e-02
6.066860465116279411e-01 -3.150000246384201952e-02
6.069767441860465240e-01 -2.377224622764738393e-02
6.072674418604651070e-01 -1.546438544071411340e-02
6.075581395348836899e-01 -6.675083836100798897e-03
6.078488372093022729e-01 2.492331172600049244e-03
6.081395348837209669e-01 1.194753341089527417e-02
6.084302325581395499e-01 2.162761557719861810e-02
6.087209302325581328e-01 3.150597439498865199e-02
6.090116279069767158e-01 4.159434145007707279e-02
6.093023255813952987e-01 5.193786141263741912e-02
6.095930232558139927e-01 6.260429498853595232e-02
6.098837209302325757e-01 7.366931017239740365e-02
6.101744186046511587e-01 8.520034437231392699e-02
6.104651162790697416e-01 9.724164194711951148e-02
6.107558139534883246e-01 1.098027489188297956e-01
6.110465116279070186e-01 1.228520336565787630e-01
6.113372093023256015e-01 1.363159151810442726e-01
6.116279069767441845e-01 1.500836542001666163e-01
6.119186046511627675e-01 1.640168973118344697e-01
6.122093023255813504e-01 1.779626514574836338e-01
6.125000000000000444e-01 1.917680024957096885e-01
6.127906976744186274e-01 2.052947123935841278e-01
6.130813953488372103e-01 2.184318475910060342e-01
6.133720930232557933e-01 2.311048132176011516e-01
6.136627906976743763e-01 2.432796162398139506e-01
6.139534883720929592e-01 2.549618253121179179e-01
6.142441860465116532e-01 2.661904105255911701e-01
6.145348837209302362e-01 2.770272910601827010e-01
6.148255813953488191e-01 2.875439285299789538e-01
6.151162790697674021e-01 2.978066733089064777e-01
6.154069767441859851e-01 3.078628009828241474e-01
6.156976744186046790e-01 3.177292626680308096e-01
6.159883720930232620e-01 3.273860553571232845e-01
6.162790697674418450e-01 3.367756462767088066e-01
6.165697674418604279e-01 3.458089837324770932e-01
6.168604651162790109e-01 3.543774738350446429e-01
6.171511627906977049e-01 3.623692200270144381e-01
6.174418604651162878e-01 3.696870395668470644e-01
6.177325581395348708e-01 3.762653875714738194e-01
6.180232558139534538e-01 3.820834121469806610e-01
6.183139534883720367e-01 3.871719673481695545e-01
6.186046511627907307e-01 3.916134063724165393e-01
6.188953488372093137e-01 3.955341348791153733e-01
6.191860465116278966e-01 3.990910203782114807e-01
6.194767441860464796e-01 4.024536883264308584e-01
6.197674418604650626e-01 4.057853478112822820e-01
6.200581395348837566e-01 4.092249404448068950e-01
6.203488372093023395e-01 4.128730671288275977e-01
6.206395348837209225e-01 4.167834400342741996e-01
6.209302325581395054e-01 4.209607012871185439e-01
6.212209302325580884e-01 4.253644928868282604e-01
6.215116279069767824e-01 4.299188060137674738e-01
6.218023255813953654e-01 4.345250323158414973e-01
6.220930232558139483e-01 4.390768420272695982e-01
6.223837209302325313e-01 4.434749533593088100e-01
6.226744186046511143e-01 4.476399601484016832e-01
6.229651162790698082e-01 4.515216587734019460e-01
6.232558139534883912e-01 4.551037612119999687e-01
6.235465116279069742e-01 4.584034405996526007e-01
6.238372093023255571e-01 4.614657879085065084e-01
6.241279069767441401e-01 4.643539360524390203e-01
6.244186046511628341e-01 4.671362348956558108e-01
6.247093023255814170e-01 4.698722981329101489e-01
6.250000000000000000e-01 4.725999224722703396e-01
6.252906976744185830e-01 4.753248264040375592e-01
6.255813953488371659e-01 4.780148893232485929e-01
6.258720930232558599e-01 4.806000565478477649e-01
6.261627906976744429e-01 4.829783056474810099e-01
6.264534883720930258e-01 4.850271367736757600e-01
6.267441860465116088e-01 4.866191094205000733e-01
6.270348837209301918e-01 4.876391717510245027e-01
6.273255813953487747e-01 4.880011000049201408e-01
6.276162790697674687e-01 4.876604283470625245e-01
6.279069767441860517e-01 4.866218035185738144e-01
6.281976744186046346e-01 4.849396011526611594e-01
6.284883720930232176e-01 4.827117190356723375e-01
6.287790697674418006e-01 4.800675548628550171e-01
6.290697674418604946e-01 4.771520891767382921e-01
6.293604651162790775e-01 4.741085401217144946e-01
6.296511627906976605e-01 4.710621683420180839e-01
6.299418604651162434e-01 4.681075485985415896e-01
6.302325581395348264e-01 4.653010449700293316e-01
6.305232558139535204e-01 4.626593583037825197e-01
6.308139534883721034e-01 4.601640047481362350e-01
6.311046511627906863e-01 4.577707018593186183e-01
6.313953488372092693e-01 4.554220664385344453e-01
6.316860465116278522e-01 4.530617487363107765e-01
6.319767441860465462e-01 4.506480571709435279e-01
6.322674418604651292e-01 4.481652488168440529e-01
6.325581395348837122e-01 4.456309710440898297e-01
6.328488372093022951e-01 4.430988005045889966e-01
6.331395348837208781e-01 4.406554222473301752e-01
6.334302325581395721e-01 4.384127123238983903e-01
6.337209302325581550e-01 4.364957180862308883e-01
6.340116279069767380e-01 4.350280910281673075e-01
6.343023255813953210e-01 4.341168253625223294e-01
6.345930232558139039e-01 4.338382206350097636e-01
6.348837209302325979e-01 4.342268528723504106e-01
6.351744186046511809e-01 4.352690046540936275e-01
6.354651162790697638e-01 4.369015105576989355e-01
6.357558139534883468e-01 4.390163869896503424e-01
6.360465116279069298e-01 4.414709217310588407e-01
6.363372093023256237e-01 4.441020690815346561e-01
6.366279069767442067e-01 4.467431787647299646e-01
6.369186046511627897e-01 4.492405761008126941e-01
6.372093023255813726e-01 4.514674771284060140e-01
6.374999999999999556e-01 4.533331177056996730e-01
6.377906976744186496e-01 4.547857188748641311e-01
6.380813953488372325e-01 4.558089379820433051e-01
6.383720930232558155e-01 4.564125761023289929e-01
6.386627906976743985e-01 4.566192489887079820e-01
6.389534883720929814e-01 4.564493285806409673e-01
6.392441860465115644e-01 4.559067179335634101e-01
6.395348837209302584e-01 4.549678985615037141e-01
6.398255813953488413e-01 4.535761131152952208e-01
6.401162790697674243e-01 4.516415962801767492e-01
6.404069767441860073e-01 4.490477033962352871e-01
6.406976744186045902e-01 4.456618614375860710e-01
6.409883720930232842e-01 4.413496094588034158e-01
6.412790697674418672e-01 4.359896648108127493e-01
6.415697674418604501e-01 4.294879673296129186e-01
6.418604651162790331e-01 4.217889492162056331e-01
6.421511627906976161e-01 4.128827218173479197e-01
6.424418604651163101e-01 4.028073774993162215e-01
6.427325581395348930e-01 3.916461698476650377e-01
6.430232558139534760e-01 3.795199470359817973e-01
6.433139534883720589e-01 3.665757968356814778e-01
6.436046511627906419e-01 3.529733250343030648e-01
6.438953488372093359e-01 3.388702854985724544e-01
6.441860465116279189e-01 3.244093891314931422e-01
6.444767441860465018e-01 3.097080080071035191e-01
6.447674418604650848e-01 2.948521552937011792e-01
6.450581395348836677e-01 2.798956014748849586e-01
6.453488372093023617e-01 2.648643242324764668e-01
6.456395348837209447e-01 2.497657378043927623e-01
6.459302325581395277e-01 2.346014121520890450e-01
6.462209302325581106e-01 2.193813925895649330e-01
6.465116279069766936e-01 2.041378557132665084e-01
6.468023255813953876e-01 1.889357712492076569e-01
6.470930232558139705e-01 1.738785876317147927e-01
6.473837209302325535e-01 1.591077466473498347e-01
6.476744186046511365e-01 1.447958769526999090e-01
6.479651162790697194e-01 1.311345316848365194e-01
6.482558139534884134e-01 1.183181566755923259e-01
6.485465116279069964e-01 1.065265656813833839e-01
6.488372093023255793e-01 9.590848084876889279e-02
6.491279069767441623e-01 8.656854703606829682e-02
6.494186046511627453e-01 7.855964701629579439e-02
6.497093023255814392e-01 7.188148996120001522e-02
6.500000000000000222e-01 6.648548947364729678e-02
6.502906976744186052e-01 6.228500598502251934e-02
6.505813953488371881e-01 5.916923291360626919e-02
6.508720930232557711e-01 5.701852461123536886e-02
6.511627906976744651e-01 5.571890072291032364e-02
6.514534883720930480e-01 5.517376343955029960e-02
6.517441860465116310e-01 5.531137805961677117e-02
6.520348837209302140e-01 5.608727340335795813e-02
6.523255813953487969e-01 5.748137046845175346e-02
6.526162790697673799e-01 5.949031610616521693e-02
6.529069767441860739e-01 6.211612243655055543e-02
6.531976744186046568e-01 6.535270931558982699e-02
6.534883720930232398e-01 6.917224707680064144e-02
6.537790697674418228e-01 7.351325064502362006e-02
6.540697674418604057e-01 7.827216641605160008e-02
6.543604651162790997e-01 8.329975201736525281e-02
6.546511627906976827e-01 8.840293077484967510e-02
6.549418604651162656e-01 9.335208074410493440e-02
6.552325581395348486e-01 9.789300387040431040e-02
6.555232558139534316e-01 1.017622126676521743e-01
6.558139534883721256e-01 1.047037088620023093e-01
6.561046511627907085e-01 1.064851309183708766e-01
6.563953488372092915e-01 1.069110826279313642e-01
6.566860465116278744e-01 1.058317348793962470e-01
6.569767441860464574e-01 1.031454665295675477e-01
6.572674418604651514e-01 9.879528168735338123e-02
6.575581395348837344e-01 9.275980795911151211e-02
6.578488372093023173e-01 8.504060387621509287e-02
6.581395348837209003e-01 7.564807466137017655e-02
6.584302325581394832e-01 6.458842164325533097e-02
6.587209302325581772e-01 5.185378236225646198e-02
6.590116279069767602e-01 3.741717421100327484e-02
6.593023255813953432e-01 2.123311659328744327e-02
6.595930232558139261e-01 3.243925155836591395e-03
6.598837209302325091e-01 -1.660922424089890381e-02
6.601744186046512031e-01 -3.837207827572573088e-02
6.604651162790697860e-01 -6.206197455063725693e-02
6.607558139534883690e-01 -8.765357295888299982e-02
6.610465116279069520e-01 -1.150676855544247174e-01
6.613372093023255349e-01 -1.441647916475819191e-01
6.616279069767442289e-01 -1.747441434134377747e-01
6.619186046511628119e-01 -2.065486440562301906e-01
6.622093023255813948e-01 -2.392750268461364405e-01
6.624999999999999778e-01 -2.725882460238102656e-01
6.627906976744185608e-01 -3.061384180294515756e-01
6.630813953488372547e-01 -3.395782655652715420e-01
6.633720930232558377e-01 -3.725789541195758114e-01
6.636627906976744207e-01 -4.048424803484064749e-01
6.639534883720930036e-01 -4.361092960501769533e-01
6.642441860465115866e-01 -4.661605329785477592e-01
6.645348837209301696e-01 -4.948149213028922855e-01
6.648255813953488635e-01 -5.219211700189774206e-01
6.651162790697674465e-01 -5.473471547407890991e-01
6.654069767441860295e-01 -5.709677071589622788e-01
6.656976744186046124e-01 -5.926530627919159855e-01
6.659883720930231954e-01 -6.122600323152554980e-01
6.662790697674418894e-01 -6.296276781294435354e-01
6.665697674418604723e-01 -6.445786901799703816e-01
6.668604651162790553e-01 -6.569267736272808023e-01
6.671511627906976383e-01 -6.664892964484782079e-01
6.674418604651162212e-01 -6.731034633525238009e-01
6.677325581395349152e-01 -6.766436598074767605e-01
6.680232558139534982e-01 -6.770374449609908307e-01
6.683139534883720811e-01 -6.742779036185272412e-01
6.686046511627906641e-01 -6.684306165936126920e-01
6.688953488372092471e-01 -6.596343084263855960e-01
6.691860465116279411e-01 -6.480951438190316605e-01
6.694767441860465240e-01 -6.340754905030739907e-01
6.697674418604651070e-01 -6.178786562311925357e-01
6.700581395348836899e-01 -5.998316135452453901e-01
6.703488372093022729e-01 -5.802679623382152041e-01
6.706395348837209669e-01 -5.595132470448248574e-01
6.709302325581395499e-01 -5.378742632142886615e-01
6.712209302325581328e-01 -5.156332926231813607e-01
6.715116279069767158e-01 -4.930474313196550606e-01
6.718023255813952987e-01 -4.703524227655461742e-01
6.720930232558139927e-01 -4.477697926331135614e-01
6.723837209302325757e-01 -4.255156941764330902e-01
6.726744186046511587e-01 -4.038097167198432813e-01
6.729651162790697416e-01 -3.828819461714710881e-01
6.732558139534883246e-01 -3.629767997461285645e-01
6.735465116279070186e-01 -3.443526089451043881e-01
6.738372093023256015e-01 -3.272765406218060558e-01
6.741279069767441845e-01 -3.120151075844828648e-01
6.744186046511627675e-01 -2.988211517843678555e-01
6.747093023255813504e-01 -2.879187453220941606e-01
6.750000000000000444e-01 -2.794878587678157889e-01
6.752906976744186274e-01 -2.736507872686597120e-01
6.755813953488372103e-01 -2.704621761055523432e-01
6.758720930232557933e-01 -2.699040908295180508e-01
6.761627906976743763e-01 -2.718869662931293063e-01
6.764534883720929592e-01 -2.762564786557180629e-01
6.767441860465116532e-01 -2.828055301085584117e-01
6.770348837209302362e-01 -2.912897931796187834e-01
6.773255813953488191e-01 -3.014447615551321125e-01
6.776162790697674021e-01 -3.130020631565492151e-01
6.779069767441859851e-01 -3.257029494205413989e-01
6.781976744186046790e-01 -3.393073762882118927e-01
6.784883720930232620e-01 -3.535978314269069833e-01
6.787790697674418450e-01 -3.683778697664136237e-01
6.790697674418604279e-01 -3.834660786868085980e-01
6.793604651162790109e-01 -3.986868638507409801e-01
6.796511627906977049e-01 -4.138599554939349501e-01
6.799418604651162878e-01 -4.287907475049376194e-01
6.802325581395348708e-01 -4.432634169292449799e-01
6.805232558139534538e-01 -4.570382906594047112e-01
6.808139534883720367e-01 -4.698542599270774667e-01
6.811046511627907307e-01 -4.814362958269402526e-01
6.813953488372093137e-01 -4.915073833272105563e-01
6.816860465116278966e-01 -4.998035695290680147e-01
6.819767441860464796e-01 -5.060903718351560387e-01
6.822674418604650626e-01 -5.101785248336275780e-01
6.825581395348837566e-01 -5.119370076734689468e-01
6.828488372093023395e-01 -5.113015789212170814e-01
6.831395348837209225e-01 -5.082776785651639262e-01
6.834302325581395054e-01 -5.029374022153410007e-01
6.837209302325580884e-01 -4.954110895850687979e-01
6.840116279069767824e-01 -4.858747355283265512e-01
6.843023255813953654e-01 -4.745348606248947498e-01
6.845930232558139483e-01 -4.616126657216924611e-01
6.848837209302325313e-01 -4.473292858910710712e-01
6.851744186046511143e-01 -4.318938055909501972e-01
6.854651162790698082e-01 -4.154953871411096178e-01
6.857558139534883912e-01 -3.983003492719522365e-01
6.860465116279069742e-01 -3.804543357237669121e-01
6.863372093023255571e-01 -3.620889458649070303e-01
6.866279069767441401e-01 -3.433314654112808451e-01
6.869186046511628341e-01 -3.243157493528682211e-01
6.872093023255814170e-01 -3.051920555623596210e-01
6.875000000000000000e-01 -2.861338479866706863e-01
6.877906976744185830e-01 -2.673402066854000392e-01
6.880813953488371659e-01 -2.490332580349748359e-01
6.883720930232557489e-01 -2.314507898010713383e-01
6.886627906976744429e-01 -2.148348831663696168e-01
6.889534883720930258e-01 -1.994179248895651679e-01
6.892441860465116088e-01 -1.854076916588992541e-01
6.895348837209301918e-01 -1.729733297615910215e-01
6.898255813953487747e-01 -1.622340289832244209e-01
6.901162790697674687e-01 -1.532519809304445368e-01
6.904069767441860517e-01 -1.460307368043909371e-01
6.906976744186046346e-01 -1.405193417245992338e-01
6.909883720930232176e-01 -1.366217571896500838e-01
6.912790697674418006e-01 -1.342102580837195580e-01
6.915697674418604946e-01 -1.331408537968168659e-01
6.918604651162790775e-01 -1.332684863662506602e-01
6.921511627906976605e-01 -1.344598917169727292e-01
6.924418604651162434e-01 -1.366025009981652882e-01
6.927325581395348264e-01 -1.396084317940059216e-01
6.930232558139535204e-01 -1.434133429609083243e-01
6.933139534883721034e-01 -1.479706383621292864e-01
6.936046511627906863e-01 -1.532421208910299815e-01
6.938953488372092693e-01 -1.591866290540472906e-01
6.941860465116278522e-01 -1.657484188653171597e-01
6.944767441860465462e-01 -1.728471049932871206e-01
6.947674418604651292e-01 -1.803708133874518393e-01
6.950581395348837122e-01 -1.881737693446995374e-01
6.953488372093022951e-01 -1.960788841173231600e-01
6.956395348837208781e-01 -2.038851382653763533e-01
6.959302325581395721e-01 -2.113788221374451326e-01
6.962209302325581550e-01 -2.183470895212974161e-01
6.965116279069767380e-01 -2.245919254470236659e-01
6.968023255813953210e-01 -2.299426007790243975e-01
6.970930232558139039e-01 -2.342649532216460606e-01
6.973837209302325979e-01 -2.374662992186181987e-01
6.976744186046511809e-01 -2.394953736373634789e-01
6.979651162790697638e-01 -2.403373737593291204e-01
6.982558139534883468e-01 -2.400048588815827943e-01
6.985465116279069298e-01 -2.385257923956079773e-01
6.988372093023256237e-01 -2.359303619313067868e-01
6.991279069767442067e-01 -2.322384127459113934e-01
6.994186046511627897e-01 -2.274493416614073449e-01
6.997093023255813726e-01 -2.215360028980802309e-01
6.999999999999999556e-01 -2.144435680235839137e-01
7.002906976744186496e-01 -2.060935367039276045e-01
7.005813953488372325e-01 -1.963923903520893299e-01
7.008720930232558155e-01 -1.852437707655890664e-01
7.011627906976743985e-01 -1.725625746572762020e-01
7.014534883720929814e-01 -1.582890532332457134e-01
7.017441860465115644e-01 -1.424009477960139769e-01
7.020348837209302584e-01 -1.249218801444040849e-01
7.023255813953488413e-01 -1.059246495663426213e-01
7.026162790697674243e-01 -8.552877578514458956e-02
7.029069767441860073e-01 -6.389251661035083574e-02
7.031976744186045902e-01 -4.120052133391712695e-02
7.034883720930232842e-01 -1.764905124106220732e-02
7.037790697674418672e-01 6.568882086691913043e-03
7.040697674418604501e-01 3.127617443646179413e-02
7.043604651162790331e-01 5.632032301679200381e-02
7.046511627906976161e-01 8.157717294996522095e-02
7.049418604651163101e-01 1.069495062164746435e-01
7.052325581395348930e-01 1.323609295693426169e-01
7.055232558139534760e-01 1.577460894961171534e-01
7.058139534883720589e-01 1.830386983219852437e-01
7.061046511627906419e-01 2.081591395395168964e-01
7.063953488372093359e-01 2.330035284337663715e-01
7.066860465116279189e-01 2.574360250456365073e-01
7.069767441860465018e-01 2.812858354315999065e-01
7.072674418604650848e-01 3.043496396034605089e-01
7.075581395348836677e-01 3.263992943515520717e-01
7.078488372093023617e-01 3.471938459447220238e-01
7.081395348837209447e-01 3.664943282216009957e-01
7.084302325581395277e-01 3.840795356584977838e-01
7.087209302325581106e-01 3.997609247794225440e-01
7.090116279069766936e-01 4.133949897271878005e-01
7.093023255813953876e-01 4.248918157055423528e-01
7.095930232558139705e-01 4.342189522619209208e-01
7.098837209302325535e-01 4.414002390633158246e-01
7.101744186046511365e-01 4.465097929127844201e-01
7.104651162790697194e-01 4.496620090489915622e-01
7.107558139534884134e-01 4.509990206192153739e-01
7.110465116279069964e-01 4.506774769607698183e-01
7.113372093023255793e-01 4.488566816064870069e-01
7.116279069767441623e-01 4.456899968925395195e-01
7.119186046511627453e-01 4.413208922348439978e-01
7.122093023255814392e-01 4.358841414428134553e-01
7.125000000000000222e-01 4.295116926652034484e-01
7.127906976744186052e-01 4.223418986095660022e-01
7.130813953488371881e-01 4.145302376587271520e-01
7.133720930232557711e-01 4.062594250578266397e-01
7.136627906976743541e-01 3.977469328195748499e-01
7.139534883720930480e-01 3.892483707861103537e-01
7.142441860465116310e-01 3.810558150508273623e-01
7.145348837209302140e-01 3.734908836329837722e-01
7.148255813953487969e-01 3.668930727987586571e-01
7.151162790697673799e-01 3.616045072270451799e-01
7.154069767441860739e-01 3.579527421468767234e-01
7.156976744186046568e-01 3.562335411496521664e-01
7.159883720930232398e-01 3.566956076179960688e-01
7.162790697674418228e-01 3.595289983306940718e-01
7.165697674418604057e-01 3.648583809922394949e-01
7.168604651162790997e-01 3.727415618661326646e-01
7.171511627906976827e-01 3.831730065439191146e-01
7.174418604651162656e-01 3.960915023092662079e-01
7.177325581395348486e-01 4.113906794983039905e-01
7.180232558139534316e-01 4.289308610619053663e-01
7.183139534883721256e-01 4.485506792449625024e-01
7.186046511627907085e-01 4.700770263838753849e-01
7.188953488372092915e-01 4.933321102383345091e-01
7.191860465116278744e-01 5.181366961530855519e-01
7.194767441860464574e-01 5.443091402895089415e-01
7.197674418604651514e-01 5.716605266109593408e-01
7.200581395348837344e-01 5.999869137655472473e-01
7.203488372093023173e-01 6.290601871471701578e-01
7.206395348837209003e-01 6.586192655662438389e-01
7.209302325581394832e-01 6.883634573290499103e-01
7.212209302325581772e-01 7.179495727258315974e-01
7.215116279069767602e-01 7.469939639101489393e-01
7.218023255813953432e-01 7.750800238628288152e-01
7.220930232558139261e-01 8.017708998125271380e-01
7.223837209302325091e-01 8.266263446533831383e-01
7.226744186046512031e-01 8.492218829133171276e-01
7.229651162790697860e-01 8.691679815967142675e-01
7.232558139534883690e-01 8.861268141146829702e-01
7.235465116279069520e-01 8.998245329998177944e-01
7.238372093023255349e-01 9.100577059027147309e-01
7.241279069767442289e-01 9.166935853216707786e-01
7.244186046511628119e-01 9.196649002356330760e-01
7.247093023255813948e-01 9.189605957796658231e-01
7.249999999999999778e-01 9.146143002377479236e-01
7.252906976744185608e-01 9.066923432322048226e-01
7.255813953488372547e-01 8.952829882937873851e-01
7.258720930232558377e-01 8.804882297977487671e-01
7.261627906976744207e-01 8.624190826197061233e-01
7.264534883720930036e-01 8.411947987837420371e-01
7.267441860465115866e-01 8.169458765663891731e-01
7.270348837209301696e-01 7.898201038998947654e-01
7.273255813953488635e-01 7.599903262488710842e-01
7.276162790697674465e-01 7.276623207242438607e-01
7.279069767441860295e-01 6.930811515929358180e-01
7.281976744186046124e-01 6.565346164801837414e-01
7.284883720930231954e-01 6.183528108144114022e-01
7.287790697674418894e-01 5.789033892391515224e-01
7.290697674418604723e-01 5.385826694213320387e-01
7.293604651162790553e-01 4.978031941964561891e-01
7.296511627906976383e-01 4.569787454002302018e-01
7.299418604651162212e-01 4.165081432204106870e-01
7.302325581395349152e-01 3.767594418929814393e-01
7.305232558139534982e-01 3.380562463094636261e-01
7.308139534883720811e-01 3.006677635313707575e-01
7.311046511627906641e-01 2.648038614868726270e-01
7.313953488372092471e-01 2.306158191554569803e-01
7.316860465116279411e-01 1.982026231668915506e-01
7.319767441860465240e-01 1.676217259562695627e-01
7.322674418604651070e-01 1.389023790081082843e-01
7.325581395348836899e-01 1.120592021966608232e-01
7.328488372093022729e-01 8.710363735567513976e-02
7.331395348837209669e-01 6.405137531004845286e-02
7.334302325581395499e-01 4.292466612956646194e-02
7.337209302325581328e-01 2.374941225401530631e-02
7.340116279069767158e-01 6.547845724332484671e-03
7.343023255813952987e-01 -8.671750478240593599e-03
7.345930232558139927e-01 -2.192643571387008911e-02
7.348837209302325757e-01 -3.326918468339119805e-02
7.351744186046511587e-01 -4.279689645930653819e-02
7.354651162790697416e-01 -5.065449960704915267e-02
7.357558139534883246e-01 -5.703434663811414451e-02
7.360465116279070186e-01 -6.217073794998990988e-02
7.363372093023256015e-01 -6.633013304137859445e-02
7.366279069767441845e-01 -6.979822487341121040e-02
7.369186046511627675e-01 -7.286539441309992926e-02
7.372093023255813504e-01 -7.581211622397658612e-02
7.375000000000000444e-01 -7.889576221253867538e-02
7.377906976744186274e-01 -8.234001846049282536e-02
7.380813953488372103e-01 -8.632780956604277356e-02
7.383720930232557933e-01 -9.099826161707466610e-02
7.386627906976743763e-01 -9.644787328763938794e-02
7.389534883720929592e-01 -1.027356870834964381e-01
7.392441860465116532e-01 -1.098918097894272250e-01
7.395348837209302362e-01 -1.179281455661275180e-01
7.398255813953488191e-01 -1.268498074332888581e-01
7.401162790697674021e-01 -1.366654838393101534e-01
7.404069767441859851e-01 -1.473950893055728795e-01
7.406976744186046790e-01 -1.590733418428987023e-01
7.409883720930232620e-01 -1.717485078937354415e-01
7.412790697674418450e-01 -1.854763615632947504e-01
7.415697674418604279e-01 -2.003102409211352519e-01
7.418604651162790109e-01 -2.162887934835720782e-01
7.421511627906977049e-01 -2.334234938769345624e-01
7.424418604651162878e-01 -2.516881883047670798e-01
7.427325581395348708e-01 -2.710126660203714954e-01
7.430232558139534538e-01 -2.912815791154679812e-01
7.433139534883720367e-01 -3.123390737374900361e-01
7.436046511627907307e-01 -3.339984712397627287e-01
7.438953488372093137e-01 -3.560554615791987620e-01
7.441860465116278966e-01 -3.783027261967537025e-01
7.444767441860464796e-01 -4.005437921448959382e-01
7.447674418604650626e-01 -4.226042009854119041e-01
7.450581395348837566e-01 -4.443386382764772935e-01
7.453488372093023395e-01 -4.656333938456899690e-01
7.456395348837209225e-01 -4.864042746520356175e-01
7.459302325581395054e-01 -5.065907087792449470e-01
7.462209302325580884e-01 -5.261471762512308636e-01
7.465116279069767824e-01 -5.450333244533208665e-01
7.468023255813953654e-01 -5.632042251340135808e-01
7.470930232558139483e-01 -5.806021635107311285e-01
7.473837209302325313e-01 -5.971510824180437105e-01
7.476744186046511143e-01 -6.127544241979996364e-01
7.479651162790698082e-01 -6.272967273299793201e-01
7.482558139534883912e-01 -6.406489407886907239e-01
7.485465116279069742e-01 -6.526769861748317192e-01
7.488372093023255571e-01 -6.632526833134226862e-01
7.491279069767441401e-01 -6.722658467185776976e-01
7.494186046511628341e-01 -6.796361583140032581e-01
7.497093023255814170e-01 -6.853232877540038626e-01
7.500000000000000000e-01 -6.893337373824249825e-01
7.502906976744185830e-01 -6.917231700973291986e-01
7.505813953488371659e-01 -6.925935413261298246e-01
7.508720930232557489e-01 -6.920850747687220528e-01
7.511627906976744429e-01 -6.903638937405209841e-01
7.514534883720930258e-01 -6.876068732160411923e-01
7.517441860465116088e-01 -6.839858527930651189e-01
7.520348837209301918e-01 -6.796535562183617651e-01
7.523255813953487747e-01 -6.747333404065161133e-01
7.526162790697674687e-01 -6.693142987769367114e-01
7.529069767441860517e-01 -6.634523333758354235e-01
7.531976744186046346e-01 -6.571767294058254993e-01
7.534883720930232176e-01 -6.505007802144672224e-01
7.537790697674418006e-01 -6.434343568947291647e-01
7.540697674418604946e-01 -6.359960798227973777e-01
7.543604651162790775e-01 -6.282229287085214775e-01
7.546511627906976605e-01 -6.201757013214157510e-01
7.549418604651162434e-01 -6.119395780105227889e-01
7.552325581395348264e-01 -6.036199147995460201e-01
7.555232558139535204e-01 -5.953340626664157531e-01
7.558139534883721034e-01 -5.872004808522698349e-01
7.561046511627906863e-01 -5.793267350422108830e-01
7.563953488372092693e-01 -5.717980891407249411e-01
7.566860465116278522e-01 -5.646682090964212364e-01
7.569767441860465462e-01 -5.579530551766501700e-01
7.572674418604651292e-01 -5.516285346157219216e-01
7.575581395348837122e-01 -5.456320326418173661e-01
7.578488372093022951e-01 -5.398675417932587983e-01
7.581395348837208781e-01 -5.342137866979492777e-01
7.584302325581395721e-01 -5.285345212059353592e-01
7.587209302325581550e-01 -5.226900095230256893e-01
7.590116279069767380e-01 -5.165485333829717973e-01
7.593023255813953210e-01 -5.099966410418630414e-01
7.595930232558139039e-01 -5.029468715572692483e-01
7.598837209302325979e-01 -4.953418809818452839e-01
7.601744186046511809e-01 -4.871542675078229800e-01
7.604651162790697638e-01 -4.783819680070403590e-01
7.607558139534883468e-01 -4.690398362801098675e-01
7.610465116279069298e-01 -4.591487450530202241e-01
7.613372093023256237e-01 -4.487240937978472233e-01
7.616279069767442067e-01 -4.377658519838352746e-01
7.619186046511627897e-01 -4.262521723580837141e-01
7.622093023255813726e-01 -4.141381135647038692e-01
7.624999999999999556e-01 -4.013601190637172689e-01
7.627906976744185386e-01 -3.878457771026632139e-01
7.630813953488372325e-01 -3.735273169804179116e-01
7.633720930232558155e-01 -3.583565373707242596e-01
7.636627906976743985e-01 -3.423185734744411679e-01
7.639534883720929814e-01 -3.254421489360165287e-01
7.642441860465115644e-01 -3.078046565909517973e-01
7.645348837209302584e-01 -2.895313580425681876e-01
7.648255813953488413e-01 -2.707889339233064963e-01
7.651162790697674243e-01 -2.517744041938785315e-01
7.654069767441860073e-01 -2.327010125496578596e-01
7.656976744186045902e-01 -2.137829688692323704e-01
7.659883720930232842e-01 -1.952209245048080744e-01
7.662790697674418672e-01 -1.771897735982198296e-01
7.665697674418604501e-01 -1.598299408619442141e-01
7.668604651162790331e-01 -1.432427874653089683e-01
7.671511627906976161e-01 -1.274901813893808133e-01
7.674418604651163101e-01 -1.125977660675075848e-01
7.677325581395348930e-01 -9.856115053316069630e-02
7.680232558139534760e-01 -8.535410248245660358e-02
7.683139534883720589e-01 -7.293772348263480310e-02
7.686046511627906419e-01 -6.126948960293599616e-02
7.688953488372093359e-01 -5.031101261950636505e-02
7.691860465116279189e-01 -4.003343584177073561e-02
7.694767441860465018e-01 -3.041952285842091513e-02
7.697674418604650848e-01 -2.146180813333118179e-02
7.700581395348836677e-01 -1.315673020854095550e-02
7.703488372093023617e-01 -5.495383359656201908e-03
7.706395348837209447e-01 1.547778629244212596e-03
7.709302325581395277e-01 8.026425300595088977e-03
7.712209302325581106e-01 1.403190898495211385e-02
7.715116279069766936e-01 1.969891867664262664e-02
7.718023255813953876e-01 2.520578129359911726e-02
7.720930232558139705e-01 3.076880272913627701e-02
7.723837209302325535e-01 3.663102038292966045e-02
7.726744186046511365e-01 4.304672294386756304e-02
7.729651162790697194e-01 5.026392006949746000e-02
7.732558139534884134e-01 5.850738078770830602e-02
7.735465116279069964e-01 6.796473610709449775e-02
7.738372093023255793e-01 7.877750424915268279e-02
7.741279069767441623e-01 9.103794886222886518e-02
7.744186046511627453e-01 1.047916294099803386e-01
7.747093023255814392e-01 1.200445445968067876e-01
7.750000000000000222e-01 1.367731140182777971e-01
7.752906976744186052e-01 1.549350156359292074e-01
7.755813953488371881e-01 1.744790558282220960e-01
7.758720930232557711e-01 1.953526677276878065e-01
7.761627906976743541e-01 2.175062027361783501e-01
7.764534883720930480e-01 2.408937814167968205e-01
7.767441860465116310e-01 2.654709556942980164e-01
7.770348837209302140e-01 2.911897435296796344e-01
7.773255813953487969e-01 3.179918053131494116e-01
7.776162790697673799e-01 3.458006961993924100e-01
7.779069767441860739e-01 3.745142038361430337e-01
7.781976744186046568e-01 4.039977462379258366e-01
7.784883720930232398e-01 4.340797452509894683e-01
7.787790697674418228e-01 4.645498476670736898e-01
7.790697674418604057e-01 4.951607183995831996e-01
7.793604651162790997e-01 5.256337615372699279e-01
7.796511627906976827e-01 5.556686098460240641e-01
7.799418604651162656e-01 5.849557177592150659e-01
7.802325581395348486e-01 6.131909425776479461e-01
7.805232558139534316e-01 6.400905894702744181e-01
7.808139534883721256e-01 6.654051061305542580e-01
7.811046511627907085e-01 6.889295792632600390e-01
7.813953488372092915e-01 7.105094756507662757e-01
7.816860465116278744e-01 7.300406896593193418e-01
7.819767441860464574e-01 7.474638834440946455e-01
7.822674418604651514e-01 7.627541969163815772e-01
7.825581395348837344e-01 7.759083600732571417e-01
7.828488372093023173e-01 7.869317468317892361e-01
7.831395348837209003e-01 7.958278312094195783e-01
7.834302325581394832e-01 8.025919085746605619e-01
7.837209302325581772e-01 8.072099937344913156e-01
7.840116279069767602e-01 8.096627272149536925e-01
7.843023255813953432e-01 8.099331738868773556e-01
7.845930232558139261e-01 8.080167777792328643e-01
7.848837209302325091e-01 8.039314904937516770e-01
7.851744186046512031e-01 7.977261920864738842e-01
7.854651162790697860e-01 7.894859396219330305e-01
7.857558139534883690e-01 7.793332185097987530e-01
7.860465116279069520e-01 7.674250626074508030e-01
7.863372093023255349e-01 7.539465032520711318e-01
7.866279069767442289e-01 7.391012612146784511e-01
7.869186046511628119e-01 7.231008843610978731e-01
7.872093023255813948e-01 7.061535838426156175e-01
7.874999999999999778e-01 6.884538261687765948e-01
7.877906976744185608e-01 6.701734502497167512e-01
7.880813953488371437e-01 6.514548774215813687e-01
7.883720930232558377e-01 6.324068983792048293e-01
7.886627906976744207e-01 6.131034573810451027e-01
7.889534883720930036e-01 5.935857259123497043e-01
7.892441860465115866e-01 5.738675126909587032e-01
7.895348837209301696e-01 5.539436386859908357e-01
7.898255813953488635e-01 5.338003364308094856e-01
7.901162790697674465e-01 5.134261871932286336e-01
7.904069767441860295e-01 4.928218072177840692e-01
7.906976744186046124e-01 4.720065413860470849e-01
7.909883720930231954e-01 4.510208095765496639e-01
7.912790697674418894e-01 4.299234320014582722e-01
7.915697674418604723e-01 4.087841413943933966e-01
7.918604651162790553e-01 3.876723976015422624e-01
7.921511627906976383e-01 3.666443631423793592e-01
7.924418604651162212e-01 3.457303345584016863e-01
7.927325581395349152e-01 3.249249536730287047e-01
7.930232558139534982e-01 3.041820997486102685e-01
7.933139534883720811e-01 2.834155530014633162e-01
7.936046511627906641e-01 2.625054997828194514e-01
7.938953488372092471e-01 2.413099264901632512e-01
7.941860465116279411e-01 2.196791025692286514e-01
7.944767441860465240e-01 1.974708602166068694e-01
7.947674418604651070e-01 1.745643782753804607e-01
7.950581395348836899e-01 1.508706413195180784e-01
7.953488372093022729e-01 1.263384661556785638e-01
7.956395348837209669e-01 1.009557609345470286e-01
7.959302325581395499e-01 7.474641142773352787e-02
7.962209302325581328e-01 4.776378962290669938e-02
7.965116279069767158e-01 2.008220689334291875e-02
7.968023255813952987e-01 -8.212376962585551596e-03
7.970930232558139927e-01 -3.703130352301758216e-02
7.973837209302325757e-01 -6.629099495752570348e-02
7.976744186046511587e-01 -9.591893432262325880e-02
7.979651162790697416e-01 -1.258573661587661374e-01
7.982558139534883246e-01 -1.560643334320203912e-01
7.985465116279070186e-01 -1.865117551395034934e-01
7.988372093023256015e-01 -2.171804616323470827e-01
7.991279069767441845e-01 -2.480525301911243874e-01
7.994186046511627675e-01 -2.791017983245004941e-01
7.997093023255813504e-01 -3.102838841008577209e-01
8.000000000000000444e-01 -3.415273076143821029e-01
8.002906976744186274e-01 -3.727273519393272116e-01
8.005813953488372103e-01 -4.037440662717946549e-01
8.008720930232557933e-01 -4.344052605821706048e-01
8.011627906976743763e-01 -4.645145463348355763e-01
8.014534883720929592e-01 -4.938635839326972476e-01
8.017441860465116532e-01 -5.222468371010090538e-01
8.020348837209302362e-01 -5.494764813596766384e-01
8.023255813953488191e-01 -5.753949022605641117e-01
8.026162790697674021e-01 -5.998825913261823795e-01
8.029069767441859851e-01 -6.228601236723129153e-01
8.031976744186046790e-01 -6.442840484767519138e-01
8.034883720930232620e-01 -6.641376896678707897e-01
8.037790697674418450e-01 -6.824187944547727147e-01
8.040697674418604279e-01 -6.991264517951182311e-01
8.043604651162790109e-01 -7.142496295522767769e-01
8.046511627906977049e-01 -7.277591515186138116e-01
8.049418604651162878e-01 -7.396041597559953606e-01
8.052325581395348708e-01 -7.497132628420147826e-01
8.055232558139534538e-01 -7.579998117358526244e-01
8.058139534883720367e-01 -7.643702105532346192e-01
8.061046511627907307e-01 -7.687338997981608690e-01
8.063953488372093137e-01 -7.710135848320265328e-01
8.066860465116278966e-01 -7.711543876033541967e-01
8.069767441860464796e-01 -7.691308931051459297e-01
8.072674418604650626e-01 -7.649514893594111520e-01
8.075581395348837566e-01 -7.586597888235354636e-01
8.078488372093023395e-01 -7.503331341430979906e-01
8.081395348837209225e-01 -7.400782743539976449e-01
8.084302325581395054e-01 -7.280243898555051052e-01
8.087209302325580884e-01 -7.143138297839687345e-01
8.090116279069767824e-01 -6.990912198705645508e-01
8.093023255813953654e-01 -6.824919912805396116e-01
8.095930232558139483e-01 -6.646317780042952927e-01
8.098837209302325313e-01 -6.455983281738876256e-01
8.101744186046511143e-01 -6.254473967092678555e-01
8.104651162790698082e-01 -6.042035320659879805e-01
8.107558139534883912e-01 -5.818658641773243323e-01
8.110465116279069742e-01 -5.584180840039141280e-01
8.113372093023255571e-01 -5.338409565181924110e-01
8.116279069767441401e-01 -5.081251596916123159e-01
8.119186046511628341e-01 -4.812821414719425372e-01
8.122093023255814170e-01 -4.533510205473795240e-01
8.125000000000000000e-01 -4.244002402610581037e-01
8.127906976744185830e-01 -3.945236439066101553e-01
8.130813953488371659e-01 -3.638317348342075541e-01
8.133720930232557489e-01 -3.324398431015330724e-01
8.136627906976744429e-01 -3.004554648100779546e-01
8.139534883720930258e-01 -2.679670736520863294e-01
8.142441860465116088e-01 -2.350362939612067881e-01
8.145348837209301918e-01 -2.016945908888161942e-01
8.148255813953487747e-01 -1.679447450176971557e-01
8.151162790697674687e-01 -1.337665581563761974e-01
8.154069767441860517e-01 -9.912564866356403381e-02
8.156976744186046346e-01 -6.398386664654477640e-02
8.159883720930232176e-01 -2.830977565579320676e-02
8.162790697674418006e-01 7.912164857691949757e-03
8.165697674418604946e-01 4.467465297125257362e-02
8.168604651162790775e-01 8.194328280720461488e-02
8.171511627906976605e-01 1.196550660048449205e-01
8.174418604651162434e-01 1.577196426399114226e-01
8.177325581395348264e-01 1.960229674007712419e-01
8.180232558139535204e-01 2.344331505680223582e-01
8.183139534883721034e-01 2.728080045358335370e-01
8.186046511627906863e-01 3.110036301322356422e-01
8.188953488372092693e-01 3.488830695067035581e-01
8.191860465116278522e-01 3.863237832087596524e-01
8.194767441860465462e-01 4.232226414651040214e-01
8.197674418604651292e-01 4.594973260816084815e-01
8.200581395348837122e-01 4.950835085418923698e-01
8.203488372093022951e-01 5.299278573581498453e-01
8.206395348837208781e-01 5.639777240734172858e-01
8.209302325581395721e-01 5.971690651768813973e-01
8.212209302325581550e-01 6.294145939456948780e-01
8.215116279069767380e-01 6.605942549227552529e-01
8.218023255813953210e-01 6.905498747291046735e-01
8.220930232558139039e-01 7.190852534951654995e-01
8.223837209302325979e-01 7.459720549222353947e-01
8.226744186046511809e-01 7.709608046538883874e-01
8.229651162790697638e-01 7.937953656836590488e-01
8.232558139534883468e-01 8.142286202204699341e-01
8.235465116279069298e-01 8.320368858994137140e-01
8.238372093023256237e-01 8.470309133603185492e-01
8.241279069767442067e-01 8.590620715560119969e-01
8.244186046511627897e-01 8.680232689591560469e-01
8.247093023255813726e-01 8.738450410412202940e-01
8.249999999999999556e-01 8.764879572126460516e-01
8.252906976744185386e-01 8.759330022921616443e-01
8.255813953488372325e-01 8.721717560510438005e-01
8.258720930232558155e-01 8.651979836426889614e-01
8.261627906976743985e-01 8.550017817833819311e-01
8.264534883720929814e-01 8.415668722695344162e-01
8.267441860465115644e-01 8.248710932226757109e-01
8.270348837209302584e-01 8.048896911566300050e-01
8.273255813953488413e-01 7.816007718055367759e-01
8.276162790697674243e-01 7.549922395310676437e-01
8.279069767441860073e-01 7.250696081608466459e-01
8.281976744186045902e-01 6.918640595982233910e-01
8.284883720930232842e-01 6.554400364571775217e-01
8.287790697674418672e-01 6.159015217245571439e-01
8.290697674418604501e-01 5.733960315785170403e-01
8.293604651162790331e-01 5.281153289294978626e-01
8.296511627906976161e-01 4.802921132231902090e-01
8.299418604651163101e-01 4.301925404095367500e-01
8.302325581395348930e-01 3.781052512900311968e-01
8.305232558139534760e-01 3.243283628436166577e-01
8.308139534883720589e-01 2.691563798461239498e-01
8.311046511627906419e-01 2.128691213896403700e-01
8.313953488372093359e-01 1.557245094836603727e-01
8.316860465116279189e-01 9.795645847758403801e-02
8.319767441860465018e-01 3.977823397500635655e-02
8.322674418604650848e-01 -1.860932424625861420e-02
8.325581395348836677e-01 -7.700623712374037033e-02
8.328488372093023617e-01 -1.352006844819815534e-01
8.331395348837209447e-01 -1.929576283013137161e-01
8.334302325581395277e-01 -2.500109533964923747e-01
8.337209302325581106e-01 -3.060606213810295739e-01
8.340116279069766936e-01 -3.607754080290779264e-01
8.343023255813953876e-01 -4.138008000915335272e-01
8.345930232558139705e-01 -4.647707262335421530e-01
8.348837209302325535e-01 -5.133211984277925577e-01
8.351744186046511365e-01 -5.591037852129365771e-01
8.354651162790697194e-01 -6.017970858398875578e-01
8.357558139534884134e-01 -6.411148917201627828e-01
8.360465116279069964e-01 -6.768104052129105819e-01
8.363372093023255793e-01 -7.086766167301330466e-01
8.366279069767441623e-01 -7.365435296652420583e-01
8.369186046511627453e-01 -7.602732244593755073e-01
8.372093023255813282e-01 -7.797537864661816531e-01
8.375000000000000222e-01 -7.948929899569353585e-01
8.377906976744186052e-01 -8.056124148957386488e-01
8.380813953488371881e-01 -8.118424786497645540e-01
8.383720930232557711e-01 -8.135188257335305151e-01
8.386627906976743541e-01 -8.105806453381497745e-01
8.389534883720930480e-01 -8.029715922317848253e-01
8.392441860465116310e-01 -7.906438570747474914e-01
8.395348837209302140e-01 -7.735655166719244136e-01
8.398255813953487969e-01 -7.517306878985499097e-01
8.401162790697673799e-01 -7.251713353612352364e-01
8.404069767441860739e-01 -6.939689988897311812e-01
8.406976744186046568e-01 -6.582644330035035685e-01
8.409883720930232398e-01 -6.182633443879245183e-01
8.412790697674418228e-01 -5.742370246355611441e-01
8.415697674418604057e-01 -5.265175129996868542e-01
8.418604651162790997e-01 -4.754878207797781919e-01
8.421511627906976827e-01 -4.215685817713093475e-01
8.424418604651162656e-01 -3.652031174429163918e-01
8.427325581395348486e-01 -3.068431803492925325e-01
8.430232558139534316e-01 -2.469374901302607006e-01
8.433139534883721256e-01 -1.859245997387973803e-01
8.436046511627907085e-01 -1.242307130952546440e-01
8.438953488372092915e-01 -6.227204856675686018e-02
8.441860465116278744e-01 -4.604974584755062907e-04
8.444767441860464574e-01 6.078917224176052375e-02
8.447674418604651514e-01 1.210524673236766519e-01
8.450581395348837344e-01 1.798904014882841962e-01
8.453488372093023173e-01 2.368480463567992356e-01
8.456395348837209003e-01 2.914569537852834125e-01
8.459302325581394832e-01 3.432413359685674292e-01
8.462209302325581772e-01 3.917273996971529226e-01
8.465116279069767602e-01 4.364549098629811885e-01
8.468023255813953432e-01 4.769898599254864813e-01
8.470930232558139261e-01 5.129370999608791060e-01
8.473837209302325091e-01 5.439519433270060267e-01
8.476744186046512031e-01 5.697500185980159948e-01
8.479651162790697860e-01 5.901148053683512584e-01
8.482558139534883690e-01 6.049023744653864165e-01
8.485465116279069520e-01 6.140429111805556506e-01
8.488372093023255349e-01 6.175387005096608650e-01
8.491279069767442289e-01 6.154584967688836450e-01
8.494186046511628119e-01 6.079286869604955124e-01
8.497093023255813948e-01 5.951223181786718941e-01
8.499999999999999778e-01 5.772476249911452362e-01
8.502906976744185608e-01 5.545379146018416527e-01
8.505813953488371437e-01 5.272444875122201946e-01
8.508720930232558377e-01 4.956337510851478445e-01
8.511627906976744207e-01 4.599889007250506645e-01
8.514534883720930036e-01 4.206156289332270148e-01
8.517441860465115866e-01 3.778504814204500795e-01
8.520348837209301696e-01 3.320698850944573954e-01
8.523255813953488635e-01 2.836976106433278244e-01
8.526162790697674465e-01 2.332085674107111928e-01
8.529069767441860295e-01 1.811274050132923863e-01
8.531976744186046124e-01 1.280213308864759369e-01
8.534883720930231954e-01 7.448760546961862017e-02
8.537790697674418894e-01 2.113708190216229826e-02
8.540697674418604723e-01 -3.142424646441742409e-02
8.543604651162790553e-01 -8.261351105216849233e-02
8.546511627906976383e-01 -1.318870465510610379e-01
8.549418604651162212e-01 -1.787527749419190459e-01
8.552325581395349152e-01 -2.227780253108590514e-01
8.555232558139534982e-01 -2.635926022126842128e-01
8.558139534883720811e-01 -3.008875983756774120e-01
8.561046511627906641e-01 -3.344110149745682103e-01
8.563953488372092471e-01 -3.639615372469438559e-01
8.566860465116279411e-01 -3.893817714202175706e-01
8.569767441860465240e-01 -4.105520033546153913e-01
8.572674418604651070e-01 -4.273852284394225043e-01
8.575581395348836899e-01 -4.398238887903145322e-01
8.578488372093022729e-01 -4.478384964697918469e-01
8.581395348837209669e-01 -4.514282006194927366e-01
8.584302325581395499e-01 -4.506233490757598492e-01
8.587209302325581328e-01 -4.454900230206950140e-01
8.590116279069767158e-01 -4.361362249514818545e-01
8.593023255813952987e-01 -4.227189082693094679e-01
8.595930232558139927e-01 -4.054505348983215574e-01
8.598837209302325757e-01 -3.846035327864897324e-01
8.601744186046511587e-01 -3.605110543065612738e-01
8.604651162790697416e-01 -3.335628914310240778e-01
8.607558139534883246e-01 -3.041962200205374778e-01
8.610465116279070186e-01 -2.728818058634688848e-01
8.613372093023256015e-01 -2.401071469317627438e-01
8.616279069767441845e-01 -2.063585696979129691e-01
8.619186046511627675e-01 -1.721044778758051286e-01
8.622093023255813504e-01 -1.377817712689049234e-01
8.624999999999999334e-01 -1.037869404115958627e-01
8.627906976744186274e-01 -7.047256881706213949e-02
8.630813953488372103e-01 -3.814906158716004775e-02
8.633720930232557933e-01 -7.090533819543200222e-03
8.636627906976743763e-01 2.245687031553237484e-02
8.639534883720929592e-01 5.026623306060686025e-02
8.642441860465116532e-01 7.612256386335534974e-02
8.645348837209302362e-01 9.981839258653345259e-02
8.648255813953488191e-01 1.211531091742953370e-01
8.651162790697674021e-01 1.399361930980424495e-01
8.654069767441859851e-01 1.559937481798058523e-01
8.656976744186046790e-01 1.691772057019330644e-01
8.659883720930232620e-01 1.793728078604116261e-01
8.662790697674418450e-01 1.865104971682302604e-01
8.665697674418604279e-01 1.905710308094132610e-01
8.668604651162790109e-01 1.915904819420017335e-01
8.671511627906977049e-01 1.896617174263085237e-01
8.674418604651162878e-01 1.849327944607295493e-01
8.677325581395348708e-01 1.776023942706236591e-01
8.680232558139534538e-01 1.679124883038690119e-01
8.683139534883720367e-01 1.561385564642259194e-01
8.686046511627907307e-01 1.425778970210366814e-01
8.688953488372093137e-01 1.275368596737706528e-01
8.691860465116278966e-01 1.113181646603639552e-01
8.694767441860464796e-01 9.420973819761876977e-02
8.697674418604650626e-01 7.647650276210279929e-02
8.700581395348837566e-01 5.835619004056631642e-02
8.703488372093023395e-01 4.005957789450454581e-02
8.706395348837209225e-01 2.177477992960379083e-02
8.709302325581395054e-01 3.674490079470167300e-03
8.712209302325580884e-01 -1.407548507612600176e-02
8.715116279069767824e-01 -3.130837346624359280e-02
8.718023255813953654e-01 -4.785117168281062539e-02
8.720930232558139483e-01 -6.352343537687087094e-02
8.723837209302325313e-01 -7.814082323853902001e-02
8.726744186046511143e-01 -9.152310356017480386e-02
8.729651162790698082e-01 -1.035053574874054139e-01
8.732558139534883912e-01 -1.139504300519377927e-01
8.735465116279069742e-01 -1.227604491999996217e-01
8.738372093023255571e-01 -1.298854345772534336e-01
8.741279069767441401e-01 -1.353275547107514742e-01
8.744186046511628341e-01 -1.391403592062939454e-01
8.747093023255814170e-01 -1.414231487586775637e-01
8.750000000000000000e-01 -1.423113359834717040e-01
8.752906976744185830e-01 -1.419621807040704897e-01
8.755813953488371659e-01 -1.405431431300046552e-01
8.758720930232557489e-01 -1.382205367132585405e-01
8.761627906976744429e-01 -1.351460540644858765e-01
8.764534883720930258e-01 -1.314481305856994020e-01
8.767441860465116088e-01 -1.272269977951111797e-01
8.770348837209301918e-01 -1.225536543278652052e-01
8.773255813953487747e-01 -1.174724690435557661e-01
8.776162790697674687e-01 -1.120067095906224358e-01
8.779069767441860517e-01 -1.061660705637358926e-01
8.781976744186046346e-01 -9.995524895528416776e-02
8.784883720930232176e-01 -9.338263220196141301e-02
8.787790697674418006e-01 -8.646810776938122778e-02
8.790697674418604946e-01 -7.924890968583161999e-02
8.793604651162790775e-01 -7.178242108212497252e-02
8.796511627906976605e-01 -6.414507527970883527e-02
8.799418604651162434e-01 -5.642700137168118329e-02
8.802325581395348264e-01 -4.872281404538746780e-02
8.805232558139535204e-01 -4.111979936403797886e-02
8.808139534883721034e-01 -3.368544773351472149e-02
8.811046511627906863e-01 -2.645659800619182614e-02
8.813953488372092693e-01 -1.943227523210042107e-02
8.816860465116278522e-01 -1.257167080966602873e-02
8.819767441860465462e-01 -5.797786098692000838e-03
8.822674418604651292e-01 9.937334148291451091e-04
8.825581395348837122e-01 7.921888720944878642e-03
8.828488372093022951e-01 1.510562293975952625e-02
8.831395348837208781e-01 2.264925430955227678e-02
8.834302325581395721e-01 3.063009919949420332e-02
8.837209302325581550e-01 3.908991372622093452e-02
8.840116279069767380e-01 4.803109035307842611e-02
8.843023255813953210e-01 5.741776134486096389e-02
8.845930232558139039e-01 6.718122669742852826e-02
8.848837209302325979e-01 7.722849817114785242e-02
8.851744186046511809e-01 8.745232923717662088e-02
8.854651162790697638e-01 9.774102986537040738e-02
8.857558139534883468e-01 1.079866565977082721e-01
8.860465116279069298e-01 1.180906531227857437e-01
8.863372093023256237e-01 1.279665371147742647e-01
8.866279069767442067e-01 1.375397264599797498e-01
8.869186046511627897e-01 1.467449985817474434e-01
8.872093023255813726e-01 1.555222735460326799e-01
8.874999999999999556e-01 1.638114088578707384e-01
8.877906976744185386e-01 1.715466461805784382e-01
8.880813953488372325e-01 1.786513987973967488e-01
8.883720930232558155e-01 1.850341988577079433e-01
8.886627906976743985e-01 1.905867164313463924e-01
8.889534883720929814e-01 1.951847035767050043e-01
8.892441860465115644e-01 1.986924209657333351e-01
8.895348837209302584e-01 2.009705482403355559e-01
8.898255813953488413e-01 2.018868754966040568e-01
8.901162790697674243e-01 2.013284463296446392e-01
8.904069767441860073e-01 1.992134533039336963e-01
8.906976744186045902e-01 1.955011226112791378e-01
8.909883720930232842e-01 1.901980464587426367e-01
8.912790697674418672e-01 1.833599014727138876e-01
8.915697674418604501e-01 1.750881635584272400e-01
8.918604651162790331e-01 1.655221909650904932e-01
8.921511627906976161e-01 1.548278002473716386e-01
8.924418604651163101e-01 1.431840902745535327e-01
8.927325581395348930e-01 1.307706104999913632e-01
8.930232558139534760e-01 1.177568827851476346e-01
8.933139534883720589e-01 1.042957787803967529e-01
8.936046511627906419e-01 9.052146243681537252e-02
8.938953488372093359e-01 7.655170008880307631e-02
8.941860465116279189e-01 6.249352059220482369e-02
8.944767441860465018e-01 4.845070523980005844e-02
8.947674418604650848e-01 3.453151448097246945e-02
8.950581395348836677e-01 2.085529435940005130e-02
8.953488372093023617e-01 7.556928372257972794e-03
8.956395348837209447e-01 -5.211578600113240915e-03
8.959302325581395277e-01 -1.728272480528350585e-02
8.962209302325581106e-01 -2.847825214673499125e-02
8.965116279069766936e-01 -3.861651453206235013e-02
8.968023255813953876e-01 -4.752169482200182399e-02
8.970930232558139705e-01 -5.503388681786467590e-02
8.973837209302325535e-01 -6.101894654212627889e-02
8.976744186046511365e-01 -6.537705968945085877e-02
8.979651162790697194e-01 -6.804916375244324245e-02
8.982558139534884134e-01 -6.902059418449961459e-02
8.985465116279069964e-01 -6.832153276274009757e-02
8.988372093023255793e-01 -6.602408126691072798e-02
8.991279069767441623e-01 -6.223611309754606413e-02
8.994186046511627453e-01 -5.709242899717830583e-02
8.997093023255813282e-01 -5.074411687420718464e-02
9.000000000000000222e-01 -4.334738324940484028e-02
9.002906976744186052e-01 -3.505341135187544505e-02
9.005813953488371881e-01 -2.600082903993625183e-02
9.008720930232557711e-01 -1.631200846626985196e-02
9.011627906976743541e-01 -6.093721493557750085e-03
9.014534883720930480e-01 4.558182854541042994e-03
9.017441860465116310e-01 1.555123024141838797e-02
9.020348837209302140e-01 2.678763160747463928e-02
9.023255813953487969e-01 3.815636538131832178e-02
9.026162790697673799e-01 4.952771151298610702e-02
9.029069767441860739e-01 6.075138264937402638e-02
9.031976744186046568e-01 7.165870458175867264e-02
9.034883720930232398e-01 8.206857019521514307e-02
9.037790697674418228e-01 9.179627417720172267e-02
9.040697674418604057e-01 1.006639639499036371e-01
9.043604651162790997e-01 1.085113206611356684e-01
9.046511627906976827e-01 1.152051118786356770e-01
9.049418604651162656e-01 1.206463994918474669e-01
9.052325581395348486e-01 1.247745025045036427e-01
9.055232558139534316e-01 1.275673036508901959e-01
9.058139534883721256e-01 1.290380327792515214e-01
9.061046511627907085e-01 1.292291450985195156e-01
9.063953488372092915e-01 1.282042836298322719e-01
9.066860465116278744e-01 1.260395014886164511e-01
9.069767441860464574e-01 1.228148508428320435e-01
9.072674418604651514e-01 1.186071881520791849e-01
9.075581395348837344e-01 1.134847952064795690e-01
9.078488372093023173e-01 1.075042817374708137e-01
9.081395348837209003e-01 1.007101258654094222e-01
9.084302325581394832e-01 9.313698981678342204e-02
9.087209302325581772e-01 8.481461139290252804e-02
9.090116279069767602e-01 7.577467958135521153e-02
9.093023255813953432e-01 6.605870606745900542e-02
9.095930232558139261e-01 5.572559117013398816e-02
9.098837209302325091e-01 4.485749281714260239e-02
9.101744186046512031e-01 3.356281376785093945e-02
9.104651162790697860e-01 2.197557042983819611e-02
9.107558139534883690e-01 1.025099433132753250e-02
9.110465116279069520e-01 -1.442154601420226299e-03
9.113372093023255349e-01 -1.293154093308947206e-02
9.116279069767441179e-01 -2.405210538661010922e-02
9.119186046511628119e-01 -3.465631936185602224e-02
9.122093023255813948e-01 -4.462240257644740221e-02
9.124999999999999778e-01 -5.385932348910734552e-02
9.127906976744185608e-01 -6.230790416997233211e-02
9.130813953488371437e-01 -6.993802742548220486e-02
9.133720930232558377e-01 -7.674261357513173509e-02
9.136627906976744207e-01 -8.272954565152847162e-02
9.139534883720930036e-01 -8.791300862171996799e-02
9.142441860465115866e-01 -9.230571930605435682e-02
9.145348837209301696e-01 -9.591323001603323239e-02
9.148255813953488635e-01 -9.873098147565154137e-02
9.151162790697674465e-01 -1.007442507649146946e-01
9.154069767441860295e-01 -1.019307183282021217e-01
9.156976744186046124e-01 -1.022650669856813577e-01
9.159883720930231954e-01 -1.017248162259337257e-01
9.162790697674418894e-01 -1.002965281158511718e-01
9.165697674418604723e-01 -9.798158574068216442e-02
9.168604651162790553e-01 -9.480084717763488655e-02
9.171511627906976383e-01 -9.079757472866124834e-02
9.174418604651162212e-01 -8.603819260863206086e-02
9.177325581395349152e-01 -8.061067949201201899e-02
9.180232558139534982e-01 -7.462069865250640921e-02
9.183139534883720811e-01 -6.818583851569307019e-02
9.186046511627906641e-01 -6.142857883359973542e-02
9.188953488372092471e-01 -5.446881490679472693e-02
9.191860465116279411e-01 -4.741689970588242736e-02
9.194767441860465240e-01 -4.036813758666314006e-02
9.197674418604651070e-01 -3.339950094416267029e-02
9.200581395348836899e-01 -2.656908224802401186e-02
9.203488372093022729e-01 -1.991842936977257159e-02
9.206395348837209669e-01 -1.347744619578926037e-02
9.209302325581395499e-01 -7.271060065545432993e-03
9.212209302325581328e-01 -1.326479955118464770e-03
9.215116279069767158e-01 4.320320389746898707e-03
9.218023255813952987e-01 9.620192894137638562e-03
9.220930232558139927e-01 1.450941372512694165e-02
9.223837209302325757e-01 1.891163238787491388e-02
9.226744186046511587e-01 2.274286491320690398e-02
9.229651162790697416e-01 2.591867839379863661e-02
9.232558139534883246e-01 2.836235876329542757e-02
9.235465116279070186e-01 3.001274390436509468e-02
9.238372093023256015e-01 3.083055541514749878e-02
9.241279069767441845e-01 3.080239778590724078e-02
9.244186046511627675e-01 2.994198463601546040e-02
9.247093023255813504e-01 2.828852857566908560e-02
9.249999999999999334e-01 2.590259141823206268e-02
9.252906976744186274e-01 2.286001090514016773e-02
9.255813953488372103e-01 1.924473966166034139e-02
9.258720930232557933e-01 1.514152576910132199e-02
9.261627906976743763e-01 1.062934676547381933e-02
9.264534883720929592e-01 5.776374140988839445e-03
9.267441860465116532e-01 6.369779279931921069e-04
9.270348837209302362e-01 -4.749057719263139604e-03
9.273255813953488191e-01 -1.035522201788667031e-02
9.276162790697674021e-01 -1.616515830938402079e-02
9.279069767441859851e-01 -2.216815498224031580e-02
9.281976744186046790e-01 -2.835380409545269070e-02
9.284883720930232620e-01 -3.470652295872643511e-02
9.287790697674418450e-01 -4.120071770056021876e-02
9.290697674418604279e-01 -4.779736973441866404e-02
9.293604651162790109e-01 -5.444271638837501481e-02
9.296511627906977049e-01 -6.106943432204267608e-02
9.299418604651162878e-01 -6.760033244635953176e-02
9.302325581395348708e-01 -7.395411034739994560e-02
9.305232558139534538e-01 -8.005233884867153649e-02
9.308139534883720367e-01 -8.582654942236930817e-02
9.311046511627907307e-01 -9.122425290598015768e-02
9.313953488372093137e-01 -9.621288496077350094e-02
9.316860465116278966e-01 -1.007810462067962182e-01
9.319767441860464796e-01 -1.049368578960694492e-01
9.322674418604650626e-01 -1.087037021367910916e-01
9.325581395348837566e-01 -1.121140158600224396e-01
9.328488372093023395e-01 -1.152021088365826340e-01
9.331395348837209225e-01 -1.179971090676695394e-01
9.334302325581395054e-01 -1.205170761855870465e-01
9.337209302325580884e-01 -1.227651001432398942e-01
9.340116279069767824e-01 -1.247278643749677313e-01
9.343023255813953654e-01 -1.263767430407481407e-01
9.345930232558139483e-01 -1.276711041166400940e-01
9.348837209302325313e-01 -1.285632026622189616e-01
9.351744186046511143e-01 -1.290039043474240366e-01
9.354651162790698082e-01 -1.289484451094653483e-01
9.357558139534883912e-01 -1.283614848501106465e-01
9.360465116279069742e-01 -1.272208558253306587e-01
9.363372093023255571e-01 -1.255196185374412021e-01
9.366279069767441401e-01 -1.232662641976791928e-01
9.369186046511627231e-01 -1.204831157660596480e-01
9.372093023255814170e-01 -1.172031883627296239e-01
9.375000000000000000e-01 -1.134659583431776725e-01
9.377906976744185830e-01 -1.093126143569022046e-01
9.380813953488371659e-01 -1.047814143459449149e-01
9.383720930232557489e-01 -9.990377790790845591e-02
9.386627906976744429e-01 -9.470170026112727235e-02
9.389534883720930258e-01 -8.918693714319726740e-02
9.392441860465116088e-01 -8.336216816792677009e-02
9.395348837209301918e-01 -7.722404857389671140e-02
9.398255813953487747e-01 -7.076775817640541810e-02
9.401162790697674687e-01 -6.399238810413750145e-02
9.404069767441860517e-01 -5.690632517515677863e-02
9.406976744186046346e-01 -4.953176086346594564e-02
9.409883720930232176e-01 -4.190757894075745199e-02
9.412790697674418006e-01 -3.409012222504433087e-02
9.415697674418604946e-01 -2.615166164242933508e-02
9.418604651162790775e-01 -1.817675994000399545e-02
9.421511627906976605e-01 -1.025707457175375342e-02
9.424418604651162434e-01 -2.485385973004214637e-03
9.427325581395348264e-01 5.050278123751298330e-03
9.430232558139535204e-01 1.227160678679948755e-02
9.433139534883721034e-01 1.911342165790452449e-02
9.436046511627906863e-01 2.552520525175220115e-02
9.438953488372092693e-01 3.147075631059441381e-02
9.441860465116278522e-01 3.692628320873792697e-02
9.444767441860465462e-01 4.187742563124167289e-02
9.447674418604651292e-01 4.631577731541379472e-02
9.450581395348837122e-01 5.023548969396463698e-02
9.453488372093022951e-01 5.363046424904936715e-02
9.456395348837208781e-01 5.649251205264201048e-02
9.459302325581395721e-01 5.881071398850561821e-02
9.462209302325581550e-01 6.057206168760421311e-02
9.465116279069767380e-01 6.176328215193395421e-02
9.468023255813953210e-01 6.237357185173055679e-02
9.470930232558139039e-01 6.239784234925501577e-02
9.473837209302325979e-01 6.184002525260445110e-02
9.476744186046511809e-01 6.071597306903030872e-02
9.479651162790697638e-01 5.905551604785706787e-02
9.482558139534883468e-01 5.690331399360922665e-02
9.485465116279069298e-01 5.431827696855683063e-02
9.488372093023256237e-01 5.137149517816062827e-02
9.491279069767442067e-01 4.814280866326758890e-02
9.494186046511627897e-01 4.471636291027068777e-02
9.497093023255813726e-01 4.117569531871565630e-02
9.499999999999999556e-01 3.759900620214179368e-02
9.502906976744185386e-01 3.405524803405562267e-02
9.505813953488372325e-01 3.060153178946344033e-02
9.508720930232558155e-01 2.728213084327842791e-02
9.511627906976743985e-01 2.412909781999331843e-02
9.514534883720929814e-01 2.116425037709300516e-02
9.517441860465115644e-01 1.840207943956763403e-02
9.520348837209302584e-01 1.585301279749591619e-02
9.523255813953488413e-01 1.352643569813070760e-02
9.526162790697674243e-01 1.143293767314940493e-02
9.529069767441860073e-01 9.585418804661920492e-03
9.531976744186045902e-01 7.998909479055734545e-03
9.534883720930232842e-01 6.689178633827881290e-03
9.537790697674418672e-01 5.670396511692334628e-03
9.540697674418604501e-01 4.952268888655755007e-03
9.543604651162790331e-01 4.537140300427809636e-03
9.546511627906976161e-01 4.417541980930558658e-03
9.549418604651163101e-01 4.574556492087552585e-03
9.552325581395348930e-01 4.977240775833751373e-03
9.555232558139534760e-01 5.583217298019485519e-03
9.558139534883720589e-01 6.340400506316895037e-03
9.561046511627906419e-01 7.189682081464021483e-03
9.563953488372093359e-01 8.068286249393040108e-03
9.566860465116279189e-01 8.913441251664083048e-03
9.569767441860465018e-01 9.665986743158914291e-03
9.572674418604650848e-01 1.027355031640243312e-02
9.575581395348836677e-01 1.069298959899935529e-02
9.578488372093023617e-01 1.089189524499393526e-02
9.581395348837209447e-01 1.084905164604835735e-02
9.584302325581395277e-01 1.055384881752058877e-02
9.587209302325581106e-01 1.000475191757410620e-02
9.590116279069766936e-01 9.207066309661468204e-03
9.593023255813953876e-01 8.170351978584289299e-03
9.595930232558139705e-01 6.905907367677980267e-03
9.598837209302325535e-01 5.424743540316583242e-03
9.601744186046511365e-01 3.736391584306452979e-03
9.604651162790697194e-01 1.848726795573402268e-03
9.607558139534884134e-01 -2.312098922002681621e-04
9.610465116279069964e-01 -2.495596994443244863e-03
9.613372093023255793e-01 -4.933755795267434976e-03
9.616279069767441623e-01 -7.530011854394069032e-03
9.619186046511627453e-01 -1.026190223994647571e-02
9.622093023255813282e-01 -1.309907750708026036e-02
9.625000000000000222e-01 -1.600313310080769130e-02
9.627906976744186052e-01 -1.892845966022853321e-02
9.630813953488371881e-01 -2.182404541141617915e-02
9.633720930232557711e-01 -2.463601348112312572e-02
9.636627906976743541e-01 -2.731056300956793623e-02
9.639534883720930480e-01 -2.979693622111199286e-02
9.642441860465116310e-01 -3.205005614659230118e-02
9.645348837209302140e-01 -3.403255041772896422e-02
9.648255813953487969e-01 -3.571598083195695605e-02
9.651162790697673799e-01 -3.708122617402380417e-02
9.654069767441860739e-01 -3.811808864806842667e-02
9.656976744186046568e-01 -3.882427861670486452e-02
9.659883720930232398e-01 -3.920397432534982601e-02
9.662790697674418228e-01 -3.926617173886375045e-02
9.665697674418604057e-01 -3.902304045352133349e-02
9.668604651162790997e-01 -3.848847735339414045e-02
9.671511627906976827e-01 -3.767700576735776713e-02
9.674418604651162656e-01 -3.660312127452497455e-02
9.677325581395348486e-01 -3.528113792388642284e-02
9.680232558139534316e-01 -3.372552668914480245e-02
9.683139534883721256e-01 -3.195166085350685525e-02
9.686046511627907085e-01 -2.997681145228686325e-02
9.688953488372092915e-01 -2.782118715764416578e-02
9.691860465116278744e-01 -2.550879022809623281e-02
9.694767441860464574e-01 -2.306787063777569063e-02
9.697674418604651514e-01 -2.053081809402936692e-02
9.700581395348837344e-01 -1.793343126486390132e-02
9.703488372093023173e-01 -1.531361526278888184e-02
9.706395348837209003e-01 -1.270965466283719737e-02
9.709302325581394832e-01 -1.015827858746380999e-02
9.712209302325581772e-01 -7.692769423164443933e-03
9.715116279069767602e-01 -5.341361789038879572e-03
9.718023255813953432e-01 -3.126136454516162833e-03
9.720930232558139261e-01 -1.062541798611490920e-03
9.723837209302325091e-01 8.404209854603015032e-04
9.726744186046512031e-01 2.579418868719822629e-03
9.729651162790697860e-01 4.155573552000178285e-03
9.732558139534883690e-01 5.573024347228288863e-03
9.735465116279069520e-01 6.837489001245528400e-03
9.738372093023255349e-01 7.955022713504875803e-03
9.741279069767441179e-01 8.931126147356740694e-03
9.744186046511628119e-01 9.770280922994744113e-03
9.747093023255813948e-01 1.047591333759098631e-02
9.749999999999999778e-01 1.105072443214658202e-02
9.752906976744185608e-01 1.149728281855329562e-02
9.755813953488371437e-01 1.181875067301010017e-02
9.758720930232558377e-01 1.201960385299906744e-02
9.761627906976744207e-01 1.210621950035717376e-02
9.764534883720930036e-01 1.208723422668553892e-02
9.767441860465115866e-01 1.197361196502365333e-02
9.770348837209301696e-01 1.177839917168677260e-02
9.773255813953488635e-01 1.151618750459500878e-02
9.776162790697674465e-01 1.120234431587462283e-02
9.779069767441860295e-01 1.085209967647950136e-02
9.781976744186046124e-01 1.047959516874512678e-02
9.784883720930231954e-01 1.009700970388932757e-02
9.787790697674418894e-01 9.713877618531882932e-03
9.790697674418604723e-01 9.336695283502630116e-03
9.793604651162790553e-01 8.968873851489454069e-03
9.796511627906976383e-01 8.611045270693486187e-03
9.799418604651162212e-01 8.261673868367083728e-03
9.802325581395349152e-01 7.917874671917637941e-03
9.805232558139534982e-01 7.576304914652693713e-03
9.808139534883720811e-01 7.233988828522646547e-03
9.811046511627906641e-01 6.888958541601662537e-03
9.813953488372092471e-01 6.540635058264136076e-03
9.816860465116279411e-01 6.189920946621229984e-03
9.819767441860465240e-01 5.839022569113829116e-03
9.822674418604651070e-01 5.491058350633374815e-03
9.825581395348836899e-01 5.149536029908872818e-03
9.828488372093022729e-01 4.817794964267006763e-03
9.831395348837209669e-01 4.498508991582501892e-03
9.834302325581395499e-01 4.193329076964216230e-03
9.837209302325581328e-01 3.902714794666312624e-03
9.840116279069767158e-01 3.625968353805372833e-03
9.843023255813952987e-01 3.361452865383883926e-03
9.845930232558139927e-01 3.106950198377548579e-03
9.848837209302325757e-01 2.860093569042307816e-03
9.851744186046511587e-01 2.618800533298951128e-03
9.854651162790697416e-01 2.381638124325030029e-03
9.857558139534883246e-01 2.148070666938047078e-03
9.860465116279069075e-01 1.918564239841201143e-03
9.863372093023256015e-01 1.694544855106697341e-03
9.866279069767441845e-01 1.478228205625662598e-03
9.869186046511627675e-01 1.272353758157138788e-03
9.872093023255813504e-01 1.079862199505184734e-03
9.874999999999999334e-01 9.035554129375982912e-04
9.877906976744186274e-01 7.457774456751096494e-04
9.880813953488372103e-01 6.081540661489017504e-04
9.883720930232557933e-01 4.914238027210858376e-04
9.886627906976743763e-01 3.953823896536150955e-04
9.889534883720929592e-01 3.189462256649786931e-04
9.892441860465116532e-01 2.603211574520953512e-04
9.895348837209302362e-01 2.172444444373908159e-04
9.898255813953488191e-01 1.872557185483576911e-04
9.901162790697674021e-01 1.679512086876443731e-04
9.904069767441859851e-01 1.571836609241045375e-04
9.906976744186046790e-01 1.531842351456336800e-04
9.909883720930232620e-01 1.545986830450096446e-04
9.912790697674418450e-01 1.604457723199847661e-04
9.915697674418604279e-01 1.700183820016416879e-04
9.918604651162790109e-01 1.827546227928992617e-04
9.921511627906977049e-01 1.981075687173022750e-04
9.924418604651162878e-01 2.154390132911037812e-04
9.927325581395348708e-01 2.339559102645220889e-04
9.930232558139534538e-01 2.526985283288696793e-04
9.933139534883720367e-01 2.705788292703245525e-04
9.936046511627907307e-01 2.864585309706448534e-04
9.938953488372093137e-01 2.992499423876771383e-04
9.941860465116278966e-01 3.080196410999450291e-04
9.944767441860464796e-01 3.120762533750903842e-04
9.947674418604650626e-01 3.110287373463006388e-04
9.950581395348837566e-01 3.048085545184378402e-04
9.953488372093023395e-01 2.936556579887418137e-04
9.956395348837209225e-01 2.780735263161383418e-04
9.959302325581395054e-01 2.587625233884346433e-04
9.962209302325580884e-01 2.365432268366861551e-04
9.965116279069767824e-01 2.122815366572043346e-04
9.968023255813953654e-01 1.868255306942940392e-04
9.970930232558139483e-01 1.609607780966610269e-04
9.973837209302325313e-01 1.353867785268700948e-04
9.976744186046511143e-01 1.107130986937846125e-04
9.979651162790698082e-01 8.747042008440206607e-05
9.982558139534883912e-01 6.612959034233250309e-05
9.985465116279069742e-01 4.712105687089165445e-05
9.988372093023255571e-01 3.084784920249146635e-05
9.991279069767441401e-01 1.768754928076417162e-05
9.994186046511627231e-01 7.982047369833926987e-06
9.997093023255814170e-01 2.017517223760215949e-06
1.000000000000000000e+00 0.000000000000000000e+00
