0.000000000000000000e+00 0.000000000000000000e+00
2.907822041291072894e-04 4.718548351490799229e-06
5.815644082582145788e-04 1.877601498692035999e-05
8.723466123873218139e-04 4.201910585709732422e-05
1.163128816516429158e-03 7.428655098305459142e-05
1.453911020645536501e-03 1.154091815560886639e-04
1.744693224774643628e-03 1.652100105887074812e-04
2.035475428903751188e-03 2.235043170884386157e-04
2.326257633032858315e-03 2.900997337253140014e-04
2.617039837161965442e-03 3.647963379620604860e-04
2.907822041291073002e-03 4.473867466155348341e-04
3.198604245420180129e-03 5.376562138153678262e-04
3.489386449549287256e-03 6.353827323256512746e-04
3.780168653678394816e-03 7.403371381934125339e-04
4.070950857807502377e-03 8.522832186865369900e-04
4.361733061936609070e-03 9.709778234825121443e-04
4.652515266065716630e-03 1.096170979068062344e-03
4.943297470194824191e-03 1.227606006308641336e-03
5.234079674323930884e-03 1.365019641145003276e-03
5.524861878453038444e-03 1.508142158373161016e-03
5.815644082582146004e-03 1.656697498463367748e-03
6.106426286711252698e-03 1.810403397371164545e-03
6.397208490840360258e-03 1.968971519293191263e-03
6.687990694969467818e-03 2.132107592320169314e-03
6.978772899098574511e-03 2.299511546935872636e-03
7.269555103227682072e-03 2.470877657312384439e-03
7.560337307356789632e-03 2.645894685349130943e-03
7.851119511485897193e-03 2.824246027402120812e-03
8.141901715615004753e-03 3.005609863649926546e-03
8.432683919744110579e-03 3.189659310040946980e-03
8.723466123873218139e-03 3.376062572765395429e-03
9.014248328002325700e-03 3.564483105193510821e-03
9.305030532131433260e-03 3.754579767223940271e-03
9.595812736260540821e-03 3.946006986980831431e-03
9.886594940389648381e-03 4.138414924799099261e-03
1.017737714451875594e-02 4.331449639438566569e-03
1.046815934864786177e-02 4.524753256459853636e-03
1.075894155277696933e-02 4.717964138707762996e-03
1.104972375690607689e-02 4.910717058824723077e-03
1.134050596103518445e-02 5.102643373743227795e-03
1.163128816516429201e-02 5.293371201080390026e-03
1.192207036929339957e-02 5.482525597373622168e-03
1.221285257342250540e-02 5.669728738089037552e-03
1.250363477755161296e-02 5.854600099333058874e-03
1.279441698168072052e-02 6.036756641197345112e-03
1.308519918580982808e-02 6.215812992670212769e-03
1.337598138993893564e-02 6.391381638041120604e-03
1.366676359406804320e-02 6.563073104727956339e-03
1.395754579819714902e-02 6.730496152455777911e-03
1.424832800232625658e-02 6.893257963713976533e-03
1.453911020645536414e-02 7.050964335415770522e-03
1.482989241058447170e-02 7.203219871694203219e-03
1.512067461471357926e-02 7.349628177749522977e-03
1.541145681884268683e-02 7.489792054683747438e-03
1.570223902297179439e-02 7.623313695235132102e-03
1.599302122710090021e-02 7.749794880352070710e-03
1.628380343123000951e-02 7.868837176515345797e-03
1.657458563535911533e-02 7.980042133738768015e-03
1.686536783948822116e-02 8.083011484173523511e-03
1.715615004361733045e-02 8.177347341232432676e-03
1.744693224774643628e-02 8.262652399159653785e-03
1.773771445187554557e-02 8.338530132969534936e-03
1.802849665600465140e-02 8.404584998674616628e-03
1.831927886013376069e-02 8.460422633717218019e-03
1.861006106426286652e-02 8.505650057542221004e-03
1.890084326839197235e-02 8.539875872211485919e-03
1.919162547252108164e-02 8.562710462994877966e-03
1.948240767665018747e-02 8.573766198861453372e-03
1.977318988077929676e-02 8.572657632768994340e-03
2.006397208490840259e-02 8.559001701703107187e-03
2.035475428903751188e-02 8.532417926356184942e-03
2.064553649316661771e-02 8.492528610390610508e-03
2.093631869729572353e-02 8.438959039197831830e-03
2.122710090142483283e-02 8.371337678061911702e-03
2.151788310555393866e-02 8.289296369669497955e-03
2.180866530968304795e-02 8.192470530867702536e-03
2.209944751381215378e-02 8.080499348605477486e-03
2.239022971794125960e-02 7.953025974964630582e-03
2.268101192207036890e-02 7.809697721218230963e-03
2.297179412619947472e-02 7.650166250815356242e-03
2.326257633032858402e-02 7.474087771236116555e-03
2.355335853445768984e-02 7.281123224635695917e-03
2.384414073858679914e-02 7.070938477163703217e-03
2.413492294271590496e-02 6.843204506953294748e-03
2.442570514684501079e-02 6.597597590615018881e-03
2.471648735097412009e-02 6.333799488232783395e-03
2.500726955510322591e-02 6.051497626746784979e-03
2.529805175923233521e-02 5.750385281654278244e-03
2.558883396336144103e-02 5.430161756945218500e-03
2.587961616749055033e-02 5.090532563225779426e-03
2.617039837161965615e-02 4.731209593925261511e-03
2.646118057574876198e-02 4.351911299515663981e-03
2.675196277987787127e-02 3.952362859692198568e-03
2.704274498400697710e-02 3.532296353415421367e-03
2.733352718813608639e-02 3.091450926763995768e-03
2.762430939226519222e-02 2.629572958507587696e-03
2.791509159639429805e-02 2.146416223337998218e-03
2.820587380052340734e-02 1.641742052718502378e-03
2.849665600465251317e-02 1.115319493198293219e-03
2.878743820878162246e-02 5.669254622240530025e-04
2.907822041291072829e-02 -3.655098674698032242e-06
2.936900261703983758e-02 -5.966290734079799946e-04
2.965978482116894341e-02 -1.212195023565790274e-03
2.995056702529804923e-02 -1.850543043497430333e-03
3.024134922942715853e-02 -2.511854618258283108e-03
3.053213143355626435e-02 -3.196302484491174000e-03
3.082291363768537365e-02 -3.904050494344056196e-03
3.111369584181447948e-02 -4.635253482423375322e-03
3.140447804594358877e-02 -5.390057135869756599e-03
3.169526025007269460e-02 -6.168597867670746505e-03
3.198604245420180042e-02 -6.971002693151422992e-03
3.227682465833090625e-02 -7.797389109826967889e-03
3.256760686246001901e-02 -8.647864980567809140e-03
3.285838906658912484e-02 -9.522528420188082834e-03
3.314917127071823066e-02 -1.042146768554583214e-02
3.343995347484733649e-02 -1.134476106908006987e-02
3.373073567897644232e-02 -1.229247679597340881e-02
3.402151788310555508e-02 -1.326467292495337597e-02
3.431230008723466091e-02 -1.426139725270285548e-02
3.460308229136376673e-02 -1.528268722202093602e-02
3.489386449549287256e-02 -1.632856983377465460e-02
3.518464669962198532e-02 -1.739906156259078684e-02
3.547542890375109115e-02 -1.849416827647384562e-02
3.576621110788019697e-02 -1.961388516025588599e-02
3.605699331200930280e-02 -2.075819664303531209e-02
3.634777551613840862e-02 -2.192707632956518091e-02
3.663855772026752139e-02 -2.312048693563092602e-02
3.692933992439662721e-02 -2.433838022754291480e-02
3.722012212852573304e-02 -2.558069696564502227e-02
3.751090433265483887e-02 -2.684736685201014744e-02
3.780168653678394469e-02 -2.813830848221457806e-02
3.809246874091305746e-02 -2.945342930136178941e-02
3.838325094504216328e-02 -3.079262556430677547e-02
3.867403314917126911e-02 -3.215578230007035826e-02
3.896481535330037493e-02 -3.354277328058422047e-02
3.925559755742948076e-02 -3.495346099369510406e-02
3.954637976155859352e-02 -3.638769662049769898e-02
3.983716196568769935e-02 -3.784532001699069531e-02
4.012794416981680518e-02 -3.932615970011625606e-02
4.041872637394591100e-02 -4.083003283814003181e-02
4.070950857807502377e-02 -4.235674524546199915e-02
4.100029078220412959e-02 -4.390609138181181259e-02
4.129107298633323542e-02 -4.547785435589449948e-02
4.158185519046234124e-02 -4.707180593341423608e-02
4.187263739459144707e-02 -4.868770654963686800e-02
4.216341959872055983e-02 -5.032530532633751330e-02
4.245420180284966566e-02 -5.198434009320812565e-02
4.274498400697877148e-02 -5.366453741378742620e-02
4.303576621110787731e-02 -5.536561261583401727e-02
4.332654841523698314e-02 -5.708726982616357110e-02
4.361733061936609590e-02 -5.882920200998627974e-02
4.390811282349520173e-02 -6.059109101471014253e-02
4.419889502762430755e-02 -6.237260761821759869e-02
4.448967723175341338e-02 -6.417341158161536663e-02
4.478045943588251920e-02 -6.599315170645152218e-02
4.507124164001163197e-02 -6.783146589637238655e-02
4.536202384414073779e-02 -6.968798122324358635e-02
4.565280604826984362e-02 -7.156231399773345381e-02
4.594358825239894945e-02 -7.345406984424235342e-02
4.623437045652806221e-02 -7.536284378032727382e-02
4.652515266065716804e-02 -7.728822030046522684e-02
4.681593486478627386e-02 -7.922977346423781819e-02
4.710671706891537969e-02 -8.118706698883124129e-02
4.739749927304448551e-02 -8.315965434588935834e-02
4.768828147717359828e-02 -8.514707886271181969e-02
4.797906368130270410e-02 -8.714887382768678192e-02
4.826984588543180993e-02 -8.916456260002877943e-02
4.856062808956091575e-02 -9.119365872376665461e-02
4.885141029369002158e-02 -9.323566604587374407e-02
4.914219249781913434e-02 -9.529007883866275064e-02
4.943297470194824017e-02 -9.735638192627198151e-02
4.972375690607734600e-02 -9.943405081526845990e-02
5.001453911020645182e-02 -1.015225518293437629e-01
5.030532131433555765e-02 -1.036213422480479623e-01
5.059610351846467041e-02 -1.057298704495173436e-01
5.088688572259377624e-02 -1.078475760571584591e-01
5.117766792672288206e-02 -1.099738900902699629e-01
5.146845013085198789e-02 -1.121082351185375969e-01
5.175923233498110065e-02 -1.142500254203257931e-01
5.205001453911020648e-02 -1.163986671448152960e-01
5.234079674323931231e-02 -1.185535584778262402e-01
5.263157894736841813e-02 -1.207140898113486516e-01
5.292236115149752396e-02 -1.228796439167239435e-01
5.321314335562663672e-02 -1.250495961213886897e-01
5.350392555975574255e-02 -1.272233144891527779e-01
5.379470776388484837e-02 -1.294001600039843825e-01
5.408548996801395420e-02 -1.315794867571521976e-01
5.437627217214306002e-02 -1.337606421378205734e-01
5.466705437627217279e-02 -1.359429670268409163e-01
5.495783658040127861e-02 -1.381257959938786972e-01
5.524861878453038444e-02 -1.403084574976599108e-01
5.553940098865949027e-02 -1.424902740893749242e-01
5.583018319278859609e-02 -1.446705626190981087e-01
5.612096539691770886e-02 -1.468486344452248071e-01
5.641174760104681468e-02 -1.490237956467965474e-01
5.670252980517592051e-02 -1.511953472387104203e-01
5.699331200930502633e-02 -1.533625853896791458e-01
5.728409421343413910e-02 -1.555248016429270352e-01
5.757487641756324492e-02 -1.576812831395026371e-01
5.786565862169235075e-02 -1.598313128441479769e-01
5.815644082582145658e-02 -1.619741697737206443e-01
5.844722302995056240e-02 -1.641091292279332481e-01
5.873800523407967517e-02 -1.662354630225232610e-01
5.902878743820878099e-02 -1.683524397246256576e-01
5.931956964233788682e-02 -1.704593248903545910e-01
5.961035184646699264e-02 -1.725553813044736484e-01
5.990113405059609847e-02 -1.746398692221148574e-01
6.019191625472521123e-02 -1.767120466124038058e-01
6.048269845885431706e-02 -1.787711694039774424e-01
6.077348066298342288e-02 -1.808164917322483967e-01
6.106426286711252871e-02 -1.828472661883857875e-01
6.135504507124164147e-02 -1.848627440698995539e-01
6.164582727537074730e-02 -1.868621756327212280e-01
6.193660947949985313e-02 -1.888448103447644411e-01
6.222739168362895895e-02 -1.908098971407836131e-01
6.251817388775807172e-02 -1.927566846785431498e-01
6.280895609188717754e-02 -1.946844215961100466e-01
6.309973829601628337e-02 -1.965923567702658470e-01
6.339052050014538919e-02 -1.984797395758942373e-01
6.368130270427449502e-02 -2.003458201462780530e-01
6.397208490840360084e-02 -2.021898496341960061e-01
6.426286711253270667e-02 -2.040110804737546579e-01
6.455364931666181250e-02 -2.058087666428354556e-01
6.484443152079093220e-02 -2.075821639260906903e-01
6.513521372492003803e-02 -2.093305301783630890e-01
6.542599592904914385e-02 -2.110531255884804669e-01
6.571677813317824968e-02 -2.127492129432784485e-01
6.600756033730735550e-02 -2.144180578918065683e-01
6.629834254143646133e-02 -2.160589292095930203e-01
6.658912474556556715e-02 -2.176710990628885900e-01
6.687990694969467298e-02 -2.192538432727885456e-01
6.717068915382377881e-02 -2.208064415791443913e-01
6.746147135795288463e-02 -2.223281779041634265e-01
6.775225356208200433e-02 -2.238183406155961896e-01
6.804303576621111016e-02 -2.252762227894274105e-01
6.833381797034021599e-02 -2.267011224719667761e-01
6.862460017446932181e-02 -2.280923429412450298e-01
6.891538237859842764e-02 -2.294491929676248931e-01
6.920616458272753346e-02 -2.307709870735267232e-01
6.949694678685663929e-02 -2.320570457921707352e-01
6.978772899098574511e-02 -2.333066959252556583e-01
7.007851119511485094e-02 -2.345192707994551151e-01
7.036929339924397064e-02 -2.356941105216576460e-01
7.066007560337307647e-02 -2.368305622328512883e-01
7.095085780750218230e-02 -2.379279803605443278e-01
7.124164001163128812e-02 -2.389857268696471415e-01
7.153242221576039395e-02 -2.400031715117124653e-01
7.182320441988949977e-02 -2.409796920724401326e-01
7.211398662401860560e-02 -2.419146746173534146e-01
7.240476882814771142e-02 -2.428075137355648061e-01
7.269555103227681725e-02 -2.436576127815071879e-01
7.298633323640592308e-02 -2.444643841145951735e-01
7.327711544053504278e-02 -2.452272493366582096e-01
7.356789764466414860e-02 -2.459456395271249762e-01
7.385867984879325443e-02 -2.466189954757906366e-01
7.414946205292236026e-02 -2.472467679131577223e-01
7.444024425705146608e-02 -2.478284177382093501e-01
7.473102646118057191e-02 -2.483634162435388870e-01
7.502180866530967773e-02 -2.488512453377586808e-01
7.531259086943878356e-02 -2.492913977650867696e-01
7.560337307356788938e-02 -2.496833773220507313e-01
7.589415527769700909e-02 -2.500266990711911275e-01
7.618493748182611491e-02 -2.503208895516910171e-01
7.647571968595522074e-02 -2.505654869869038959e-01
7.676650189008432656e-02 -2.507600414885560736e-01
7.705728409421343239e-02 -2.509041152577441425e-01
7.734806629834253822e-02 -2.509972827824614727e-01
7.763884850247164404e-02 -2.510391310316452684e-01
7.792963070660074987e-02 -2.510292596457698311e-01
7.822041291072985569e-02 -2.509672811236869361e-01
7.851119511485896152e-02 -2.508528210058473262e-01
7.880197731898808122e-02 -2.506855180536917138e-01
7.909275952311718705e-02 -2.504650244252517588e-01
7.938354172724629287e-02 -2.501910058467691766e-01
7.967432393137539870e-02 -2.498631417803121035e-01
7.996510613550450453e-02 -2.494811255874159472e-01
8.025588833963361035e-02 -2.490446646884895421e-01
8.054667054376271618e-02 -2.485534807180361794e-01
8.083745274789182200e-02 -2.480073096757089979e-01
8.112823495202092783e-02 -2.474059020728663905e-01
8.141901715615004753e-02 -2.467490230749044000e-01
8.170979936027915336e-02 -2.460364526390093620e-01
8.200058156440825918e-02 -2.452679856474540010e-01
8.229136376853736501e-02 -2.444434320362929292e-01
8.258214597266647083e-02 -2.435626169194627377e-01
8.287292817679557666e-02 -2.426253807081517611e-01
8.316371038092468249e-02 -2.416315792254330463e-01
8.345449258505378831e-02 -2.405810838161666632e-01
8.374527478918289414e-02 -2.394737814519325991e-01
8.403605699331199996e-02 -2.383095748312153705e-01
8.432683919744111967e-02 -2.370883824745043389e-01
8.461762140157022549e-02 -2.358101388145600052e-01
8.490840360569933132e-02 -2.344747942814431330e-01
8.519918580982843714e-02 -2.330823153827227268e-01
8.548996801395754297e-02 -2.316326847782952392e-01
8.578075021808664880e-02 -2.301259013502925665e-01
8.607153242221575462e-02 -2.285619802676155110e-01
8.636231462634486045e-02 -2.269409530453461166e-01
8.665309683047396627e-02 -2.252628675988283535e-01
8.694387903460308598e-02 -2.235277882924948667e-01
8.723466123873219180e-02 -2.217357959833767822e-01
8.752544344286129763e-02 -2.198869880592001780e-01
8.781622564699040345e-02 -2.179814784711180953e-01
8.810700785111950928e-02 -2.160193977611342409e-01
8.839779005524861510e-02 -2.140008930839714107e-01
8.868857225937772093e-02 -2.119261282234675414e-01
8.897935446350682676e-02 -2.097952836036942881e-01
8.927013666763593258e-02 -2.076085562943446594e-01
8.956091887176503841e-02 -2.053661600108067919e-01
8.985170107589415811e-02 -2.030683251086126129e-01
9.014248328002326394e-02 -2.007152985724078575e-01
9.043326548415236976e-02 -1.983073439993577325e-01
9.072404768828147559e-02 -1.958447415770294131e-01
9.101482989241058141e-02 -1.933277880556609762e-01
9.130561209653968724e-02 -1.907567967150117227e-01
9.159639430066879306e-02 -1.881320973254908269e-01
9.188717650479789889e-02 -1.854540361038326257e-01
9.217795870892700472e-02 -1.827229756631739976e-01
9.246874091305612442e-02 -1.799392949576166800e-01
9.275952311718523025e-02 -1.771033892212030003e-01
9.305030532131433607e-02 -1.742156699013450161e-01
9.334108752544344190e-02 -1.712765645867997955e-01
9.363186972957254772e-02 -1.682865169300880037e-01
9.392265193370165355e-02 -1.652459865642973702e-01
9.421343413783075937e-02 -1.621554490146584204e-01
9.450421634195986520e-02 -1.590153956043668659e-01
9.479499854608897103e-02 -1.558263333551499485e-01
9.508578075021807685e-02 -1.525887848823659632e-01
9.537656295434719655e-02 -1.493032882846070664e-01
9.566734515847630238e-02 -1.459703970280603613e-01
9.595812736260540821e-02 -1.425906798254583940e-01
9.624890956673451403e-02 -1.391647205096548101e-01
9.653969177086361986e-02 -1.356931179020601508e-01
9.683047397499272568e-02 -1.321764856756134365e-01
9.712125617912183151e-02 -1.286154522127010424e-01
9.741203838325093733e-02 -1.250106604579375447e-01
9.770282058738004316e-02 -1.213627677654849357e-01
9.799360279150916286e-02 -1.176724457416938041e-01
9.828438499563826869e-02 -1.139403800823954593e-01
9.857516719976737452e-02 -1.101672704052147761e-01
9.886594940389648034e-02 -1.063538300770917877e-01
9.915673160802558617e-02 -1.025007860366449752e-01
9.944751381215469199e-02 -9.860887861178774250e-02
9.973829601628379782e-02 -9.467886133256826764e-02
1.000290782204129036e-01 -9.071150073917795542e-02
1.003198604245420095e-01 -8.670757618523659838e-02
1.006106426286711153e-01 -8.266787963645134962e-02
1.009014248328002350e-01 -7.859321546478088838e-02
1.011922070369293408e-01 -7.448440023785347919e-02
1.014829892410584467e-01 -7.034226250427133564e-02
1.017737714451875525e-01 -6.616764257400073457e-02
1.020645536493166583e-01 -6.196139229493688450e-02
1.023553358534457641e-01 -5.772437482489079646e-02
1.026461180575748700e-01 -5.345746439951862272e-02
1.029369002617039758e-01 -4.916154609597807312e-02
1.032276824658330816e-01 -4.483751559272454446e-02
1.035184646699622013e-01 -4.048627892513325527e-02
1.038092468740913071e-01 -3.610875223736016715e-02
1.041000290782204130e-01 -3.170586153023152720e-02
1.043908112823495188e-01 -2.727854240559309321e-02
1.046815934864786246e-01 -2.282773980674568035e-02
1.049723756906077304e-01 -1.835440775544938674e-02
1.052631578947368363e-01 -1.385950908533622496e-02
1.055539400988659421e-01 -9.344015172028232591e-03
1.058447223029950479e-01 -4.808905659753824960e-03
1.061355045071241537e-01 -2.551681848153008743e-04
1.064262867112532734e-01 4.316201904110204650e-03
1.067170689153823793e-01 8.904201828844136163e-03
1.070078511195114851e-01 1.350782166735131455e-02
1.072986333236405909e-01 1.812604464248923630e-02
1.075894155277696967e-01 2.275784741340807632e-02
1.078801977318988026e-01 2.740220036980389393e-02
1.081709799360279084e-01 3.205806792858913873e-02
1.084617621401570142e-01 3.672440883315369886e-02
1.087525443442861200e-01 4.140017645517451994e-02
1.090433265484152398e-01 4.608431909852206410e-02
1.093341087525443456e-01 5.077578030544050575e-02
1.096248909566734514e-01 5.547349916495612071e-02
1.099156731608025572e-01 6.017641062324935453e-02
1.102064553649316631e-01 6.488344579581185878e-02
1.104972375690607689e-01 6.959353228152534432e-02
1.107880197731898747e-01 7.430559447847021048e-02
1.110788019773189805e-01 7.901855390128956214e-02
1.113695841814480864e-01 8.373132949996529850e-02
1.116603663855771922e-01 8.844283798012168851e-02
1.119511485897063119e-01 9.315199412456093286e-02
1.122419307938354177e-01 9.785771111596019978e-02
1.125327129979645235e-01 1.025589008605155283e-01
1.128234952020936294e-01 1.072544743128384520e-01
1.131142774062227352e-01 1.119433418013873888e-01
1.134050596103518410e-01 1.166244133547931633e-01
1.136958418144809468e-01 1.212965990288555479e-01
1.139866240186100527e-01 1.259588092339013754e-01
1.142774062227391585e-01 1.306099550626896311e-01
1.145681884268682782e-01 1.352489486185531609e-01
1.148589706309973840e-01 1.398747033437250098e-01
1.151497528351264898e-01 1.444861343477544524e-01
1.154405350392555957e-01 1.490821587358629741e-01
1.157313172433847015e-01 1.536616959371661095e-01
1.160220994475138073e-01 1.582236680327262224e-01
1.163128816516429132e-01 1.627670000828723706e-01
1.166036638557720190e-01 1.672906204546263098e-01
1.168944460599011248e-01 1.717934611479993989e-01
1.171852282640302445e-01 1.762744581217532414e-01
1.174760104681593503e-01 1.807325516185447623e-01
1.177667926722884562e-01 1.851666864887708819e-01
1.180575748764175620e-01 1.895758125135976746e-01
1.183483570805466678e-01 1.939588847268944038e-01
1.186391392846757736e-01 1.983148637356504929e-01
1.189299214888048795e-01 2.026427160392175464e-01
1.192207036929339853e-01 2.069414143469924805e-01
1.195114858970630911e-01 2.112099378945220540e-01
1.198022681011921969e-01 2.154472727578764513e-01
1.200930503053213166e-01 2.196524121662002116e-01
1.203838325094504225e-01 2.238243568123745031e-01
1.206746147135795283e-01 2.279621151615530694e-01
1.209653969177086341e-01 2.320647037577825700e-01
1.212561791218377399e-01 2.361311475280262195e-01
1.215469613259668458e-01 2.401604800841291298e-01
1.218377435300959516e-01 2.441517440221691870e-01
1.221285257342250574e-01 2.481039912193230557e-01
1.224193079383541632e-01 2.520162831279063598e-01
1.227100901424832829e-01 2.558876910668908544e-01
1.230008723466123888e-01 2.597172965102727549e-01
1.232916545507414946e-01 2.635041913726898222e-01
1.235824367548706004e-01 2.672474782917999558e-01
1.238732189589997063e-01 2.709462709075296516e-01
1.241640011631288121e-01 2.745996941380551282e-01
1.244547833672579179e-01 2.782068844524216988e-01
1.247455655713870237e-01 2.817669901396375742e-01
1.250363477755161434e-01 2.852792310918439433e-01
1.253271299796452354e-01 2.887474809877369486e-01
1.256179121837743551e-01 2.921740811342625754e-01
1.259086943879034470e-01 2.955584980490976177e-01
1.261994765920325667e-01 2.989002040244576053e-01
1.264902587961616587e-01 3.021986772119945597e-01
1.267810410002907784e-01 3.054534017070851259e-01
1.270718232044198981e-01 3.086638676322822628e-01
1.273626054085489900e-01 3.118295712200461201e-01
1.276533876126781097e-01 3.149500148946684508e-01
1.279441698168072017e-01 3.180247073533982172e-01
1.282349520209363214e-01 3.210531636467833794e-01
1.285257342250654133e-01 3.240349052581070199e-01
1.288165164291945330e-01 3.269694601821092617e-01
1.291072986333236250e-01 3.298563630027936400e-01
1.293980808374527447e-01 3.326951549703216493e-01
1.296888630415818644e-01 3.354853840770705142e-01
1.299796452457109563e-01 3.382266051328977063e-01
1.302704274498400761e-01 3.409183798393333742e-01
1.305612096539691680e-01 3.435602768629633097e-01
1.308519918580982877e-01 3.461518719078452988e-01
1.311427740622273797e-01 3.486927477870464531e-01
1.314335562663564994e-01 3.511824944931018488e-01
1.317243384704855913e-01 3.536207092676844632e-01
1.320151206746147110e-01 3.560069966701303601e-01
1.323059028787438030e-01 3.583409686450842457e-01
1.325966850828729227e-01 3.606222445890681083e-01
1.328874672870020424e-01 3.628504514161581818e-01
1.331782494911311343e-01 3.650252236224575952e-01
1.334690316952602540e-01 3.671462033497319699e-01
1.337598138993893460e-01 3.692130404478141670e-01
1.340505961035184657e-01 3.712253925361214124e-01
1.343413783076475576e-01 3.731829250639595585e-01
1.346321605117766773e-01 3.750853113698481844e-01
1.349229427159057693e-01 3.769322327397108818e-01
1.352137249200348890e-01 3.787233784639682521e-01
1.355045071241640087e-01 3.804584458935069136e-01
1.357952893282931006e-01 3.821371404945947403e-01
1.360860715324222203e-01 3.837591759025805738e-01
1.363768537365513123e-01 3.853242739744877632e-01
1.366676359406804320e-01 3.868321648404813295e-01
1.369584181448095239e-01 3.882825869541099983e-01
1.372492003489386436e-01 3.896752871414366770e-01
1.375399825530677356e-01 3.910100206489915409e-01
1.378307647571968553e-01 3.922865511904703451e-01
1.381215469613259750e-01 3.935046509922817681e-01
1.384123291654550669e-01 3.946641008378952709e-01
1.387031113695841866e-01 3.957646901109607707e-01
1.389938935737132786e-01 3.968062168371760956e-01
1.392846757778423983e-01 3.977884877249589501e-01
1.395754579819714902e-01 3.987113182048492854e-01
1.398662401861006099e-01 3.995745324676931443e-01
1.401570223902297019e-01 4.003779635015292104e-01
1.404478045943588216e-01 4.011214531272402906e-01
1.407385867984879413e-01 4.018048520329156048e-01
1.410293690026170332e-01 4.024280198069423720e-01
1.413201512067461529e-01 4.029908249697914946e-01
1.416109334108752449e-01 4.034931450045369239e-01
1.419017156150043646e-01 4.039348663860376498e-01
1.421924978191334565e-01 4.043158846088486524e-01
1.424832800232625762e-01 4.046361042137796571e-01
1.427740622273916682e-01 4.048954388131613125e-01
1.430648444315207879e-01 4.050938111147661669e-01
1.433556266356498798e-01 4.052311529444064808e-01
1.436464088397789995e-01 4.053074052671865046e-01
1.439371910439081192e-01 4.053225182074122745e-01
1.442279732480372112e-01 4.052764510671538756e-01
1.445187554521663309e-01 4.051691723434471260e-01
1.448095376562954228e-01 4.050006597441408451e-01
1.451003198604245426e-01 4.047709002023709979e-01
1.453911020645536345e-01 4.044798898896773132e-01
1.456818842686827542e-01 4.041276342277313471e-01
1.459726664728118462e-01 4.037141478986966403e-01
1.462634486769409659e-01 4.032394548541991530e-01
1.465542308810700856e-01 4.027035883229276858e-01
1.468450130851991775e-01 4.021065908168132697e-01
1.471357952893282972e-01 4.014485141358383746e-01
1.474265774934573892e-01 4.007294193714624475e-01
1.477173596975865089e-01 3.999493769086097661e-01
1.480081419017156008e-01 3.991084664262741777e-01
1.482989241058447205e-01 3.982067768967427202e-01
1.485897063099738125e-01 3.972444065833814486e-01
1.488804885141029322e-01 3.962214630369794155e-01
1.491712707182320519e-01 3.951380630907816993e-01
1.494620529223611438e-01 3.939943328540173595e-01
1.497528351264902635e-01 3.927904077040443309e-01
1.500436173306193555e-01 3.915264322770792838e-01
1.503343995347484752e-01 3.902025604575040107e-01
1.506251817388775671e-01 3.888189553657602215e-01
1.509159639430066868e-01 3.873757893448392942e-01
1.512067461471357788e-01 3.858732439453095853e-01
1.514975283512648985e-01 3.843115099089610687e-01
1.517883105553940182e-01 3.826907871510081272e-01
1.520790927595231101e-01 3.810112847409042325e-01
1.523698749636522298e-01 3.792732208817116701e-01
1.526606571677813218e-01 3.774768228880391874e-01
1.529514393719104415e-01 3.756223271625692139e-01
1.532422215760395334e-01 3.737099791712271690e-01
1.535330037801686531e-01 3.717400334168499132e-01
1.538237859842977451e-01 3.697127534114560965e-01
1.541145681884268648e-01 3.676284116471731367e-01
1.544053503925559845e-01 3.654872895656304799e-01
1.546961325966850764e-01 3.632896775261134081e-01
1.549869148008141961e-01 3.610358747721171269e-01
1.552776970049432881e-01 3.587261893966466331e-01
1.555684792090724078e-01 3.563609383060302727e-01
1.558592614132014997e-01 3.539404471824187937e-01
1.561500436173306194e-01 3.514650504447635049e-01
1.564408258214597114e-01 3.489350912085187328e-01
1.567316080255888311e-01 3.463509212439143115e-01
1.570223902297179230e-01 3.437129009328402929e-01
1.573131724338470427e-01 3.410213992243045777e-01
1.576039546379761624e-01 3.382767935886632493e-01
1.578947368421052544e-01 3.354794699702862149e-01
1.581855190462343741e-01 3.326298227389994366e-01
1.584763012503634660e-01 3.297282546400861492e-01
1.587670834544925857e-01 3.267751767430122634e-01
1.590578656586216777e-01 3.237710083887012646e-01
1.593486478627507974e-01 3.207161771355025448e-01
1.596394300668798893e-01 3.176111187039148409e-01
1.599302122710090091e-01 3.144562769197808971e-01
1.602209944751381288e-01 3.112521036563510313e-01
1.605117766792672207e-01 3.079990587748759334e-01
1.608025588833963404e-01 3.046976100640259033e-01
1.610933410875254324e-01 3.013482331778364887e-01
1.613841232916545521e-01 2.979514115725260259e-01
1.616749054957836440e-01 2.945076364418934833e-01
1.619656876999127637e-01 2.910174066514646940e-01
1.622564699040418557e-01 2.874812286714102383e-01
1.625472521081709754e-01 2.838996165081695833e-01
1.628380343123000951e-01 2.802730916346958812e-01
1.631288165164291870e-01 2.766021829197267135e-01
1.634195987205583067e-01 2.728874265554343537e-01
1.637103809246873987e-01 2.691293659842406427e-01
1.640011631288165184e-01 2.653285518240309226e-01
1.642919453329456103e-01 2.614855417924487613e-01
1.645827275370747300e-01 2.576009006298549675e-01
1.648735097412038220e-01 2.536752000210177882e-01
1.651642919453329417e-01 2.497090185157679609e-01
1.654550741494620614e-01 2.457029414483576091e-01
1.657458563535911533e-01 2.416575608557965105e-01
1.660366385577202730e-01 2.375734753948628986e-01
1.663274207618493650e-01 2.334512902581302451e-01
1.666182029659784847e-01 2.292916170886752369e-01
1.669089851701075766e-01 2.250950738938653217e-01
1.671997673742366963e-01 2.208622849578867064e-01
1.674905495783657883e-01 2.165938807531825883e-01
1.677813317824949080e-01 2.122904978508947937e-01
1.680721139866239999e-01 2.079527788301595570e-01
1.683628961907531196e-01 2.035813721862304859e-01
1.686536783948822393e-01 1.991769322377916207e-01
1.689444605990113313e-01 1.947401190330191045e-01
1.692352428031404510e-01 1.902715982547343865e-01
1.695260250072695429e-01 1.857720411244072889e-01
1.698168072113986626e-01 1.812421243054188336e-01
1.701075894155277546e-01 1.766825298049350679e-01
1.703983716196568743e-01 1.720939448751602208e-01
1.706891538237859662e-01 1.674770619134926253e-01
1.709799360279150859e-01 1.628325783616768607e-01
1.712707182320442056e-01 1.581611966041633899e-01
1.715615004361732976e-01 1.534636238652348494e-01
1.718522826403024173e-01 1.487405721057599994e-01
1.721430648444315092e-01 1.439927579184970274e-01
1.724338470485606289e-01 1.392209024228380498e-01
1.727246292526897209e-01 1.344257311585929926e-01
1.730154114568188406e-01 1.296079739790191865e-01
1.733061936609479325e-01 1.247683649428157765e-01
1.735969758650770522e-01 1.199076422054080604e-01
1.738877580692061720e-01 1.150265479095566867e-01
1.741785402733352639e-01 1.101258280749593532e-01
1.744693224774643836e-01 1.052062324872299198e-01
1.747601046815934756e-01 1.002685145860274935e-01
1.750508868857225953e-01 9.531343135259710830e-02
1.753416690898516872e-01 9.034174319642505890e-02
1.756324512939808069e-01 8.535421384124806943e-02
1.759232334981098989e-01 8.035161021050298003e-02
1.762140157022390186e-01 7.533470231178994447e-02
1.765047979063681383e-01 7.030426312108753462e-02
1.767955801104972302e-01 6.526106846595135236e-02
1.770863623146263499e-01 6.020589690834522723e-02
1.773771445187554419e-01 5.513952962671735819e-02
1.776679267228845616e-01 5.006275029753760181e-02
1.779587089270136535e-01 4.497634497630883382e-02
1.782494911311427732e-01 3.988110197790773609e-02
1.785402733352718652e-01 3.477781175655591389e-02
1.788310555394009849e-01 2.966726678509722451e-02
1.791218377435300768e-01 2.455026143384821460e-02
1.794126199476591965e-01 1.942759184899912894e-02
1.797034021517883162e-01 1.430005583053144819e-02
1.799941843559174082e-01 9.168452709622902652e-03
1.802849665600465279e-01 4.033583225692431197e-03
1.805757487641756198e-01 -1.103750596995773259e-03
1.808665309683047395e-01 -6.242745573080672392e-03
1.811573131724338315e-01 -1.138259748034432112e-02
1.814480953765629512e-01 -1.652250118409221216e-02
1.817388775806920431e-01 -2.166165076212782717e-02
1.820296597848211628e-01 -2.679923962989423300e-02
1.823204419889502825e-01 -3.193446066588644106e-02
1.826112241930793745e-01 -3.706650633744977552e-02
1.829020063972084942e-01 -4.219456882675830245e-02
1.831927886013375861e-01 -4.731784015716419822e-02
1.834835708054667058e-01 -5.243551231951475849e-02
1.837743530095957978e-01 -5.754677739899902167e-02
1.840651352137249175e-01 -6.265082770192954842e-02
1.843559174178540094e-01 -6.774685588271940617e-02
1.846466996219831291e-01 -7.283405507121257227e-02
1.849374818261122488e-01 -7.791161899985832306e-02
1.852282640302413408e-01 -8.297874213122230502e-02
1.855190462343704605e-01 -8.803461978539002530e-02
1.858098284384995524e-01 -9.307844826757540047e-02
1.861006106426286721e-01 -9.810942499575912856e-02
1.863913928467577641e-01 -1.031267486282818058e-01
1.866821750508868838e-01 -1.081296191916251287e-01
1.869729572550159757e-01 -1.131172382079044247e-01
1.872637394591450954e-01 -1.180888088225498234e-01
1.875545216632742151e-01 -1.230435359319393823e-01
1.878453038674033071e-01 -1.279806263107588771e-01
1.881360860715324268e-01 -1.328992887395426536e-01
1.884268682756615187e-01 -1.377987341319335535e-01
1.887176504797906385e-01 -1.426781756618380748e-01
1.890084326839197304e-01 -1.475368288904442271e-01
1.892992148880488501e-01 -1.523739118930989567e-01
1.895899970921779421e-01 -1.571886453859576982e-01
1.898807792963070618e-01 -1.619802528523650864e-01
1.901715615004361537e-01 -1.667479606691212035e-01
1.904623437045652734e-01 -1.714909982323730153e-01
1.907531259086943931e-01 -1.762085980833435206e-01
1.910439081128234851e-01 -1.808999960336420687e-01
1.913346903169526048e-01 -1.855644312904017601e-01
1.916254725210816967e-01 -1.902011465809166357e-01
1.919162547252108164e-01 -1.948093882770756402e-01
1.922070369293399084e-01 -1.993884065193230470e-01
1.924978191334690281e-01 -2.039374553402038825e-01
1.927886013375981200e-01 -2.084557927876445893e-01
1.930793835417272397e-01 -2.129426810475799070e-01
1.933701657458563594e-01 -2.173973865663123561e-01
1.936609479499854514e-01 -2.218191801722492751e-01
1.939517301541145711e-01 -2.262073371972687097e-01
1.942425123582436630e-01 -2.305611375974112309e-01
1.945332945623727827e-01 -2.348798660732225874e-01
1.948240767665018747e-01 -2.391628121893535075e-01
1.951148589706309944e-01 -2.434092704937335372e-01
1.954056411747600863e-01 -2.476185406359907859e-01
1.956964233788892060e-01 -2.517899274853604430e-01
1.959872055830183257e-01 -2.559227412479453401e-01
1.962779877871474177e-01 -2.600162975832435164e-01
1.965687699912765374e-01 -2.640699177201376591e-01
1.968595521954056293e-01 -2.680829285720007227e-01
1.971503343995347490e-01 -2.720546628512438003e-01
1.974411166036638410e-01 -2.759844591830470928e-01
1.977318988077929607e-01 -2.798716622184719838e-01
1.980226810119220526e-01 -2.837156227464380787e-01
1.983134632160511723e-01 -2.875156978054330681e-01
1.986042454201802920e-01 -2.912712507939407836e-01
1.988950276243093840e-01 -2.949816515802962669e-01
1.991858098284385037e-01 -2.986462766116204648e-01
1.994765920325675956e-01 -3.022645090218720187e-01
1.997673742366967153e-01 -3.058357387390446269e-01
2.000581564408258073e-01 -3.093593625914048406e-01
2.003489386449549270e-01 -3.128347844128356869e-01
2.006397208490840189e-01 -3.162614151472529778e-01
2.009305030532131386e-01 -3.196386729520611647e-01
2.012212852573422306e-01 -3.229659833005060210e-01
2.015120674614713503e-01 -3.262427790832713170e-01
2.018028496656004700e-01 -3.294685007087563844e-01
2.020936318697295619e-01 -3.326425962026288707e-01
2.023844140738586816e-01 -3.357645213060351796e-01
2.026751962779877736e-01 -3.388337395729618118e-01
2.029659784821168933e-01 -3.418497224663925027e-01
2.032567606862459852e-01 -3.448119494533553597e-01
2.035475428903751050e-01 -3.477199080989498148e-01
2.038383250945041969e-01 -3.505730941590943783e-01
2.041291072986333166e-01 -3.533710116721839323e-01
2.044198895027624363e-01 -3.561131730496163716e-01
2.047106717068915283e-01 -3.587990991650445438e-01
2.050014539110206480e-01 -3.614283194425151891e-01
2.052922361151497399e-01 -3.640003719432406415e-01
2.055830183192788596e-01 -3.665148034513182052e-01
2.058738005234079516e-01 -3.689711695580559225e-01
2.061645827275370713e-01 -3.713690347450296358e-01
2.064553649316661632e-01 -3.737079724659262969e-01
2.067461471357952829e-01 -3.759875652270431301e-01
2.070369293399244026e-01 -3.782074046664312128e-01
2.073277115440534946e-01 -3.803670916317386519e-01
2.076184937481826143e-01 -3.824662362567361473e-01
2.079092759523117062e-01 -3.845044580364074260e-01
2.082000581564408259e-01 -3.864813859006867025e-01
2.084908403605699179e-01 -3.883966582868246809e-01
2.087816225646990376e-01 -3.902499232103167071e-01
2.090724047688281295e-01 -3.920408383344307635e-01
2.093631869729572492e-01 -3.937690710382237835e-01
2.096539691770863689e-01 -3.954342984832676100e-01
2.099447513812154609e-01 -3.970362076787526395e-01
2.102355335853445806e-01 -3.985744955451596128e-01
2.105263157894736725e-01 -4.000488689764956085e-01
2.108170979936027922e-01 -4.014590449009464157e-01
2.111078801977318842e-01 -4.028047503400480900e-01
2.113986624018610039e-01 -4.040857224663282898e-01
2.116894446059900958e-01 -4.053017086593846408e-01
2.119802268101192155e-01 -4.064524665604287712e-01
2.122710090142483075e-01 -4.075377641252583838e-01
2.125617912183774272e-01 -4.085573796756256648e-01
2.128525734225065469e-01 -4.095111019490302318e-01
2.131433556266356388e-01 -4.103987301469456117e-01
2.134341378307647585e-01 -4.112200739813641759e-01
2.137249200348938505e-01 -4.119749537197738842e-01
2.140157022390229702e-01 -4.126632002284733036e-01
2.143064844431520621e-01 -4.132846550142426079e-01
2.145972666472811818e-01 -4.138391702643801073e-01
2.148880488514102738e-01 -4.143266088850557916e-01
2.151788310555393935e-01 -4.147468445379934865e-01
2.154696132596685132e-01 -4.150997616754693031e-01
2.157603954637976051e-01 -4.153852555736320951e-01
2.160511776679267248e-01 -4.156032323641062343e-01
2.163419598720558168e-01 -4.157536090638856985e-01
2.166327420761849365e-01 -4.158363136035242436e-01
2.169235242803140284e-01 -4.158512848535881323e-01
2.172143064844431481e-01 -4.157984726493771932e-01
2.175050886885722401e-01 -4.156778378139103780e-01
2.177958708927013598e-01 -4.154893521791576116e-01
2.180866530968304795e-01 -4.152329986055189881e-01
2.183774353009595715e-01 -4.149087709995440409e-01
2.186682175050886912e-01 -4.145166743298779322e-01
2.189589997092177831e-01 -4.140567246414422198e-01
2.192497819133469028e-01 -4.135289490678253355e-01
2.195405641174759948e-01 -4.129333858419031444e-01
2.198313463216051145e-01 -4.122700843046437358e-01
2.201221285257342064e-01 -4.115391049121401856e-01
2.204129107298633261e-01 -4.107405192408347672e-01
2.207036929339924458e-01 -4.098744099909330529e-01
2.209944751381215378e-01 -4.089408709880114623e-01
2.212852573422506575e-01 -4.079400071828122032e-01
2.215760395463797494e-01 -4.068719346492201683e-01
2.218668217505088691e-01 -4.057367805804129590e-01
2.221576039546379611e-01 -4.045346832832238948e-01
2.224483861587670808e-01 -4.032657921705875004e-01
2.227391683628961727e-01 -4.019302677522780254e-01
2.230299505670252924e-01 -4.005282816237344390e-01
2.233207327711543844e-01 -3.990600164530814786e-01
2.236115149752835041e-01 -3.975256659662830261e-01
2.239022971794126238e-01 -3.959254349305343368e-01
2.241930793835417157e-01 -3.942595391357325840e-01
2.244838615876708354e-01 -3.925282053741750987e-01
2.247746437917999274e-01 -3.907316714183794448e-01
2.250654259959290471e-01 -3.888701859971053776e-01
2.253562082000581390e-01 -3.869440087694818176e-01
2.256469904041872587e-01 -3.849534102973573568e-01
2.259377726083163507e-01 -3.828986720157820933e-01
2.262285548124454704e-01 -3.807800862016775811e-01
2.265193370165745901e-01 -3.785979559406381090e-01
2.268101192207036820e-01 -3.763525950919697216e-01
2.271009014248328017e-01 -3.740443282517581514e-01
2.273916836289618937e-01 -3.716734907142915656e-01
2.276824658330910134e-01 -3.692404284315914387e-01
2.279732480372201053e-01 -3.667454979710221830e-01
2.282640302413492250e-01 -3.641890664711954773e-01
2.285548124454783170e-01 -3.615715115960655979e-01
2.288455946496074367e-01 -3.588932214871532467e-01
2.291363768537365564e-01 -3.561545947140181134e-01
2.294271590578656483e-01 -3.533560402228643760e-01
2.297179412619947680e-01 -3.504979772833765606e-01
2.300087234661238600e-01 -3.475808354338712491e-01
2.302995056702529797e-01 -3.446050544244607106e-01
2.305902878743820716e-01 -3.415710841586011570e-01
2.308810700785111913e-01 -3.384793846328171263e-01
2.311718522826402833e-01 -3.353304258746148125e-01
2.314626344867694030e-01 -3.321246878786799361e-01
2.317534166908985227e-01 -3.288626605413697557e-01
2.320441988950276146e-01 -3.255448435933291362e-01
2.323349810991567344e-01 -3.221717465304849148e-01
2.326257633032858263e-01 -3.187438885432775093e-01
2.329165455074149460e-01 -3.152617984441475896e-01
2.332073277115440380e-01 -3.117260145933830606e-01
2.334981099156731577e-01 -3.081370848230570170e-01
2.337888921198022496e-01 -3.044955663596687345e-01
2.340796743239313693e-01 -3.008020257446529788e-01
2.343704565280604890e-01 -2.970570387535224621e-01
2.346612387321895810e-01 -2.932611903131364106e-01
2.349520209363187007e-01 -2.894150744175596479e-01
2.352428031404477926e-01 -2.855192940420253622e-01
2.355335853445769123e-01 -2.815744610553451155e-01
2.358243675487060043e-01 -2.775811961308745079e-01
2.361151497528351240e-01 -2.735401286555407818e-01
2.364059319569642159e-01 -2.694518966375197278e-01
2.366967141610933356e-01 -2.653171466122581368e-01
2.369874963652224276e-01 -2.611365335468814330e-01
2.372782785693515473e-01 -2.569107207430742501e-01
2.375690607734806670e-01 -2.526403797384395578e-01
2.378598429776097589e-01 -2.483261902062646465e-01
2.381506251817388786e-01 -2.439688398538086833e-01
2.384414073858679706e-01 -2.395690243190461421e-01
2.387321895899970903e-01 -2.351274470659653337e-01
2.390229717941261822e-01 -2.306448192782833140e-01
2.393137539982553019e-01 -2.261218597518625528e-01
2.396045362023843939e-01 -2.215592947854175265e-01
2.398953184065135136e-01 -2.169578580700705916e-01
2.401861006106426333e-01 -2.123182905772757756e-01
2.404768828147717252e-01 -2.076413404454616196e-01
2.407676650189008449e-01 -2.029277628651684484e-01
2.410584472230299369e-01 -1.981783199628778802e-01
2.413492294271590566e-01 -1.933937806834987172e-01
2.416400116312881485e-01 -1.885749206715061077e-01
2.419307938354172682e-01 -1.837225221506607331e-01
2.422215760395463602e-01 -1.788373738026421689e-01
2.425123582436754799e-01 -1.739202706439917367e-01
2.428031404478045996e-01 -1.689720139023454248e-01
2.430939226519336915e-01 -1.639934108908750743e-01
2.433847048560628112e-01 -1.589852748818208761e-01
2.436754870601919032e-01 -1.539484249786550185e-01
2.439662692643210229e-01 -1.488836859871330853e-01
2.442570514684501148e-01 -1.437918882851333680e-01
2.445478336725792345e-01 -1.386738676913178148e-01
2.448386158767083265e-01 -1.335304653326518098e-01
2.451293980808374462e-01 -1.283625275108416230e-01
2.454201802849665659e-01 -1.231709055676363657e-01
2.457109624890956578e-01 -1.179564557490540566e-01
2.460017446932247775e-01 -1.127200390685007686e-01
2.462925268973538695e-01 -1.074625211690329596e-01
2.465833091014829892e-01 -1.021847721842844697e-01
2.468740913056120811e-01 -9.688766659875185094e-02
2.471648735097412009e-01 -9.157208310678527363e-02
2.474556557138702928e-01 -8.623890447086146605e-02
2.477464379179994125e-01 -8.088901737871817543e-02
2.480372201221285045e-01 -7.552331229982352234e-02
2.483280023262576242e-01 -7.014268334071489808e-02
2.486187845303867439e-01 -6.474802809961141548e-02
2.489095667345158358e-01 -5.934024752012855702e-02
2.492003489386449555e-01 -5.392024574420669486e-02
2.494911311427740475e-01 -4.848892996414500695e-02
2.497819133469031672e-01 -4.304721027405019468e-02
2.500726955510322869e-01 -3.759599952035996839e-02
2.503634777551613788e-01 -3.213621315160774400e-02
2.506542599592904708e-01 -2.666876906773207531e-02
2.509450421634196182e-01 -2.119458746838900204e-02
2.512358243675487102e-01 -1.571459070091107274e-02
2.515266065716778021e-01 -1.022970310729275252e-02
2.518173887758068941e-01 -4.740850870901766080e-03
2.521081709799360415e-01 7.510381375911003932e-04
2.523989531840651335e-01 6.245034514787937106e-03
2.526897353881942254e-01 1.174020747971624319e-02
2.529805175923233174e-01 1.723562502935935964e-02
2.532712997964524648e-01 2.273035409488102787e-02
2.535620820005815568e-01 2.822346069809356095e-02
2.538528642047106487e-01 3.371401010855133024e-02
2.541436464088397962e-01 3.920106700086693763e-02
2.544344286129688881e-01 4.468369561256548689e-02
2.547252108170979801e-01 5.016095990220555134e-02
2.550159930212270720e-01 5.563192370791453234e-02
2.553067752253562195e-01 6.109565090608547189e-02
2.555975574294853114e-01 6.655120557050712982e-02
2.558883396336144034e-01 7.199765213163895894e-02
2.561791218377434953e-01 7.743405553617725701e-02
2.564699040418726428e-01 8.285948140679622043e-02
2.567606862460017347e-01 8.827299620201509156e-02
2.570514684501308267e-01 9.367366737636882712e-02
2.573422506542599741e-01 9.906056354039360912e-02
2.576330328583890661e-01 1.044327546210964269e-01
2.579238150625181580e-01 1.097893120221795638e-01
2.582145972666472500e-01 1.151293087843914126e-01
2.585053794707763974e-01 1.204518197460499873e-01
2.587961616749054894e-01 1.257559217031798404e-01
2.590869438790345813e-01 1.310406935700908493e-01
2.593777260831637288e-01 1.363052165394019744e-01
2.596685082872928207e-01 1.415485742424080762e-01
2.599592904914219127e-01 1.467698529088935222e-01
2.602500726955510046e-01 1.519681415271678382e-01
2.605408548996801521e-01 1.571425320036928530e-01
2.608316371038092440e-01 1.622921193225426717e-01
2.611224193079383360e-01 1.674160017046829318e-01
2.614132015120674279e-01 1.725132807668545987e-01
2.617039837161965754e-01 1.775830616804587869e-01
2.619947659203256674e-01 1.826244533296667027e-01
2.622855481244547593e-01 1.876365684696226777e-01
2.625763303285839068e-01 1.926185238839792091e-01
2.628671125327129987e-01 1.975694405422889766e-01
2.631578947368420907e-01 2.024884437566616957e-01
2.634486769409711826e-01 2.073746633381379212e-01
2.637394591451003301e-01 2.122272337527403019e-01
2.640302413492294220e-01 2.170452942766113724e-01
2.643210235533585140e-01 2.218279891509663260e-01
2.646118057574876059e-01 2.265744677363450144e-01
2.649025879616167534e-01 2.312838846661385839e-01
2.651933701657458453e-01 2.359553999998894591e-01
2.654841523698749373e-01 2.405881793754447440e-01
2.657749345740040847e-01 2.451813941607415559e-01
2.660657167781331767e-01 2.497342216048323293e-01
2.663564989822622686e-01 2.542458449882005200e-01
2.666472811863913606e-01 2.587154537721653158e-01
2.669380633905205080e-01 2.631422437477126675e-01
2.672288455946496000e-01 2.675254171833436057e-01
2.675196277987786919e-01 2.718641829721850645e-01
2.678104100029078394e-01 2.761577567782121378e-01
2.681011922070369313e-01 2.804053611815142677e-01
2.683919744111660233e-01 2.846062258226981778e-01
2.686827566152951152e-01 2.887595875463474515e-01
2.689735388194242627e-01 2.928646905434512671e-01
2.692643210235533546e-01 2.969207864929702678e-01
2.695551032276824466e-01 3.009271347021115761e-01
2.698458854318115385e-01 3.048830022458254851e-01
2.701366676359406860e-01 3.087876641050707471e-01
2.704274498400697779e-01 3.126404033040129926e-01
2.707182320441988699e-01 3.164405110460682402e-01
2.710090142483280173e-01 3.201872868488045976e-01
2.712997964524571093e-01 3.238800386776740092e-01
2.715905786565862012e-01 3.275180830785244246e-01
2.718813608607152932e-01 3.311007453088069541e-01
2.721721430648444406e-01 3.346273594676714147e-01
2.724629252689735326e-01 3.380972686245601322e-01
2.727537074731026245e-01 3.415098249468417890e-01
2.730444896772317720e-01 3.448643898256102402e-01
2.733352718813608639e-01 3.481603340006243497e-01
2.736260540854899559e-01 3.513970376835168774e-01
2.739168362896190478e-01 3.545738906797663570e-01
2.742076184937481953e-01 3.576902925091147711e-01
2.744984006978772872e-01 3.607456525246429124e-01
2.747891829020063792e-01 3.637393900302769434e-01
2.750799651061354711e-01 3.666709343968764245e-01
2.753707473102646186e-01 3.695397251766201485e-01
2.756615295143937105e-01 3.723452122160750277e-01
2.759523117185228025e-01 3.750868557674970627e-01
2.762430939226519500e-01 3.777641265986092511e-01
2.765338761267810419e-01 3.803765061007753356e-01
2.768246583309101339e-01 3.829234863954805168e-01
2.771154405350392258e-01 3.854045704391744764e-01
2.774062227391683733e-01 3.878192721264363541e-01
2.776970049432974652e-01 3.901671163913686402e-01
2.779877871474265572e-01 3.924476393073609293e-01
2.782785693515556491e-01 3.946603881850232476e-01
2.785693515556847966e-01 3.968049216683347535e-01
2.788601337598138885e-01 3.988808098290712589e-01
2.791509159639429805e-01 4.008876342593575837e-01
2.794416981680721279e-01 4.028249881624094697e-01
2.797324803722012199e-01 4.046924764414117082e-01
2.800232625763303118e-01 4.064897157865507982e-01
2.803140447804594038e-01 4.082163347601207026e-01
2.806048269845885512e-01 4.098719738797578782e-01
2.808956091887176432e-01 4.114562856997013851e-01
2.811863913928467351e-01 4.129689348901531831e-01
2.814771735969758826e-01 4.144095983145689166e-01
2.817679558011049745e-01 4.157779651051091707e-01
2.820587380052340665e-01 4.170737367359551584e-01
2.823495202093631584e-01 4.182966270946755216e-01
2.826403024134923059e-01 4.194463625515106320e-01
2.829310846176213978e-01 4.205226820266368959e-01
2.832218668217504898e-01 4.215253370553377343e-01
2.835126490258795817e-01 4.224540918510830134e-01
2.838034312300087292e-01 4.233087233665075999e-01
2.840942134341378211e-01 4.240890213522923724e-01
2.843849956382669131e-01 4.247947884138581487e-01
2.846757778423960605e-01 4.254258400659653994e-01
2.849665600465251525e-01 4.259820047851067271e-01
2.852573422506542444e-01 4.264631240597503981e-01
2.855481244547833364e-01 4.268690524383619289e-01
2.858389066589124838e-01 4.271996575752498582e-01
2.861296888630415758e-01 4.274548202741670355e-01
2.864204710671706677e-01 4.276344345296938521e-01
2.867112532712997597e-01 4.277384075663726026e-01
2.870020354754289071e-01 4.277666598755825444e-01
2.872928176795579991e-01 4.277191252501521546e-01
2.875835998836870910e-01 4.275957508166858823e-01
2.878743820878162385e-01 4.273964970656049522e-01
2.881651642919453304e-01 4.271213378788868975e-01
2.884559464960744224e-01 4.267702605554845041e-01
2.887467287002035143e-01 4.263432658344400994e-01
2.890375109043326618e-01 4.258403679156521626e-01
2.893282931084617537e-01 4.252615944783184054e-01
2.896190753125908457e-01 4.246069866970196838e-01
2.899098575167199932e-01 4.238765992554338058e-01
2.902006397208490851e-01 4.230705003577335810e-01
2.904914219249781770e-01 4.221887717375550353e-01
2.907822041291072690e-01 4.212315086646222784e-01
2.910729863332364165e-01 4.201988199489973264e-01
2.913637685373655084e-01 4.190908279428906535e-01
2.916545507414946004e-01 4.179076685401634239e-01
2.919453329456236923e-01 4.166494911733411022e-01
2.922361151497528398e-01 4.153164588083174680e-01
2.925268973538819317e-01 4.139087479365161082e-01
2.928176795580110237e-01 4.124265485648088148e-01
2.931084617621401711e-01 4.108700642028707550e-01
2.933992439662692631e-01 4.092395118481857996e-01
2.936900261703983550e-01 4.075351219686021431e-01
2.939808083745274470e-01 4.057571384825239824e-01
2.942715905786565944e-01 4.039058187365363040e-01
2.945623727827856864e-01 4.019814334807706446e-01
2.948531549869147783e-01 3.999842668417204483e-01
2.951439371910439258e-01 3.979146162926469055e-01
2.954347193951730177e-01 3.957727926216078607e-01
2.957255015993021097e-01 3.935591198969513038e-01
2.960162838034312016e-01 3.912739354305004857e-01
2.963070660075603491e-01 3.889175897381706437e-01
2.965978482116894410e-01 3.864904464983192622e-01
2.968886304158185330e-01 3.839928825074674368e-01
2.971794126199476249e-01 3.814252876337983489e-01
2.974701948240767724e-01 3.787880647680820778e-01
2.977609770282058643e-01 3.760816297722423540e-01
2.980517592323349563e-01 3.733064114254852073e-01
2.983425414364641037e-01 3.704628513680641166e-01
2.986333236405931957e-01 3.675514040425020279e-01
2.989241058447222876e-01 3.645725366325152095e-01
2.992148880488513796e-01 3.615267289994427702e-01
2.995056702529805270e-01 3.584144736163840106e-01
2.997964524571096190e-01 3.552362754998030225e-01
3.000872346612387109e-01 3.519926521388844209e-01
3.003780168653678029e-01 3.486841334223762523e-01
3.006687990694969503e-01 3.453112615632308313e-01
3.009595812736260423e-01 3.418745910206913430e-01
3.012503634777551342e-01 3.383746884201664917e-01
3.015411456818842817e-01 3.348121324706818669e-01
3.018319278860133736e-01 3.311875138800705054e-01
3.021227100901424656e-01 3.275014352677170781e-01
3.024134922942715575e-01 3.237545110750879584e-01
3.027042744984007050e-01 3.199473674739624074e-01
3.029950567025297969e-01 3.160806422721926801e-01
3.032858389066588889e-01 3.121549848175081965e-01
3.035766211107880364e-01 3.081710558986763271e-01
3.038674033149171283e-01 3.041295276446995821e-01
3.041581855190462202e-01 3.000310834215803024e-01
3.044489677231753122e-01 2.958764177269372908e-01
3.047397499273044597e-01 2.916662360824058831e-01
3.050305321314335516e-01 2.874012549237859870e-01
3.053213143355626435e-01 2.830822014890422844e-01
3.056120965396917355e-01 2.787098137040656121e-01
3.059028787438208830e-01 2.742848400664744668e-01
3.061936609479499749e-01 2.698080395270267551e-01
3.064844431520790669e-01 2.652801813691992305e-01
3.067752253562082143e-01 2.607020450863741790e-01
3.070660075603373063e-01 2.560744202571605399e-01
3.073567897644663982e-01 2.513981064185705216e-01
3.076475719685954902e-01 2.466739129369736327e-01
3.079383541727246376e-01 2.419026588774581821e-01
3.082291363768537296e-01 2.370851728705713479e-01
3.085199185809828215e-01 2.322222929775116795e-01
3.088107007851119690e-01 2.273148665533105961e-01
3.091014829892410609e-01 2.223637501077153356e-01
3.093922651933701529e-01 2.173698091645261121e-01
3.096830473974992448e-01 2.123339181188343416e-01
3.099738296016283923e-01 2.072569600923155897e-01
3.102646118057574842e-01 2.021398267868097509e-01
3.105553940098865762e-01 1.969834183357866142e-01
3.108461762140156681e-01 1.917886431544002235e-01
3.111369584181448156e-01 1.865564177871919527e-01
3.114277406222739075e-01 1.812876667544921494e-01
3.117185228264029995e-01 1.759833223968277627e-01
3.120093050305321469e-01 1.706443247175540856e-01
3.123000872346612389e-01 1.652716212239029314e-01
3.125908694387903308e-01 1.598661667662513441e-01
3.128816516429194228e-01 1.544289233758394109e-01
3.131724338470485702e-01 1.489608601006105482e-01
3.134632160511776622e-01 1.434629528397638187e-01
3.137539982553067541e-01 1.379361841764625007e-01
3.140447804594358461e-01 1.323815432090198752e-01
3.143355626635649935e-01 1.268000253807414490e-01
3.146263448676940855e-01 1.211926323078935247e-01
3.149171270718231774e-01 1.155603716063926117e-01
3.152079092759523249e-01 1.099042567170812751e-01
3.154986914800814168e-01 1.042253067293879981e-01
3.157894736842105088e-01 9.852454620386282003e-02
3.160802558883396007e-01 9.280300499308219431e-02
3.163710380924687482e-01 8.706171806132129154e-02
3.166618202965978401e-01 8.130172530309166812e-02
3.169526025007269321e-01 7.552407136011810018e-02
3.172433847048560795e-01 6.972980543729459524e-02
3.175341669089851715e-01 6.391998111728418308e-02
3.178249491131142634e-01 5.809565617401037801e-02
3.181157313172433554e-01 5.225789238510949314e-02
3.184065135213725029e-01 4.640775534290526166e-02
3.186972957255015948e-01 4.054631426472513067e-02
3.189880779296306867e-01 3.467464180198678858e-02
3.192788601337597787e-01 2.879381384812244177e-02
3.195696423378889262e-01 2.290490934569910930e-02
3.198604245420180181e-01 1.700901009260310376e-02
3.201512067461471100e-01 1.110720054712449958e-02
3.204419889502762575e-01 5.200567632375609033e-03
3.207327711544053495e-01 -7.097994604217923789e-04
3.210235533585344414e-01 -6.622809469043028710e-03
3.213143355626635334e-01 -1.253736925833072793e-02
3.216051177667926808e-01 -1.845238401906500181e-02
3.218958999709217728e-01 -2.436675746756807731e-02
3.221866821750508647e-01 -3.027939204571872614e-02
3.224774643791799567e-01 -3.618918912190311615e-02
3.227682465833091041e-01 -4.209504919245367349e-02
3.230590287874381961e-01 -4.799587208374372221e-02
3.233498109915672880e-01 -5.389055715469325686e-02
3.236405931956964355e-01 -5.977800349990849277e-02
3.239313753998255274e-01 -6.565711015313697996e-02
3.242221576039546194e-01 -7.152677629138148863e-02
3.245129398080837113e-01 -7.738590143919023279e-02
3.248037220122128588e-01 -8.323338567345901773e-02
3.250945042163419507e-01 -8.906812982835050907e-02
3.253852864204710427e-01 -9.488903570085133188e-02
3.256760686246001901e-01 -1.006950062562631809e-01
3.259668508287292821e-01 -1.064849458339546667e-01
3.262576330328583740e-01 -1.122577603533922996e-01
3.265484152369874660e-01 -1.180123575204377051e-01
3.268391974411166134e-01 -1.237476470332146000e-01
3.271299796452457054e-01 -1.294625407887776969e-01
3.274207618493747973e-01 -1.351559530891869865e-01
3.277115440535038893e-01 -1.408268008479657274e-01
3.280023262576330367e-01 -1.464740037963633834e-01
3.282931084617621287e-01 -1.520964846894415634e-01
3.285838906658912206e-01 -1.576931695122588684e-01
3.288746728700203681e-01 -1.632629876856319939e-01
3.291654550741494600e-01 -1.688048722718782091e-01
3.294562372782785520e-01 -1.743177601802373966e-01
3.297470194824076439e-01 -1.798005923720407961e-01
3.300378016865367914e-01 -1.852523140654722678e-01
3.303285838906658833e-01 -1.906718749400962143e-01
3.306193660947949753e-01 -1.960582293409831312e-01
3.309101482989241227e-01 -2.014103364821317188e-01
3.312009305030532147e-01 -2.067271606499527514e-01
3.314917127071823066e-01 -2.120076714055459111e-01
3.317824949113113986e-01 -2.172508437870836751e-01
3.320732771154405460e-01 -2.224556585111661933e-01
3.323640593195696380e-01 -2.276211021736736784e-01
3.326548415236987299e-01 -2.327461674499460287e-01
3.329456237278278219e-01 -2.378298532943783072e-01
3.332364059319569694e-01 -2.428711651390408899e-01
3.335271881360860613e-01 -2.478691150916223496e-01
3.338179703402151532e-01 -2.528227221326079799e-01
3.341087525443443007e-01 -2.577310123114981422e-01
3.343995347484733927e-01 -2.625930189420794814e-01
3.346903169526024846e-01 -2.674077827969983390e-01
3.349810991567315765e-01 -2.721743523010397015e-01
3.352718813608607240e-01 -2.768917837235109203e-01
3.355626635649898160e-01 -2.815591413697665635e-01
3.358534457691189079e-01 -2.861754977714046078e-01
3.361442279732479999e-01 -2.907399338753656748e-01
3.364350101773771473e-01 -2.952515392321113930e-01
3.367257923815062393e-01 -2.997094121821821666e-01
3.370165745856353312e-01 -3.041126600418815884e-01
3.373073567897644787e-01 -3.084603992874200840e-01
3.375981389938935706e-01 -3.127517557377759716e-01
3.378889211980226626e-01 -3.169858647363055781e-01
3.381797034021517545e-01 -3.211618713306920725e-01
3.384704856062809020e-01 -3.252789304518918789e-01
3.387612678104099939e-01 -3.293362070909605643e-01
3.390520500145390859e-01 -3.333328764750292383e-01
3.393428322186682333e-01 -3.372681242411981750e-01
3.396336144227973253e-01 -3.411411466092169609e-01
3.399243966269264172e-01 -3.449511505521817289e-01
3.402151788310555092e-01 -3.486973539659211085e-01
3.405059610351846566e-01 -3.523789858364483885e-01
3.407967432393137486e-01 -3.559952864056397659e-01
3.410875254434428405e-01 -3.595455073353371889e-01
3.413783076475719325e-01 -3.630289118695586015e-01
3.416690898517010799e-01 -3.664447749947173372e-01
3.419598720558301719e-01 -3.697923835981659635e-01
3.422506542599592638e-01 -3.730710366246619558e-01
3.425414364640884113e-01 -3.762800452310809396e-01
3.428322186682175032e-01 -3.794187329388608587e-01
3.431230008723465952e-01 -3.824864357846863294e-01
3.434137830764756871e-01 -3.854825024689867985e-01
3.437045652806048346e-01 -3.884062945023497027e-01
3.439953474847339265e-01 -3.912571863499064162e-01
3.442861296888630185e-01 -3.940345655734165398e-01
3.445769118929921104e-01 -3.967378329712492047e-01
3.448676940971212579e-01 -3.993664027161616947e-01
3.451584763012503498e-01 -4.019197024907248394e-01
3.454492585053794418e-01 -4.043971736205632661e-01
3.457400407095085892e-01 -4.067982712053043182e-01
3.460308229136376812e-01 -4.091224642469892259e-01
3.463216051177667731e-01 -4.113692357764766050e-01
3.466123873218958651e-01 -4.135380829770129996e-01
3.469031695260250125e-01 -4.156285173057427396e-01
3.471939517301541045e-01 -4.176400646125471017e-01
3.474847339342831964e-01 -4.195722652564387589e-01
3.477755161384123439e-01 -4.214246742194839856e-01
3.480662983425414359e-01 -4.231968612181205014e-01
3.483570805466705278e-01 -4.248884108119252434e-01
3.486478627507996197e-01 -4.264989225098200776e-01
3.489386449549287672e-01 -4.280280108735439737e-01
3.492294271590578592e-01 -4.294753056185857676e-01
3.495202093631869511e-01 -4.308404517123698430e-01
3.498109915673160430e-01 -4.321231094697372543e-01
3.501017737714451905e-01 -4.333229546457209591e-01
3.503925559755742825e-01 -4.344396785255422722e-01
3.506833381797033744e-01 -4.354729880118294316e-01
3.509741203838325219e-01 -4.364226057090248023e-01
3.512649025879616138e-01 -4.372882700049710580e-01
3.515556847920907058e-01 -4.380697351496399827e-01
3.518464669962197977e-01 -4.387667713309866824e-01
3.521372492003489452e-01 -4.393791647479083906e-01
3.524280314044780371e-01 -4.399067176802899382e-01
3.527188136086071291e-01 -4.403492485560960290e-01
3.530095958127362765e-01 -4.407065920155083805e-01
3.533003780168653685e-01 -4.409785989720612642e-01
3.535911602209944604e-01 -4.411651366707782795e-01
3.538819424251235524e-01 -4.412660887432716117e-01
3.541727246292526998e-01 -4.412813552598022770e-01
3.544635068333817918e-01 -4.412108527782735989e-01
3.547542890375108837e-01 -4.410545143901403176e-01
3.550450712416399757e-01 -4.408122897632171244e-01
3.553358534457691231e-01 -4.404841451813825692e-01
3.556266356498982151e-01 -4.400700635811278238e-01
3.559174178540273070e-01 -4.395700445849851645e-01
3.562082000581564545e-01 -4.389841045317704471e-01
3.564989822622855464e-01 -4.383122765036625568e-01
3.567897644664146384e-01 -4.375546103500855266e-01
3.570805466705437303e-01 -4.367111727083926032e-01
3.573713288746728778e-01 -4.357820470213226716e-01
3.576621110788019697e-01 -4.347673335512419746e-01
3.579528932829310617e-01 -4.336671493911454234e-01
3.582436754870601536e-01 -4.324816284723806414e-01
3.585344576911893011e-01 -4.312109215691504738e-01
3.588252398953183930e-01 -4.298551962997269604e-01
3.591160220994474850e-01 -4.284146371243692242e-01
3.594068043035766324e-01 -4.268894453400108868e-01
3.596975865077057244e-01 -4.252798390715380461e-01
3.599883687118348163e-01 -4.235860532599264872e-01
3.602791509159639083e-01 -4.218083396469251567e-01
3.605699331200930557e-01 -4.199469667564965647e-01
3.608607153242221477e-01 -4.180022198729164695e-01
3.611514975283512396e-01 -4.159744010155915772e-01
3.614422797324803871e-01 -4.138638289104428769e-01
3.617330619366094790e-01 -4.116708389580994165e-01
3.620238441407385710e-01 -4.093957831986635987e-01
3.623146263448676629e-01 -4.070390302731526910e-01
3.626054085489968104e-01 -4.046009653817229101e-01
3.628961907531259024e-01 -4.020819902384353273e-01
3.631869729572549943e-01 -3.994825230227386226e-01
3.634777551613840862e-01 -3.968029983277014394e-01
3.637685373655132337e-01 -3.940438671047709063e-01
3.640593195696423257e-01 -3.912055966053153977e-01
3.643501017737714176e-01 -3.882886703187476973e-01
3.646408839779005651e-01 -3.852935879074891323e-01
3.649316661820296570e-01 -3.822208651384264577e-01
3.652224483861587490e-01 -3.790710338111412669e-01
3.655132305902878409e-01 -3.758446416828544190e-01
3.658040127944169884e-01 -3.725422523900356331e-01
3.660947949985460803e-01 -3.691644453666750869e-01
3.663855772026751723e-01 -3.657118157593852170e-01
3.666763594068042642e-01 -3.621849743391038490e-01
3.669671416109334117e-01 -3.585845474095374907e-01
3.672579238150625036e-01 -3.549111767123711569e-01
3.675487060191915956e-01 -3.511655193293105048e-01
3.678394882233207430e-01 -3.473482475805435010e-01
3.681302704274498350e-01 -3.434600489203909479e-01
3.684210526315789269e-01 -3.395016258292127276e-01
3.687118348357080189e-01 -3.354736957025383770e-01
3.690026170398371663e-01 -3.313769907368198653e-01
3.692933992439662583e-01 -3.272122578118468739e-01
3.695841814480953502e-01 -3.229802583702494623e-01
3.698749636522244977e-01 -3.186817682936747831e-01
3.701657458563535896e-01 -3.143175777758132616e-01
3.704565280604826816e-01 -3.098884911924665864e-01
3.707473102646117735e-01 -3.053953269682401772e-01
3.710380924687409210e-01 -3.008389174402959498e-01
3.713288746728700129e-01 -2.962201087191570492e-01
3.716196568769991049e-01 -2.915397605460761099e-01
3.719104390811281968e-01 -2.867987461478744282e-01
3.722012212852573443e-01 -2.819979520882685553e-01
3.724920034893864362e-01 -2.771382781165405707e-01
3.727827856935155282e-01 -2.722206370132673747e-01
3.730735678976446756e-01 -2.672459544327145942e-01
3.733643501017737676e-01 -2.622151687428072586e-01
3.736551323059028595e-01 -2.571292308616927591e-01
3.739459145100319515e-01 -2.519891040919561287e-01
3.742366967141610989e-01 -2.467957639514838930e-01
3.745274789182901909e-01 -2.415501980017623895e-01
3.748182611224192828e-01 -2.362534056733799626e-01
3.751090433265484303e-01 -2.309063980886474632e-01
3.753998255306775222e-01 -2.255101978815702568e-01
3.756906077348066142e-01 -2.200658390148816645e-01
3.759813899389357061e-01 -2.145743665948493528e-01
3.762721721430648536e-01 -2.090368366828559143e-01
3.765629543471939455e-01 -2.034543161047932536e-01
3.768537365513230375e-01 -1.978278822575383622e-01
3.771445187554521294e-01 -1.921586229131295731e-01
3.774353009595812769e-01 -1.864476360202597383e-01
3.777260831637103689e-01 -1.806960295031540820e-01
3.780168653678394608e-01 -1.749049210583681624e-01
3.783076475719686083e-01 -1.690754379486056336e-01
3.785984297760977002e-01 -1.632087167946843775e-01
3.788892119802267922e-01 -1.573059033646976856e-01
3.791799941843558841e-01 -1.513681523610460045e-01
3.794707763884850316e-01 -1.453966272052106823e-01
3.797615585926141235e-01 -1.393924998201360455e-01
3.800523407967432155e-01 -1.333569504104492598e-01
3.803431230008723074e-01 -1.272911672405505901e-01
3.806339052050014549e-01 -1.211963464104180710e-01
3.809246874091305468e-01 -1.150736916296287160e-01
3.812154696132596388e-01 -1.089244139889148366e-01
3.815062518173887862e-01 -1.027497317303222024e-01
3.817970340215178782e-01 -9.655087001485763987e-02
3.820878162256469701e-01 -9.032906068851487280e-02
3.823785984297760621e-01 -8.408554204634550999e-02
3.826693806339052095e-01 -7.782155859450833046e-02
3.829601628380343015e-01 -7.153836081077655229e-02
3.832509450421633934e-01 -6.523720490297688079e-02
3.835417272462925409e-01 -5.891935256589096725e-02
3.838325094504216328e-01 -5.258607073647623975e-02
3.841232916545507248e-01 -4.623863134735515384e-02
3.844140738586798167e-01 -3.987831107864735908e-02
3.847048560628089642e-01 -3.350639110846992397e-02
3.849956382669380561e-01 -2.712415686164296527e-02
3.852864204710671481e-01 -2.073289775713590272e-02
3.855772026751962400e-01 -1.433390695394397459e-02
3.858679848793253875e-01 -7.928481095268634371e-03
3.861587670834544794e-01 -1.517920052062533397e-03
3.864495492875835714e-01 4.896473335426914687e-03
3.867403314917127188e-01 1.131339351689442281e-02
3.870311136958418108e-01 1.773153249248034247e-02
3.873218958999709027e-01 2.414958007456791469e-02
3.876126781040999947e-01 3.056622415035265342e-02
3.879034603082291421e-01 3.698015094574550604e-02
3.881942425123582341e-01 4.339004529009400646e-02
3.884850247164873260e-01 4.979459088191843380e-02
3.887758069206164735e-01 5.619247055528803908e-02
3.890665891247455654e-01 6.258236654736967775e-02
3.893573713288746574e-01 6.896296076648746054e-02
3.896481535330037493e-01 7.533293506107176241e-02
3.899389357371328968e-01 8.169097148904705397e-02
3.902297179412619887e-01 8.803575258819218430e-02
3.905205001453910807e-01 9.436596164651930851e-02
3.908112823495201726e-01 1.006802829738685373e-01
3.911020645536493201e-01 1.069774021732895486e-01
3.913928467577784120e-01 1.132560064131915428e-01
3.916836289619075040e-01 1.195147846997981350e-01
3.919744111660366515e-01 1.257524281497669205e-01
3.922651933701657434e-01 1.319676302631057896e-01
3.925559755742948354e-01 1.381590871963541411e-01
3.928467577784239273e-01 1.443254980357691897e-01
3.931375399825530748e-01 1.504655650706483994e-01
3.934283221866821667e-01 1.565779940665304737e-01
3.937191043908112587e-01 1.626614945386366529e-01
3.940098865949403506e-01 1.687147800248850193e-01
3.943006687990694981e-01 1.747365683589837126e-01
3.945914510031985900e-01 1.807255819431843880e-01
3.948822332073276820e-01 1.866805480208438284e-01
3.951730154114568294e-01 1.926001989485520149e-01
3.954637976155859214e-01 1.984832724680483662e-01
3.957545798197150133e-01 2.043285119774676806e-01
3.960453620238441053e-01 2.101346668023403308e-01
3.963361442279732527e-01 2.159004924658613211e-01
3.966269264321023447e-01 2.216247509585727027e-01
3.969177086362314366e-01 2.273062110074880460e-01
3.972084908403605841e-01 2.329436483442769434e-01
3.974992730444896760e-01 2.385358459728891545e-01
3.977900552486187680e-01 2.440815944362182965e-01
3.980808374527478599e-01 2.495796920819045028e-01
3.983716196568770074e-01 2.550289453270294660e-01
3.986624018610060993e-01 2.604281689221433771e-01
3.989531840651351913e-01 2.657761862136361342e-01
3.992439662692642832e-01 2.710718294055856070e-01
3.995347484733934307e-01 2.763139398199982999e-01
3.998255306775225226e-01 2.815013681560092351e-01
4.001163128816516146e-01 2.866329747477068257e-01
4.004070950857807620e-01 2.917076298206554563e-01
4.006978772899098540e-01 2.967242137469415786e-01
4.009886594940389459e-01 3.016816172987631939e-01
4.012794416981680379e-01 3.065787419005728265e-01
4.015702239022971853e-01 3.114144998794973196e-01
4.018610061064262773e-01 3.161878147142883622e-01
4.021517883105553692e-01 3.208976212823962393e-01
4.024425705146844612e-01 3.255428661053739736e-01
4.027333527188136086e-01 3.301225075925859342e-01
4.030241349229427006e-01 3.346355162827601148e-01
4.033149171270717925e-01 3.390808750839681140e-01
4.036056993312009400e-01 3.434575795113911645e-01
4.038964815353300319e-01 3.477646379230587836e-01
4.041872637394591239e-01 3.520010717536748435e-01
4.044780459435882158e-01 3.561659157461179448e-01
4.047688281477173633e-01 3.602582181808315909e-01
4.050596103518464552e-01 3.642770411029572775e-01
4.053503925559755472e-01 3.682214605471737512e-01
4.056411747601046947e-01 3.720905667600953315e-01
4.059319569642337866e-01 3.758834644203902231e-01
4.062227391683628785e-01 3.795992728563438168e-01
4.065135213724919705e-01 3.832371262609708951e-01
4.068043035766211180e-01 3.867961739043879743e-01
4.070950857807502099e-01 3.902755803438590076e-01
4.073858679848793019e-01 3.936745256308661900e-01
4.076766501890083938e-01 3.969922055156980822e-01
4.079674323931375413e-01 4.002278316489999987e-01
4.082582145972666332e-01 4.033806317808264486e-01
4.085489968013957252e-01 4.064498499564860312e-01
4.088397790055248726e-01 4.094347467096671189e-01
4.091305612096539646e-01 4.123345992525189740e-01
4.094213434137830565e-01 4.151487016627188886e-01
4.097121256179121485e-01 4.178763650674478525e-01
4.100029078220412959e-01 4.205169178242559869e-01
4.102936900261703879e-01 4.230697056987106075e-01
4.105844722302994798e-01 4.255340920389348858e-01
4.108752544344286273e-01 4.279094579467708770e-01
4.111660366385577192e-01 4.301952024457287860e-01
4.114568188426868112e-01 4.323907426455442238e-01
4.117476010468159031e-01 4.344955139033602198e-01
4.120383832509450506e-01 4.365089699814268531e-01
4.123291654550741425e-01 4.384305832013124515e-01
4.126199476592032345e-01 4.402598445946056538e-01
4.129107298633323264e-01 4.419962640499786044e-01
4.132015120674614739e-01 4.436393704566634066e-01
4.134922942715905658e-01 4.451887118442889868e-01
4.137830764757196578e-01 4.466438555189102266e-01
4.140738586798488052e-01 4.480043881954272611e-01
4.143646408839778972e-01 4.492699161260933494e-01
4.146554230881069891e-01 4.504400652252754655e-01
4.149462052922360811e-01 4.515144811903271105e-01
4.152369874963652285e-01 4.524928296185277699e-01
4.155277697004943205e-01 4.533747961201426979e-01
4.158185519046234124e-01 4.541600864274468186e-01
4.161093341087525044e-01 4.548484264997908477e-01
4.164001163128816518e-01 4.554395626245739126e-01
4.166908985170107438e-01 4.559332615141747924e-01
4.169816807211398357e-01 4.563293103987396404e-01
4.172724629252689832e-01 4.566275171148379552e-01
4.175632451293980751e-01 4.568277101899291814e-01
4.178540273335271671e-01 4.569297389226291140e-01
4.181448095376562590e-01 4.569334734587595648e-01
4.184355917417854065e-01 4.568388048631308873e-01
4.187263739459144984e-01 4.566456451870438693e-01
4.190171561500435904e-01 4.563539275314823507e-01
4.193079383541727378e-01 4.559636061059642587e-01
4.195987205583018298e-01 4.554746562830204182e-01
4.198895027624309217e-01 4.548870746482933658e-01
4.201802849665600137e-01 4.542008790462235823e-01
4.204710671706891612e-01 4.534161086212615821e-01
4.207618493748182531e-01 4.525328238546831860e-01
4.210526315789473450e-01 4.515511065968610960e-01
4.213434137830764370e-01 4.504710600950621591e-01
4.216341959872055845e-01 4.492928090166992683e-01
4.219249781913346764e-01 4.480164994680742030e-01
4.222157603954637684e-01 4.466422990085153755e-01
4.225065425995929158e-01 4.451703966599696582e-01
4.227973248037220078e-01 4.436010029119876741e-01
4.230881070078510997e-01 4.419343497220593053e-01
4.233788892119801917e-01 4.401706905114152191e-01
4.236696714161093391e-01 4.383103001560516021e-01
4.239604536202384311e-01 4.363534749732580487e-01
4.242512358243675230e-01 4.343005327033372942e-01
4.245420180284966150e-01 4.321518124867544386e-01
4.248328002326257624e-01 4.299076748365029954e-01
4.251235824367548544e-01 4.275685016058657917e-01
4.254143646408839463e-01 4.251346959514397117e-01
4.257051468450130938e-01 4.226066822913206456e-01
4.259959290491421857e-01 4.199849062586547555e-01
4.262867112532712777e-01 4.172698346504639111e-01
4.265774934574003696e-01 4.144619553716135107e-01
4.268682756615295171e-01 4.115617773741385155e-01
4.271590578656586090e-01 4.085698305917912498e-01
4.274498400697877010e-01 4.054866658698002557e-01
4.277406222739168484e-01 4.023128548899957413e-01
4.280314044780459404e-01 3.990489900910339505e-01
4.283221866821750323e-01 3.956956845840065018e-01
4.286129688863041243e-01 3.922535720632436274e-01
4.289037510904332717e-01 3.887233067123797015e-01
4.291945332945623637e-01 3.851055631057407891e-01
4.294853154986914556e-01 3.814010361049229858e-01
4.297760977028205476e-01 3.776104407507661631e-01
4.300668799069496950e-01 3.737345121504982437e-01
4.303576621110787870e-01 3.697740053602392996e-01
4.306484443152078789e-01 3.657296952628926179e-01
4.309392265193370264e-01 3.616023764411854247e-01
4.312300087234661183e-01 3.573928630462522293e-01
4.315207909275952103e-01 3.531019886613799841e-01
4.318115731317243022e-01 3.487306061613192898e-01
4.321023553358534497e-01 3.442795875668243077e-01
4.323931375399825416e-01 3.397498238945828586e-01
4.326839197441116336e-01 3.351422250027668581e-01
4.329747019482407810e-01 3.304577194317022126e-01
4.332654841523698730e-01 3.256972542402906678e-01
4.335562663564989649e-01 3.208617948376911722e-01
4.338470485606280569e-01 3.159523248107814486e-01
4.341378307647572043e-01 3.109698457470201349e-01
4.344286129688862963e-01 3.059153770528846850e-01
4.347193951730153882e-01 3.007899557680087099e-01
4.350101773771444802e-01 2.955946363747989913e-01
4.353009595812736277e-01 2.903304906037891264e-01
4.355917417854027196e-01 2.849986072345976895e-01
4.358825239895318115e-01 2.796000918926225265e-01
4.361733061936609590e-01 2.741360668413841961e-01
4.364640883977900510e-01 2.686076707707920064e-01
4.367548706019191429e-01 2.630160585810071838e-01
4.370456528060482349e-01 2.573624011623117935e-01
4.373364350101773823e-01 2.516478851706683839e-01
4.376272172143064743e-01 2.458737127993414762e-01
4.379179994184355662e-01 2.400411015462844966e-01
4.382087816225646582e-01 2.341512839777818433e-01
4.384995638266938056e-01 2.282055074878486522e-01
4.387903460308228976e-01 2.222050340538437307e-01
4.390811282349519895e-01 2.161511399880337025e-01
4.393719104390811370e-01 2.100451156855101809e-01
4.396626926432102289e-01 2.038882653681019230e-01
4.399534748473393209e-01 1.976819068245114219e-01
4.402442570514684128e-01 1.914273711468535422e-01
4.405350392555975603e-01 1.851260024633160084e-01
4.408258214597266522e-01 1.787791576674249705e-01
4.411166036638557442e-01 1.723882061434449942e-01
4.414073858679848916e-01 1.659545294884217370e-01
4.416981680721139836e-01 1.594795212306813759e-01
4.419889502762430755e-01 1.529645865448724940e-01
4.422797324803721675e-01 1.464111419635913403e-01
4.425705146845013149e-01 1.398206150857013996e-01
4.428612968886304069e-01 1.331944442814122220e-01
4.431520790927594988e-01 1.265340783939611635e-01
4.434428612968885908e-01 1.198409764383394638e-01
4.437336435010177382e-01 1.131166072964290420e-01
4.440244257051468302e-01 1.063624494093870082e-01
4.443152079092759221e-01 9.957999046688092992e-02
4.446059901134050696e-01 9.277072709329592382e-02
4.448967723175341615e-01 8.593616453119226617e-02
4.451875545216632535e-01 7.907781632186472454e-02
4.454783367257923454e-01 7.219720398314799503e-02
4.457691189299214929e-01 6.529585668444834456e-02
4.460599011340505848e-01 5.837531091931891930e-02
4.463506833381796768e-01 5.143711017521394174e-02
4.466414655423087687e-01 4.448280460094416328e-02
4.469322477464379162e-01 3.751395067167975078e-02
4.472230299505670081e-01 3.053211085132942135e-02
4.475138121546961001e-01 2.353885325300994133e-02
4.478045943588252475e-01 1.653575129685820252e-02
4.480953765629543395e-01 9.524383366047068505e-03
4.483861587670834314e-01 2.506332460567955740e-03
4.486769409712125234e-01 -4.516814151221990731e-03
4.489677231753416708e-01 -1.154346528266004049e-02
4.492585053794707628e-01 -1.857202618084855331e-02
4.495492875835998547e-01 -2.560089888058970226e-02
4.498400697877290022e-01 -3.262848255976505407e-02
4.501308519918580942e-01 -3.965317389640301421e-02
4.504216341959871861e-01 -4.667336742735285482e-02
4.507124164001162780e-01 -5.368745590850246274e-02
4.510031986042454255e-01 -6.069383067610902710e-02
4.512939808083745175e-01 -6.769088201006799588e-02
4.515847630125036094e-01 -7.467699949786392455e-02
4.518755452166327014e-01 -8.165057240003924244e-02
4.521663274207618488e-01 -8.860999001680479326e-02
4.524571096248909408e-01 -9.555364205538582900e-02
4.527478918290200327e-01 -1.024799189986294046e-01
4.530386740331491802e-01 -1.093872124743232310e-01
4.533294562372782721e-01 -1.162739156252828587e-01
4.536202384414073641e-01 -1.231384234802050531e-01
4.539110206455364560e-01 -1.299791333251527625e-01
4.542018028496656035e-01 -1.367944450755578800e-01
4.544925850537946954e-01 -1.435827616486863856e-01
4.547833672579237874e-01 -1.503424893364248283e-01
4.550741494620529348e-01 -1.570720381785409292e-01
4.553649316661820268e-01 -1.637698223359411454e-01
4.556557138703111187e-01 -1.704342604641837233e-01
4.559464960744402107e-01 -1.770637760870663047e-01
4.562372782785693581e-01 -1.836567979699754438e-01
4.565280604826984501e-01 -1.902117604933600548e-01
4.568188426868275420e-01 -1.967271040259182258e-01
4.571096248909566340e-01 -2.032012752973551828e-01
4.574004070950857814e-01 -2.096327277708716907e-01
4.576911892992148734e-01 -2.160199220152380362e-01
4.579819715033439653e-01 -2.223613260762134225e-01
4.582727537074731128e-01 -2.286554158474753962e-01
4.585635359116022047e-01 -2.349006754407650943e-01
4.588543181157312967e-01 -2.410955975553207564e-01
4.591451003198603886e-01 -2.472386838465283065e-01
4.594358825239895361e-01 -2.533284452931433006e-01
4.597266647281186280e-01 -2.593634025640639829e-01
4.600174469322477200e-01 -2.653420863832482990e-01
4.603082291363768119e-01 -2.712630378940238396e-01
4.605990113405059594e-01 -2.771248090215547855e-01
4.608897935446350513e-01 -2.829259628340595190e-01
4.611805757487641433e-01 -2.886650739026074830e-01
4.614713579528932907e-01 -2.943407286591829264e-01
4.617621401570223827e-01 -2.999515257530201984e-01
4.620529223611514746e-01 -3.054960764052007671e-01
4.623437045652805666e-01 -3.109730047614459592e-01
4.626344867694097140e-01 -3.163809482428359132e-01
4.629252689735388060e-01 -3.217185578944962709e-01
4.632160511776678979e-01 -3.269844987322381713e-01
4.635068333817970454e-01 -3.321774500868100444e-01
4.637976155859261373e-01 -3.372961059460376498e-01
4.640883977900552293e-01 -3.423391752943707456e-01
4.643791799941843212e-01 -3.473053824501627918e-01
4.646699621983134687e-01 -3.521934674002181187e-01
4.649607444024425607e-01 -3.570021861319391254e-01
4.652515266065716526e-01 -3.617303109622764246e-01
4.655423088107007445e-01 -3.663766308642650293e-01
4.658330910148298920e-01 -3.709399517904173882e-01
4.661238732189589840e-01 -3.754190969931433530e-01
4.664146554230880759e-01 -3.798129073420182245e-01
4.667054376272172234e-01 -3.841202416378166062e-01
4.669962198313463153e-01 -3.883399769234243681e-01
4.672870020354754073e-01 -3.924710087910673884e-01
4.675777842396044992e-01 -3.965122516863883728e-01
4.678685664437336467e-01 -4.004626392089761788e-01
4.681593486478627386e-01 -4.043211244091945433e-01
4.684501308519918306e-01 -4.080866800814056394e-01
4.687409130561209780e-01 -4.117582990534957577e-01
4.690316952602500700e-01 -4.153349944724136766e-01
4.693224774643791619e-01 -4.188158000859640295e-01
4.696132596685082539e-01 -4.221997705205405849e-01
4.699040418726374013e-01 -4.254859815547050728e-01
4.701948240767664933e-01 -4.286735303887627135e-01
4.704856062808955852e-01 -4.317615359099778449e-01
4.707763884850246772e-01 -4.347491389536155548e-01
4.710671706891538246e-01 -4.376355025593869352e-01
4.713579528932829166e-01 -4.404198122237604207e-01
4.716487350974120085e-01 -4.431012761474033002e-01
4.719395173015411560e-01 -4.456791254782553890e-01
4.722302995056702479e-01 -4.481526145499423186e-01
4.725210817097993399e-01 -4.505210211153805600e-01
4.728118639139284318e-01 -4.527836465756114870e-01
4.731026461180575793e-01 -4.549398162037363025e-01
4.733934283221866712e-01 -4.569888793638973712e-01
4.736842105263157632e-01 -4.589302097251951040e-01
4.739749927304448551e-01 -4.607632054705264602e-01
4.742657749345740026e-01 -4.624872895002524187e-01
4.745565571387030945e-01 -4.641019096305863956e-01
4.748473393428321865e-01 -4.656065387867368566e-01
4.751381215469613339e-01 -4.670006751906614628e-01
4.754289037510904259e-01 -4.682838425433509810e-01
4.757196859552195178e-01 -4.694555902016627758e-01
4.760104681593486098e-01 -4.705154933496061842e-01
4.763012503634777572e-01 -4.714631531639819073e-01
4.765920325676068492e-01 -4.722981969743739739e-01
4.768828147717359411e-01 -4.730202784173611619e-01
4.771735969758650886e-01 -4.736290775849005819e-01
4.774643791799941805e-01 -4.741243011668621610e-01
4.777551613841232725e-01 -4.745056825876218243e-01
4.780459435882523644e-01 -4.747729821366659664e-01
4.783367257923815119e-01 -4.749259870931694660e-01
4.786275079965106038e-01 -4.749645118444765779e-01
4.789182902006396958e-01 -4.748883979984441783e-01
4.792090724047687877e-01 -4.746975144895962950e-01
4.794998546088979352e-01 -4.743917576790376289e-01
4.797906368130270272e-01 -4.739710514480772741e-01
4.800814190171561191e-01 -4.734353472855343803e-01
4.803722012212852666e-01 -4.727846243686442129e-01
4.806629834254143585e-01 -4.720188896375798193e-01
4.809537656295434505e-01 -4.711381778634713413e-01
4.812445478336725424e-01 -4.701425517099613871e-01
4.815353300378016899e-01 -4.690321017881956545e-01
4.818261122419307818e-01 -4.678069467052384245e-01
4.821168944460598738e-01 -4.664672331058837274e-01
4.824076766501889657e-01 -4.650131357078206573e-01
4.826984588543181132e-01 -4.634448573301182539e-01
4.829892410584472051e-01 -4.617626289149305840e-01
4.832800232625762971e-01 -4.599667095426152041e-01
4.835708054667054445e-01 -4.580573864398670980e-01
4.838615876708345365e-01 -4.560349749813039089e-01
4.841523698749636284e-01 -4.538998186840177418e-01
4.844431520790927204e-01 -4.516522891954707908e-01
4.847339342832218678e-01 -4.492927862743824607e-01
4.850247164873509598e-01 -4.468217377648479594e-01
4.853154986914800517e-01 -4.442395995635192718e-01
4.856062808956091992e-01 -4.415468555797735228e-01
4.858970630997382911e-01 -4.387440176891512222e-01
4.861878453038673831e-01 -4.358316256796042620e-01
4.864786275079964750e-01 -4.328102471909407445e-01
4.867694097121256225e-01 -4.296804776472833987e-01
4.870601919162547144e-01 -4.264429401824939569e-01
4.873509741203838064e-01 -4.230982855585099234e-01
4.876417563245128983e-01 -4.196471920769879183e-01
4.879325385286420458e-01 -4.160903654835805265e-01
4.882233207327711377e-01 -4.124285388654445050e-01
4.885141029369002297e-01 -4.086624725416360127e-01
4.888048851410293771e-01 -4.047929539465922044e-01
4.890956673451584691e-01 -4.008207975064002060e-01
4.893864495492875610e-01 -3.967468445083539019e-01
4.896772317534166530e-01 -3.925719629632936081e-01
4.899680139575458004e-01 -3.882970474609767630e-01
4.902587961616748924e-01 -3.839230190185705660e-01
4.905495783658039843e-01 -3.794508249221218432e-01
4.908403605699331318e-01 -3.748814385610487188e-01
4.911311427740622237e-01 -3.702158592556155647e-01
4.914219249781913157e-01 -3.654551120776839968e-01
4.917127071823204076e-01 -3.606002476644118437e-01
4.920034893864495551e-01 -3.556523420249021461e-01
4.922942715905786470e-01 -3.506124963404556594e-01
4.925850537947077390e-01 -3.454818367573972426e-01
4.928758359988368309e-01 -3.402615141734598447e-01
4.931666182029659784e-01 -3.349527040173817527e-01
4.934574004070950703e-01 -3.295566060213788728e-01
4.937481826112241623e-01 -3.240744439873083360e-01
4.940389648153533098e-01 -3.185074655459090298e-01
4.943297470194824017e-01 -3.128569419091392634e-01
4.946205292236114937e-01 -3.071241676163802281e-01
4.949113114277405856e-01 -3.013104602735305337e-01
4.952020936318697331e-01 -2.954171602858599033e-01
4.954928758359988250e-01 -2.894456305840993893e-01
4.957836580401279170e-01 -2.833972563443732939e-01
4.960744402442570089e-01 -2.772734447012606407e-01
4.963652224483861564e-01 -2.710756244549515914e-01
4.966560046525152483e-01 -2.648052457716790209e-01
4.969467868566443403e-01 -2.584637798780787254e-01
4.972375690607734877e-01 -2.520527187492140331e-01
4.975283512649025797e-01 -2.455735747904019828e-01
4.978191334690316716e-01 -2.390278805129623374e-01
4.981099156731607636e-01 -2.324171882039323400e-01
4.984006978772899110e-01 -2.257430695896142370e-01
4.986914800814190030e-01 -2.190071154933346531e-01
4.989822622855480949e-01 -2.122109354870743980e-01
4.992730444896772424e-01 -2.053561575377263193e-01
4.995638266938063343e-01 -1.984444276469147228e-01
4.998546088979354263e-01 -1.914774094858391895e-01
5.001453911020645737e-01 -1.844567840238728884e-01
5.004361733061936102e-01 -1.773842491520511988e-01
5.007269555103227576e-01 -1.702615193008147343e-01
5.010177377144519051e-01 -1.630903250524677883e-01
5.013085199185809415e-01 -1.558724127482394861e-01
5.015993021227100890e-01 -1.486095440901790687e-01
5.018900843268392364e-01 -1.413034957376791689e-01
5.021808665309682729e-01 -1.339560588991302037e-01
5.024716487350974203e-01 -1.265690389185043230e-01
5.027624309392264568e-01 -1.191442548567911153e-01
5.030532131433556042e-01 -1.116835390689598501e-01
5.033439953474847517e-01 -1.041887367758952271e-01
5.036347775516137881e-01 -9.666170563167712781e-02
5.039255597557429356e-01 -8.910431528648563027e-02
5.042163419598720830e-01 -8.151844694478697917e-02
5.045071241640011195e-01 -7.390599291921491620e-02
5.047979063681302669e-01 -6.626885618024529190e-02
5.050886885722594144e-01 -5.860894990170609914e-02
5.053794707763884508e-01 -5.092819700196967586e-02
5.056702529805175983e-01 -4.322852968158163306e-02
5.059610351846466347e-01 -3.551188895678866059e-02
5.062518173887757822e-01 -2.778022418905654392e-02
5.065425995929049297e-01 -2.003549261134135451e-02
5.068333817970339661e-01 -1.227965885047113681e-02
5.071241640011631135e-01 -4.514694445955698236e-03
5.074149462052922610e-01 3.257422634219840976e-03
5.077057284094212974e-01 1.103470848132848646e-02
5.079965106135504449e-01 1.881517373677648458e-02
5.082872928176795924e-01 2.659682408598770115e-02
5.085780750218086288e-01 3.437766075516385939e-02
5.088688572259377763e-01 4.215568101078632363e-02
5.091596394300668127e-01 4.992887866225304699e-02
5.094504216341959602e-01 5.769524456646772659e-02
5.097412038383251076e-01 6.545276713545364333e-02
5.100319860424541440e-01 7.319943284580128495e-02
5.103227682465832915e-01 8.093322675096177587e-02
5.106135504507124390e-01 8.865213299507214428e-02
5.109043326548414754e-01 9.635413532902013800e-02
5.111951148589706229e-01 1.040372176284589389e-01
5.114858970630997703e-01 1.116993644133619096e-01
5.117766792672288068e-01 1.193385613692725528e-01
5.120674614713579542e-01 1.269527958701402726e-01
5.123582436754869907e-01 1.345400575022873135e-01
5.126490258796161381e-01 1.420983385899944329e-01
5.129398080837452856e-01 1.496256347218891669e-01
5.132305902878743220e-01 1.571199452787273299e-01
5.135213724920034695e-01 1.645792739616519229e-01
5.138121546961326169e-01 1.720016293214316205e-01
5.141029369002616534e-01 1.793850252881154794e-01
5.143937191043908008e-01 1.867274817011499444e-01
5.146845013085199483e-01 1.940270248398841269e-01
5.149752835126489847e-01 2.012816879539868764e-01
5.152660657167781322e-01 2.084895117942994758e-01
5.155568479209071686e-01 2.156485451431825739e-01
5.158476301250363161e-01 2.227568453448203478e-01
5.161384123291654635e-01 2.298124788351433578e-01
5.164291945332945000e-01 2.368135216711690638e-01
5.167199767374236474e-01 2.437580600596533642e-01
5.170107589415527949e-01 2.506441908849879607e-01
5.173015411456818313e-01 2.574700222361513968e-01
5.175923233498109788e-01 2.642336739326257011e-01
5.178831055539401262e-01 2.709332780489080439e-01
5.181738877580691627e-01 2.775669794378089472e-01
5.184646699621983101e-01 2.841329362522431179e-01
5.187554521663274576e-01 2.906293204652561357e-01
5.190462343704564940e-01 2.970543183883721516e-01
5.193370165745856415e-01 3.034061311879870382e-01
5.196277987787146779e-01 3.096829753995003487e-01
5.199185809828438254e-01 3.158830834394990017e-01
5.202093631869729728e-01 3.220047041153365486e-01
5.205001453911020093e-01 3.280461031320665577e-01
5.207909275952311567e-01 3.340055635966812098e-01
5.210817097993603042e-01 3.398813865195988715e-01
5.213724920034893406e-01 3.456718913132403315e-01
5.216632742076184881e-01 3.513754162875019071e-01
5.219540564117476356e-01 3.569903191420158439e-01
5.222448386158766720e-01 3.625149774553006465e-01
5.225356208200058195e-01 3.679477891699553527e-01
5.228264030241348559e-01 3.732871730747547856e-01
5.231171852282640033e-01 3.785315692825830802e-01
5.234079674323931508e-01 3.836794397047249561e-01
5.236987496365221872e-01 3.887292685209605692e-01
5.239895318406513347e-01 3.936795626455449337e-01
5.242803140447804822e-01 3.985288521888130653e-01
5.245710962489095186e-01 4.032756909144037394e-01
5.248618784530386661e-01 4.079186566917730183e-01
5.251526606571678135e-01 4.124563519440901382e-01
5.254434428612968500e-01 4.168874040911654810e-01
5.257342250654259974e-01 4.212104659874011947e-01
5.260250072695550339e-01 4.254242163545582378e-01
5.263157894736841813e-01 4.295273602093166998e-01
5.266065716778133288e-01 4.335186292853235868e-01
5.268973538819423652e-01 4.373967824497450030e-01
5.271881360860715127e-01 4.411606061142496205e-01
5.274789182902006601e-01 4.448089146402914307e-01
5.277697004943296966e-01 4.483405507387783762e-01
5.280604826984588440e-01 4.517543858633633058e-01
5.283512649025879915e-01 4.550493205975619238e-01
5.286420471067170279e-01 4.582242850353169250e-01
5.289328293108461754e-01 4.612782391551317196e-01
5.292236115149752118e-01 4.642101731873745085e-01
5.295143937191043593e-01 4.670191079747659235e-01
5.298051759232335067e-01 4.697040953260043228e-01
5.300959581273625432e-01 4.722642183622248746e-01
5.303867403314916906e-01 4.746985918562159901e-01
5.306775225356208381e-01 4.770063625643885530e-01
5.309683047397498745e-01 4.791867095510549124e-01
5.312590869438790220e-01 4.812388445048491059e-01
5.315498691480081694e-01 4.831620120474049984e-01
5.318406513521372059e-01 4.849554900344120734e-01
5.321314335562663533e-01 4.866185898489659434e-01
5.324222157603955008e-01 4.881506566870633113e-01
5.327129979645245372e-01 4.895510698351854262e-01
5.330037801686536847e-01 4.908192429397923440e-01
5.332945623727827211e-01 4.919546242686741455e-01
5.335853445769118686e-01 4.929566969640721275e-01
5.338761267810410160e-01 4.938249792873896094e-01
5.341669089851700525e-01 4.945590248554583290e-01
5.344576911892991999e-01 4.951584228682585631e-01
5.347484733934283474e-01 4.956227983279756777e-01
5.350392555975573838e-01 4.959518122494914749e-01
5.353300378016865313e-01 4.961451618619712178e-01
5.356208200058156788e-01 4.962025808012144323e-01
5.359116022099447152e-01 4.961238392926881624e-01
5.362023844140738627e-01 4.959087443251630201e-01
5.364931666182028991e-01 4.955571398148168605e-01
5.367839488223320465e-01 4.950689067597204840e-01
5.370747310264611940e-01 4.944439633845815196e-01
5.373655132305902304e-01 4.936822652757283936e-01
5.376562954347193779e-01 4.927838055061446454e-01
5.379470776388485254e-01 4.917486147506467953e-01
5.382378598429775618e-01 4.905767613909503555e-01
5.385286420471067093e-01 4.892683516109635478e-01
5.388194242512358567e-01 4.878235294821975376e-01
5.391102064553648932e-01 4.862424770393113382e-01
5.394009886594940406e-01 4.845254143457011220e-01
5.396917708636230770e-01 4.826725995490701582e-01
5.399825530677522245e-01 4.806843289269572272e-01
5.402733352718813720e-01 4.785609369220936715e-01
5.405641174760104084e-01 4.763027961675638244e-01
5.408548996801395559e-01 4.739103175018181680e-01
5.411456818842687033e-01 4.713839499732414007e-01
5.414364640883977398e-01 4.687241808344826399e-01
5.417272462925268872e-01 4.659315355262146352e-01
5.420180284966560347e-01 4.630065776499402430e-01
5.423088107007850711e-01 4.599499089298244026e-01
5.425995929049142186e-01 4.567621691638013015e-01
5.428903751090432550e-01 4.534440361636288275e-01
5.431811573131724025e-01 4.499962256842920394e-01
5.434719395173015499e-01 4.464194913422144251e-01
5.437627217214305864e-01 4.427146245227391863e-01
5.440535039255597338e-01 4.388824542765096814e-01
5.443442861296888813e-01 4.349238472049123394e-01
5.446350683338179177e-01 4.308397073344860662e-01
5.449258505379470652e-01 4.266309759803998958e-01
5.452166327420762126e-01 4.222986315992001138e-01
5.455074149462052491e-01 4.178436896309952742e-01
5.457981971503343965e-01 4.132672023308325837e-01
5.460889793544635440e-01 4.085702585890584326e-01
5.463797615585925804e-01 4.037539837409070964e-01
5.466705437627217279e-01 3.988195393652069765e-01
5.469613259668507643e-01 3.937681230721234438e-01
5.472521081709799118e-01 3.886009682800864451e-01
5.475428903751090592e-01 3.833193439818965986e-01
5.478336725792380957e-01 3.779245544998776074e-01
5.481244547833672431e-01 3.724179392303340053e-01
5.484152369874963906e-01 3.668008723771607471e-01
5.487060191916254270e-01 3.610747626746103611e-01
5.489968013957545745e-01 3.552410530996469307e-01
5.492875835998837220e-01 3.493012205731387820e-01
5.495783658040127584e-01 3.432567756507415302e-01
5.498691480081419058e-01 3.371092622030049668e-01
5.501599302122709423e-01 3.308602570847691271e-01
5.504507124164000897e-01 3.245113697940660846e-01
5.507414946205292372e-01 3.180642421204769033e-01
5.510322768246582736e-01 3.115205477832632686e-01
5.513230590287874211e-01 3.048819920583196730e-01
5.516138412329165686e-01 2.981503113954961370e-01
5.519046234370456050e-01 2.913272730243637310e-01
5.521954056411747525e-01 2.844146745502276197e-01
5.524861878453038999e-01 2.774143435395585722e-01
5.527769700494329363e-01 2.703281370952699270e-01
5.530677522535620838e-01 2.631579414220092672e-01
5.533585344576911202e-01 2.559056713812769557e-01
5.536493166618202677e-01 2.485732700366161951e-01
5.539400988659494152e-01 2.411627081889021751e-01
5.542308810700784516e-01 2.336759839018510976e-01
5.545216632742075991e-01 2.261151220178012344e-01
5.548124454783367465e-01 2.184821736640250034e-01
5.551032276824657830e-01 2.107792157495539387e-01
5.553940098865949304e-01 2.030083504523828575e-01
5.556847920907240779e-01 1.951717046977846648e-01
5.559755742948531143e-01 1.872714296270241996e-01
5.562663564989822618e-01 1.793097000574773447e-01
5.565571387031112982e-01 1.712887139332205377e-01
5.568479209072404457e-01 1.632106917677378644e-01
5.571387031113695931e-01 1.550778760781330312e-01
5.574294853154986296e-01 1.468925308110217987e-01
5.577202675196277770e-01 1.386569407599245185e-01
5.580110497237569245e-01 1.303734109745847691e-01
5.583018319278859609e-01 1.220442661618726388e-01
5.585926141320151084e-01 1.136718500787210900e-01
5.588833963361442558e-01 1.052585249173438042e-01
5.591741785402732923e-01 9.680667068224399485e-02
5.594649607444024397e-01 8.831868455997581024e-02
5.597557429485315872e-01 7.979698028131916587e-02
5.600465251526606236e-01 7.124398747585000691e-02
5.603373073567897711e-01 6.266215101959761447e-02
5.606280895609188075e-01 5.405393037549937468e-02
5.609188717650479550e-01 4.542179892689380410e-02
5.612096539691771024e-01 3.676824330420780385e-02
5.615004361733061389e-01 2.809576270407369847e-02
5.617912183774352863e-01 1.940686820115999564e-02
5.620820005815644338e-01 1.070408205409671340e-02
5.623727827856934702e-01 1.989937004682746594e-03
5.626635649898226177e-01 -6.733024428206518634e-03
5.629543471939517651e-01 -1.546225066118667689e-02
5.632451293980808016e-01 -2.419518176401043441e-02
5.635359116022099490e-01 -3.292925018279160149e-02
5.638266938063389855e-01 -4.166188146851678570e-02
5.641174760104681329e-01 -5.039049501036366868e-02
5.644082582145972804e-01 -5.911250477336601333e-02
5.646990404187263168e-01 -6.782532003990547620e-02
5.649898226228554643e-01 -7.652634615581996314e-02
5.652806048269846118e-01 -8.521298528062733191e-02
5.655713870311136482e-01 -9.388263714158470719e-02
5.658621692352427957e-01 -1.025326997919796673e-01
5.661529514393719431e-01 -1.111605703729439815e-01
5.664437336435009795e-01 -1.197636458784341884e-01
5.667345158476301270e-01 -1.283393239239547512e-01
5.670252980517591634e-01 -1.368850035178800495e-01
5.673160802558883109e-01 -1.453980858358775996e-01
5.676068624600174584e-01 -1.538759749978039770e-01
5.678976446641464948e-01 -1.623160788470737470e-01
5.681884268682756423e-01 -1.707158097322975243e-01
5.684792090724047897e-01 -1.790725852907135707e-01
5.687699912765338262e-01 -1.873838292334903677e-01
5.690607734806629736e-01 -1.956469721326452860e-01
5.693515556847921211e-01 -2.038594522090456940e-01
5.696423378889211575e-01 -2.120187161218701488e-01
5.699331200930503050e-01 -2.201222197588909857e-01
5.702239022971793414e-01 -2.281674290274561534e-01
5.705146845013084889e-01 -2.361518206463378289e-01
5.708054667054376363e-01 -2.440728829374614606e-01
5.710962489095666728e-01 -2.519281166176944309e-01
5.713870311136958202e-01 -2.597150355901789998e-01
5.716778133178249677e-01 -2.674311677353835570e-01
5.719685955219540041e-01 -2.750740557011569498e-01
5.722593777260831516e-01 -2.826412576918288511e-01
5.725501599302122990e-01 -2.901303482559926539e-01
5.728409421343413355e-01 -2.975389190730467481e-01
5.731317243384704829e-01 -3.048645797375766908e-01
5.734225065425995194e-01 -3.121049585420818673e-01
5.737132887467286668e-01 -3.192577032573885587e-01
5.740040709508578143e-01 -3.263204819104895127e-01
5.742948531549868507e-01 -3.332909835598465431e-01
5.745856353591159982e-01 -3.401669190675022381e-01
5.748764175632451456e-01 -3.469460218681950092e-01
5.751671997673741821e-01 -3.536260487348966142e-01
5.754579819715033295e-01 -3.602047805406917158e-01
5.757487641756324770e-01 -3.666800230166090135e-01
5.760395463797615134e-01 -3.730496075054162142e-01
5.763303285838906609e-01 -3.793113917107057143e-01
5.766211107880198083e-01 -3.854632604413772423e-01
5.769118929921488448e-01 -3.915031263512030457e-01
5.772026751962779922e-01 -3.974289306729199001e-01
5.774934574004070287e-01 -4.032386439473477635e-01
5.777842396045361761e-01 -4.089302667464834173e-01
5.780750218086653236e-01 -4.145018303907250234e-01
5.783658040127943600e-01 -4.199513976601453868e-01
5.786565862169235075e-01 -4.252770634989718745e-01
5.789473684210526550e-01 -4.304769557138049541e-01
5.792381506251816914e-01 -4.355492356645409013e-01
5.795289328293108388e-01 -4.404920989485122118e-01
5.798197150334399863e-01 -4.453037760769170128e-01
5.801104972375690227e-01 -4.499825331437748432e-01
5.804012794416981702e-01 -4.545266724869437835e-01
5.806920616458272066e-01 -4.589345333409856620e-01
5.809828438499563541e-01 -4.632044924817627085e-01
5.812736260540855016e-01 -4.673349648622767138e-01
5.815644082582145380e-01 -4.713244042397385369e-01
5.818551904623436855e-01 -4.751713037935333950e-01
5.821459726664728329e-01 -4.788741967339530947e-01
5.824367548706018693e-01 -4.824316569011301015e-01
5.827275370747310168e-01 -4.858422993544473933e-01
5.830183192788601643e-01 -4.891047809517151124e-01
5.833091014829892007e-01 -4.922178009182597846e-01
5.835998836871183482e-01 -4.951801014053682781e-01
5.838906658912473846e-01 -4.979904680380827231e-01
5.841814480953765321e-01 -5.006477304521680383e-01
5.844722302995056795e-01 -5.031507628197438020e-01
5.847630125036347160e-01 -5.054984843636827208e-01
5.850537947077638634e-01 -5.076898598603029056e-01
5.853445769118930109e-01 -5.097239001302713568e-01
5.856353591160220473e-01 -5.115996625173847567e-01
5.859261413201511948e-01 -5.133162513551710049e-01
5.862169235242803422e-01 -5.148728184209161451e-01
5.865077057284093787e-01 -5.162685633770990323e-01
5.867984879325385261e-01 -5.175027341998517105e-01
5.870892701366675626e-01 -5.185746275943510231e-01
5.873800523407967100e-01 -5.194835893969492746e-01
5.876708345449258575e-01 -5.202290149637616157e-01
5.879616167490548939e-01 -5.208103495455417287e-01
5.882523989531840414e-01 -5.212270886486992660e-01
5.885431811573131888e-01 -5.214787783821813738e-01
5.888339633614422253e-01 -5.215650157901047246e-01
5.891247455655713727e-01 -5.214854491699191241e-01
5.894155277697005202e-01 -5.212397783759390446e-01
5.897063099738295566e-01 -5.208277551080533474e-01
5.899970921779587041e-01 -5.202491831854595405e-01
5.902878743820878515e-01 -5.195039188052483770e-01
5.905786565862168880e-01 -5.185918707856433940e-01
5.908694387903460354e-01 -5.175130007938019139e-01
5.911602209944750719e-01 -5.162673235579366970e-01
5.914510031986042193e-01 -5.148549070636958547e-01
5.917417854027333668e-01 -5.132758727345472227e-01
5.920325676068624032e-01 -5.115303955961418847e-01
5.923233498109915507e-01 -5.096187044243929432e-01
5.926141320151206981e-01 -5.075410818773028465e-01
5.929049142192497346e-01 -5.052978646101105031e-01
5.931956964233788820e-01 -5.028894433740617176e-01
5.934864786275080295e-01 -5.003162630982177506e-01
5.937772608316370659e-01 -4.975788229545680119e-01
5.940680430357662134e-01 -4.946776764060067944e-01
5.943588252398952498e-01 -4.916134312373569015e-01
5.946496074440243973e-01 -4.883867495691546767e-01
5.949403896481535448e-01 -4.849983478541131099e-01
5.952311718522825812e-01 -4.814489968561469491e-01
5.955219540564117287e-01 -4.777395216121104737e-01
5.958127362605408761e-01 -4.738708013757212401e-01
5.961035184646699125e-01 -4.698437695440002004e-01
5.963943006687990600e-01 -4.656594135658674860e-01
5.966850828729282075e-01 -4.613187748330841997e-01
5.969758650770572439e-01 -4.568229485531444256e-01
5.972666472811863914e-01 -4.521730836044570712e-01
5.975574294853154278e-01 -4.473703823732744222e-01
5.978482116894445753e-01 -4.424161005727914042e-01
5.981389938935737227e-01 -4.373115470440837593e-01
5.984297760977027592e-01 -4.320580835388433960e-01
5.987205583018319066e-01 -4.266571244840534627e-01
5.990113405059610541e-01 -4.211101367284523778e-01
5.993021227100900905e-01 -4.154186392707923670e-01
5.995929049142192380e-01 -4.095842029697996933e-01
5.998836871183483854e-01 -4.036084502360631765e-01
6.001744693224774219e-01 -3.974930547054928431e-01
6.004652515266065693e-01 -3.912397408946295396e-01
6.007560337307356058e-01 -3.848502838377551027e-01
6.010468159348647532e-01 -3.783265087056833509e-01
6.013375981389939007e-01 -3.716702904064588253e-01
6.016283803431229371e-01 -3.648835531677926403e-01
6.019191625472520846e-01 -3.579682701013202073e-01
6.022099447513812320e-01 -3.509264627490513155e-01
6.025007269555102685e-01 -3.437602006113688047e-01
6.027915091596394159e-01 -3.364716006573164053e-01
6.030822913637685634e-01 -3.290628268167649639e-01
6.033730735678975998e-01 -3.215360894544612158e-01
6.036638557720267473e-01 -3.138936448262761303e-01
6.039546379761558947e-01 -3.061377945173830439e-01
6.042454201802849312e-01 -2.982708848628704001e-01
6.045362023844140786e-01 -2.902953063506986675e-01
6.048269845885431151e-01 -2.822134930069114533e-01
6.051177667926722625e-01 -2.740279217637464626e-01
6.054085489968014100e-01 -2.657411118101722924e-01
6.056993312009304464e-01 -2.573556239253761979e-01
6.059901134050595939e-01 -2.488740597950594713e-01
6.062808956091887413e-01 -2.402990613107498230e-01
6.065716778133177778e-01 -2.316333098524231138e-01
6.068624600174469252e-01 -2.228795255540148845e-01
6.071532422215760727e-01 -2.140404665528604367e-01
6.074440244257051091e-01 -2.051189282224755439e-01
6.077348066298342566e-01 -1.961177423898243788e-01
6.080255888339632930e-01 -1.870397765376234644e-01
6.083163710380924405e-01 -1.778879329906983831e-01
6.086071532422215880e-01 -1.686651480867218111e-01
6.088979354463506244e-01 -1.593743913318653171e-01
6.091887176504797718e-01 -1.500186645404325003e-01
6.094794998546089193e-01 -1.406010009599778232e-01
6.097702820587379557e-01 -1.311244643812945754e-01
6.100610642628671032e-01 -1.215921482334727938e-01
6.103518464669962507e-01 -1.120071746647777061e-01
6.106426286711252871e-01 -1.023726936086784139e-01
6.109334108752544346e-01 -9.269188183425550176e-02
6.112241930793834710e-01 -8.296794198128415454e-02
6.115149752835126185e-01 -7.320410158098243636e-02
6.118057574876417659e-01 -6.340361206333884614e-02
6.120965396917708023e-01 -5.356974775106395498e-02
6.123873218958999498e-01 -4.370580484074582106e-02
6.126781041000290973e-01 -3.381510037096956134e-02
6.129688863041581337e-01 -2.390097117816665506e-02
6.132596685082872812e-01 -1.396677284040804233e-02
6.135504507124164286e-01 -4.015878608955397028e-03
6.138412329165454651e-01 5.948321671383528970e-03
6.141320151206746125e-01 1.592242265218090161e-02
6.144227973248036490e-01 2.590300458026446873e-02
6.147135795289327964e-01 3.588663440621503442e-02
6.150043617330619439e-01 4.586986690309902831e-02
6.152951439371909803e-01 5.584924579547029949e-02
6.155859261413201278e-01 6.582130489769537351e-02
6.158767083454492752e-01 7.578256926209646360e-02
6.161674905495783117e-01 8.572955633557058364e-02
6.164582727537074591e-01 9.565877712554521350e-02
6.167490549578366066e-01 1.055667373738455872e-01
6.170398371619656430e-01 1.154499387389943399e-01
6.173306193660947905e-01 1.253048799860179141e-01
6.176214015702239379e-01 1.351280581837480677e-01
6.179121837743529744e-01 1.449159699091573106e-01
6.182029659784821218e-01 1.546651124583607595e-01
6.184937481826111583e-01 1.643719850639494828e-01
6.187845303867403057e-01 1.740330901187566726e-01
6.190753125908694532e-01 1.836449344075311296e-01
6.193660947949984896e-01 1.932040303468376685e-01
6.196568769991276371e-01 2.027068972300732352e-01
6.199476592032567845e-01 2.121500624762872322e-01
6.202384414073858210e-01 2.215300628835139007e-01
6.205292236115149684e-01 2.308434458850592008e-01
6.208200058156441159e-01 2.400867708088599561e-01
6.211107880197731523e-01 2.492566101394097788e-01
6.214015702239022998e-01 2.583495507816540027e-01
6.216923524280313362e-01 2.673621953265670759e-01
6.219831346321604837e-01 2.762911633179372384e-01
6.222739168362896311e-01 2.851330925184441534e-01
6.225646990404186676e-01 2.938846401693608890e-01
6.228554812445478150e-01 3.025424842463125819e-01
6.231462634486769625e-01 3.111033247138377811e-01
6.234370456528059989e-01 3.195638847804654348e-01
6.237278278569351464e-01 3.279209121522808079e-01
6.240186100610642939e-01 3.361711802860592457e-01
6.243093922651933303e-01 3.443114896419562920e-01
6.246001744693224778e-01 3.523386689409619965e-01
6.248909566734515142e-01 3.602495764234345255e-01
6.251817388775806617e-01 3.680411011048303482e-01
6.254725210817098091e-01 3.757101640267498377e-01
6.257633032858388455e-01 3.832537195039616984e-01
6.260540854899679930e-01 3.906687563659019258e-01
6.263448676940971405e-01 3.979522991928484132e-01
6.266356498982261769e-01 4.051014095457728392e-01
6.269264321023553244e-01 4.121131871898480181e-01
6.272172143064844718e-01 4.189847713105928073e-01
6.275079965106135083e-01 4.257133417226274807e-01
6.277987787147426557e-01 4.322961200697653661e-01
6.280895609188716922e-01 4.387303710141660651e-01
6.283803431230008396e-01 4.450134034144074824e-01
6.286711253271299871e-01 4.511425714940571208e-01
6.289619075312590235e-01 4.571152760009513649e-01
6.292526897353881710e-01 4.629289653566675544e-01
6.295434719395173184e-01 4.685811367954549889e-01
6.298342541436463549e-01 4.740693374927305581e-01
6.301250363477755023e-01 4.793911656817990696e-01
6.304158185519046498e-01 4.845442717594936610e-01
6.307066007560336862e-01 4.895263593790503687e-01
6.309973829601628337e-01 4.943351865318137972e-01
6.312881651642918701e-01 4.989685666162063660e-01
6.315789473684210176e-01 5.034243694935207625e-01
6.318697295725501650e-01 5.077005225291403301e-01
6.321605117766792015e-01 5.117950116187869325e-01
6.324512939808083489e-01 5.157058821996225451e-01
6.327420761849374964e-01 5.194312402453735711e-01
6.330328583890665328e-01 5.229692532451064579e-01
6.333236405931956803e-01 5.263181511654484446e-01
6.336144227973248277e-01 5.294762273953063092e-01
6.339052050014538642e-01 5.324418396730807856e-01
6.341959872055830116e-01 5.352134109955563046e-01
6.344867694097121591e-01 5.377894305083196214e-01
6.347775516138411955e-01 5.401684543769901259e-01
6.350683338179703430e-01 5.423491066389115600e-01
6.353591160220993794e-01 5.443300800348278567e-01
6.356498982262285269e-01 5.461101368201376483e-01
6.359406804303576743e-01 5.476881095551728862e-01
6.362314626344867108e-01 5.490629018741357559e-01
6.365222448386158582e-01 5.502334892321342208e-01
6.368130270427450057e-01 5.511989196301462224e-01
6.371038092468740421e-01 5.519583143176802764e-01
6.373945914510031896e-01 5.525108684725701380e-01
6.376853736551323371e-01 5.528558518576074388e-01
6.379761558592613735e-01 5.529926094535565495e-01
6.382669380633905210e-01 5.529205620681725275e-01
6.385577202675195574e-01 5.526392069208104774e-01
6.388485024716487048e-01 5.521481182022704992e-01
6.391392846757778523e-01 5.514469476094491229e-01
6.394300668799068887e-01 5.505354248544764850e-01
6.397208490840360362e-01 5.494133581479073714e-01
6.400116312881651837e-01 5.480806346556331698e-01
6.403024134922942201e-01 5.465372209290264571e-01
6.405931956964233676e-01 5.447831633079163183e-01
6.408839779005525150e-01 5.428185882960736564e-01
6.411747601046815515e-01 5.406437029087755031e-01
6.414655423088106989e-01 5.382587949923157700e-01
6.417563245129397353e-01 5.356642335148233958e-01
6.420471067170688828e-01 5.328604688284369617e-01
6.423378889211980303e-01 5.298480329022630109e-01
6.426286711253270667e-01 5.266275395258525061e-01
6.429194533294562142e-01 5.231996844830900661e-01
6.432102355335853616e-01 5.195652456959507504e-01
6.435010177377143981e-01 5.157250833380919719e-01
6.437917999418435455e-01 5.116801399178022569e-01
6.440825821459726930e-01 5.074314403303098464e-01
6.443733643501017294e-01 5.029800918790608977e-01
6.446641465542308769e-01 4.983272842658963420e-01
6.449549287583599133e-01 4.934742895497266635e-01
6.452457109624890608e-01 4.884224620735804212e-01
6.455364931666182082e-01 4.831732383597781011e-01
6.458272753707472447e-01 4.777281369731077310e-01
6.461180575748763921e-01 4.720887583516347741e-01
6.464088397790055396e-01 4.662567846053032872e-01
6.466996219831345760e-01 4.602339792816302344e-01
6.469904041872637235e-01 4.540221870990574504e-01
6.472811863913928709e-01 4.476233336470971103e-01
6.475719685955219074e-01 4.410394250536585070e-01
6.478627507996510548e-01 4.342725476190815170e-01
6.481535330037802023e-01 4.273248674171132300e-01
6.484443152079092387e-01 4.201986298624973415e-01
6.487350974120383862e-01 4.128961592448889273e-01
6.490258796161674226e-01 4.054198582296549280e-01
6.493166618202965701e-01 3.977722073248182721e-01
6.496074440244257175e-01 3.899557643145900032e-01
6.498982262285547540e-01 3.819731636591452983e-01
6.501890084326839014e-01 3.738271158607885392e-01
6.504797906368130489e-01 3.655204067963826464e-01
6.507705728409420853e-01 3.570558970163162371e-01
6.510613550450712328e-01 3.484365210095498600e-01
6.513521372492003803e-01 3.396652864350226952e-01
6.516429194533294167e-01 3.307452733196093453e-01
6.519337016574585641e-01 3.216796332223864630e-01
6.522244838615876006e-01 3.124715883654591297e-01
6.525152660657167480e-01 3.031244307313683550e-01
6.528060482698458955e-01 2.936415211271520276e-01
6.530968304739749319e-01 2.840262882150428325e-01
6.533876126781040794e-01 2.742822275106011065e-01
6.536783948822332269e-01 2.644129003470769845e-01
6.539691770863622633e-01 2.544219328079413422e-01
6.542599592904914108e-01 2.443130146257386781e-01
6.545507414946205582e-01 2.340898980488728409e-01
6.548415236987495947e-01 2.237563966757892542e-01
6.551323059028787421e-01 2.133163842572219082e-01
6.554230881070077785e-01 2.027737934663211006e-01
6.557138703111369260e-01 1.921326146371195309e-01
6.560046525152660735e-01 1.813968944716643494e-01
6.562954347193951099e-01 1.705707347158480491e-01
6.565862169235242574e-01 1.596582908042742388e-01
6.568769991276534048e-01 1.486637704746022193e-01
6.571677813317824413e-01 1.375914323516968241e-01
6.574585635359115887e-01 1.264455845013457980e-01
6.577493457400407362e-01 1.152305829546006188e-01
6.580401279441697726e-01 1.039508302031471876e-01
6.583309101482989201e-01 9.261077366485961915e-02
6.586216923524279565e-01 8.121490412139516224e-02
6.589124745565571040e-01 6.976775412768879137e-02
6.592032567606862514e-01 5.827389639315006670e-02
6.594940389648152879e-01 4.673794213595266339e-02
6.597848211689444353e-01 3.516453941023241908e-02
6.600756033730735828e-01 2.355837140678804925e-02
6.603663855772026192e-01 1.192415472780977703e-02
6.606571677813317667e-01 2.666376364024809135e-04
6.609479499854609141e-01 -1.140940171952440144e-02
6.612387321895899506e-01 -2.309915710682187290e-02
6.615295143937190980e-01 -3.479779603131545607e-02
6.618202965978482455e-01 -4.650046158494411386e-02
6.621110788019772819e-01 -5.820227431624575010e-02
6.624018610061064294e-01 -6.989833412272886126e-02
6.626926432102354658e-01 -8.158372216532769339e-02
6.629834254143646133e-01 -9.325350280364012867e-02
6.632742076184937607e-01 -1.049027255522186897e-01
6.635649898226227972e-01 -1.165264270560721072e-01
6.638557720267519446e-01 -1.281196330860767396e-01
6.641465542308810921e-01 -1.396773605526222817e-01
6.644373364350101285e-01 -1.511946195372849966e-01
6.647281186391392760e-01 -1.626664153418148906e-01
6.650189008432684235e-01 -1.740877505537334613e-01
6.653096830473974599e-01 -1.854536271275850356e-01
6.656004652515266073e-01 -1.967590484816742202e-01
6.658912474556556438e-01 -2.079990216087954646e-01
6.661820296597847912e-01 -2.191685592010190475e-01
6.664728118639139387e-01 -2.302626817870075671e-01
6.667635940680429751e-01 -2.412764198815474659e-01
6.670543762721721226e-01 -2.522048161462697724e-01
6.673451584763012701e-01 -2.630429275610857154e-01
6.676359406804303065e-01 -2.737858276049741635e-01
6.679267228845594540e-01 -2.844286084460363462e-01
6.682175050886886014e-01 -2.949663831392158042e-01
6.685082872928176378e-01 -3.053942878315452081e-01
6.687990694969467853e-01 -3.157074839735604099e-01
6.690898517010758217e-01 -3.259011605361548103e-01
6.693806339052049692e-01 -3.359705362321497302e-01
6.696714161093341167e-01 -3.459108617415705966e-01
6.699621983134631531e-01 -3.557174219396200820e-01
6.702529805175923006e-01 -3.653855381265740943e-01
6.705437627217214480e-01 -3.749105702589152767e-01
6.708345449258504845e-01 -3.842879191799881688e-01
6.711253271299796319e-01 -3.935130288502831086e-01
6.714161093341087794e-01 -4.025813885757591470e-01
6.717068915382378158e-01 -4.114885352330196477e-01
6.719976737423669633e-01 -4.202300554911711505e-01
6.722884559464959997e-01 -4.288015880286182302e-01
6.725792381506251472e-01 -4.371988257440449499e-01
6.728700203547542946e-01 -4.454175179608200197e-01
6.731608025588833311e-01 -4.534534726233630519e-01
6.734515847630124785e-01 -4.613025584851979666e-01
6.737423669671416260e-01 -4.689607072868925419e-01
6.740331491712706624e-01 -4.764239159234212040e-01
6.743239313753998099e-01 -4.836882485996941705e-01
6.746147135795289573e-01 -4.907498389733468414e-01
6.749054957836579938e-01 -4.976048922839973465e-01
6.751962779877871412e-01 -5.042496874677273588e-01
6.754870601919162887e-01 -5.106805792554024448e-01
6.757778423960453251e-01 -5.168940002541737577e-01
6.760686246001744726e-01 -5.228864630103426947e-01
6.763594068043035090e-01 -5.286545620534054413e-01
6.766501890084326565e-01 -5.341949759195623315e-01
6.769409712125618039e-01 -5.395044691539238046e-01
6.772317534166908404e-01 -5.445798942903085083e-01
6.775225356208199878e-01 -5.494181938074784721e-01
6.778133178249491353e-01 -5.540164020608174811e-01
6.781041000290781717e-01 -5.583716471883958254e-01
6.783948822332073192e-01 -5.624811529902803420e-01
6.786856644373364666e-01 -5.663422407799710845e-01
6.789764466414655031e-01 -5.699523312072007908e-01
6.792672288455946505e-01 -5.733089460505987889e-01
6.795580110497236870e-01 -5.764097099793652479e-01
6.798487932538528344e-01 -5.792523522830353988e-01
6.801395754579819819e-01 -5.818347085679698161e-01
6.804303576621110183e-01 -5.841547224197042310e-01
6.807211398662401658e-01 -5.862104470300572023e-01
6.810119220703693133e-01 -5.880000467879720194e-01
6.813027042744983497e-01 -5.895217988329487513e-01
6.815934864786274971e-01 -5.907740945701490665e-01
6.818842686827566446e-01 -5.917554411460547170e-01
6.821750508868856810e-01 -5.924644628836630567e-01
6.824658330910148285e-01 -5.928999026762197255e-01
6.827566152951438649e-01 -5.930606233384541071e-01
6.830473974992730124e-01 -5.929456089143082531e-01
6.833381797034021599e-01 -5.925539659401422021e-01
6.836289619075311963e-01 -5.918849246624102722e-01
6.839197441116603438e-01 -5.909378402088190096e-01
6.842105263157894912e-01 -5.897121937119716995e-01
6.845013085199185277e-01 -5.882075933846147020e-01
6.847920907240476751e-01 -5.864237755453931555e-01
6.850828729281768226e-01 -5.843606055943174615e-01
6.853736551323058590e-01 -5.820180789369289176e-01
6.856644373364350065e-01 -5.793963218562308004e-01
6.859552195405640429e-01 -5.764955923315484565e-01
6.862460017446931904e-01 -5.733162808034070190e-01
6.865367839488223378e-01 -5.698589108834462014e-01
6.868275661529513743e-01 -5.661241400086496345e-01
6.871183483570805217e-01 -5.621127600390790624e-01
6.874091305612096692e-01 -5.578256977979411113e-01
6.876999127653387056e-01 -5.532640155536769910e-01
6.879906949694678531e-01 -5.484289114429082845e-01
6.882814771735970005e-01 -5.433217198334171494e-01
6.885722593777260370e-01 -5.379439116268281973e-01
6.888630415818551844e-01 -5.322970944997823528e-01
6.891538237859842209e-01 -5.263830130830270404e-01
6.894446059901133683e-01 -5.202035490778271765e-01
6.897353881942425158e-01 -5.137607213086859970e-01
6.900261703983715522e-01 -5.070566857120244464e-01
6.903169526025006997e-01 -5.000937352598379126e-01
6.906077348066298471e-01 -4.928742998181656065e-01
6.908985170107588836e-01 -4.854009459392476522e-01
6.911892992148880310e-01 -4.776763765875041701e-01
6.914800814190171785e-01 -4.697034307982030366e-01
6.917708636231462149e-01 -4.614850832683842219e-01
6.920616458272753624e-01 -4.530244438798803897e-01
6.923524280314045098e-01 -4.443247571534324480e-01
6.926432102355335463e-01 -4.353894016341833817e-01
6.929339924396626937e-01 -4.262218892075153032e-01
6.932247746437917302e-01 -4.168258643449636591e-01
6.935155568479208776e-01 -4.072051032797496251e-01
6.938063390520500251e-01 -3.973635131113334995e-01
6.940971212561790615e-01 -3.873051308389657277e-01
6.943879034603082090e-01 -3.770341223240097350e-01
6.946786856644373565e-01 -3.665547811802863931e-01
6.949694678685663929e-01 -3.558715275928194255e-01
6.952602500726955403e-01 -3.449889070644051592e-01
6.955510322768246878e-01 -3.339115890898766148e-01
6.958418144809537242e-01 -3.226443657580619906e-01
6.961325966850828717e-01 -3.111921502811847984e-01
6.964233788892119081e-01 -2.995599754518818436e-01
6.967141610933410556e-01 -2.877529920276311048e-01
6.970049432974702031e-01 -2.757764670426452458e-01
6.972957255015992395e-01 -2.636357820473708147e-01
6.975865077057283870e-01 -2.513364312751789065e-01
6.978772899098575344e-01 -2.388840197372294194e-01
6.981680721139865708e-01 -2.262842612443835832e-01
6.984588543181157183e-01 -2.135429763578543805e-01
6.987496365222448658e-01 -2.006660902672061930e-01
6.990404187263739022e-01 -1.876596305973986800e-01
6.993312009305030497e-01 -1.745297251441502717e-01
6.996219831346320861e-01 -1.612825995383572464e-01
6.999127653387612336e-01 -1.479245748400885296e-01
7.002035475428903810e-01 -1.344620650619160473e-01
7.004943297470194175e-01 -1.209015746230140964e-01
7.007851119511485649e-01 -1.072496957334089368e-01
7.010758941552777124e-01 -9.351310570970731983e-02
7.013666763594067488e-01 -7.969856422265682305e-02
7.016574585635358963e-01 -6.581291047672802041e-02
7.019482407676650437e-01 -5.186306032317193615e-02
7.022390229717940802e-01 -3.785600330623738186e-02
7.025298051759232276e-01 -2.379879964430474393e-02
7.028205873800522641e-01 -9.698577145689718862e-03
7.031113695841814115e-01 4.437471939160493421e-03
7.034021517883105590e-01 1.860209412881496868e-02
7.036929339924395954e-01 3.278797798444442468e-02
7.039837161965687429e-01 4.698775744455946368e-02
7.042744984006978903e-01 6.119401522010983058e-02
7.045652806048269268e-01 7.539928624912831112e-02
7.048560628089560742e-01 8.959606120981900013e-02
7.051468450130852217e-01 1.037767900914073615e-01
7.054376272172142581e-01 1.179338858209098145e-01
7.057284094213434056e-01 1.320597279449265693e-01
7.060191916254725530e-01 1.461466663649103326e-01
7.063099738296015895e-01 1.601870251244972287e-01
7.066007560337307369e-01 1.741731062478960035e-01
7.068915382378597734e-01 1.880971936277546774e-01
7.071823204419889208e-01 2.019515569611394501e-01
7.074731026461180683e-01 2.157284557320958696e-01
7.077638848502471047e-01 2.294201432393916107e-01
7.080546670543762522e-01 2.430188706678663435e-01
7.083454492585053996e-01 2.565168912017138925e-01
7.086362314626344361e-01 2.699064641782272234e-01
7.089270136667635835e-01 2.831798592799415482e-01
7.092177958708927310e-01 2.963293607639962413e-01
7.095085780750217674e-01 3.093472717265915439e-01
7.097993602791509149e-01 3.222259184008690047e-01
7.100901424832799513e-01 3.349576544864082406e-01
7.103809246874090988e-01 3.475348655083304594e-01
7.106717068915382463e-01 3.599499732042865108e-01
7.109624890956672827e-01 3.721954399369475919e-01
7.112532712997964301e-01 3.842637731307435023e-01
7.115440535039255776e-01 3.961475297298690523e-01
7.118348357080546140e-01 4.078393206761996570e-01
7.121256179121837615e-01 4.193318154046767887e-01
7.124164001163129090e-01 4.306177463538491956e-01
7.127071823204419454e-01 4.416899134898110701e-01
7.129979645245710929e-01 4.525411888409386352e-01
7.132887467287001293e-01 4.631645210410685332e-01
7.135795289328292768e-01 4.735529398791479827e-01
7.138703111369584242e-01 4.836995608527979718e-01
7.141610933410874607e-01 4.935975897232738330e-01
7.144518755452166081e-01 5.032403270695241515e-01
7.147426577493457556e-01 5.126211728390962508e-01
7.150334399534747920e-01 5.217336308928857136e-01
7.153242221576039395e-01 5.305713135416871840e-01
7.156150043617330869e-01 5.391279460717213201e-01
7.159057865658621234e-01 5.473973712572628436e-01
7.161965687699912708e-01 5.553735538570683250e-01
7.164873509741203073e-01 5.630505850914007127e-01
7.167781331782494547e-01 5.704226870978408304e-01
7.170689153823786022e-01 5.774842173620037267e-01
7.173596975865076386e-01 5.842296731214258187e-01
7.176504797906367861e-01 5.906536957390201570e-01
7.179412619947659335e-01 5.967510750439446454e-01
7.182320441988949700e-01 6.025167536365482190e-01
7.185228264030241174e-01 6.079458311550939298e-01
7.188136086071532649e-01 6.130335685012670011e-01
7.191043908112823013e-01 6.177753920213004957e-01
7.193951730154114488e-01 6.221668976400840378e-01
7.196859552195405962e-01 6.262038549448120106e-01
7.199767374236696327e-01 6.298822112156871045e-01
7.202675196277987801e-01 6.331980954003171291e-01
7.205583018319278166e-01 6.361478220290811558e-01
7.208490840360569640e-01 6.387278950682788725e-01
7.211398662401861115e-01 6.409350117081331621e-01
7.214306484443151479e-01 6.427660660826112204e-01
7.217214306484442954e-01 6.442181529179864530e-01
7.220122128525734428e-01 6.452885711070749375e-01
7.223029950567024793e-01 6.459748272061799357e-01
7.225937772608316267e-01 6.462746388515704377e-01
7.228845594649607742e-01 6.461859380924669383e-01
7.231753416690898106e-01 6.457068746373120227e-01
7.234661238732189581e-01 6.448358190102582155e-01
7.237569060773479945e-01 6.435713656149630868e-01
7.240476882814771420e-01 6.419123357026627064e-01
7.243384704856062895e-01 6.398577802413648596e-01
7.246292526897353259e-01 6.374069826832646779e-01
7.249200348938644733e-01 6.345594616271735822e-01
7.252108170979936208e-01 6.313149733730814006e-01
7.255015993021226572e-01 6.276735143657106164e-01
7.257923815062518047e-01 6.236353235240664761e-01
7.260831637103809522e-01 6.192008844541369017e-01
7.263739459145099886e-01 6.143709275415271120e-01
7.266647281186391361e-01 6.091464319211860046e-01
7.269555103227681725e-01 6.035286273213802399e-01
7.272462925268973200e-01 5.975189957787733208e-01
7.275370747310264674e-01 5.911192732213896850e-01
7.278278569351555038e-01 5.843314509164599935e-01
7.281186391392846513e-01 5.771577767804501047e-01
7.284094213434137988e-01 5.696007565488109270e-01
7.287002035475428352e-01 5.616631548021154829e-01
7.289909857516719827e-01 5.533479958464472270e-01
7.292817679558011301e-01 5.446585644450127051e-01
7.295725501599301666e-01 5.355984063985187449e-01
7.298633323640593140e-01 5.261713289714526898e-01
7.301541145681883505e-01 5.163814011623381051e-01
7.304448967723174979e-01 5.062329538143848229e-01
7.307356789764466454e-01 4.957305795653110803e-01
7.310264611805756818e-01 4.848791326333720120e-01
7.313172433847048293e-01 4.736837284379296631e-01
7.316080255888339767e-01 4.621497430522977234e-01
7.318988077929630132e-01 4.502828124847176317e-01
7.321895899970921606e-01 4.380888317872351223e-01
7.324803722012213081e-01 4.255739539887068434e-01
7.327711544053503445e-01 4.127445888508773364e-01
7.330619366094794920e-01 3.996074014449784717e-01
7.333527188136085284e-01 3.861693105475404453e-01
7.336435010177376759e-01 3.724374868525689442e-01
7.339342832218668233e-01 3.584193509999618610e-01
7.342250654259958598e-01 3.441225714165260796e-01
7.345158476301250072e-01 3.295550619698208172e-01
7.348066298342541547e-01 3.147249794321002048e-01
7.350974120383831911e-01 2.996407207534956263e-01
7.353881942425123386e-01 2.843109201431557875e-01
7.356789764466414860e-01 2.687444459566666888e-01
7.359697586507705225e-01 2.529503973893451052e-01
7.362605408548996699e-01 2.369381009736022392e-01
7.365513230590288174e-01 2.207171068802736558e-01
7.368421052631578538e-01 2.042971850219053032e-01
7.371328874672870013e-01 1.876883209583956602e-01
7.374236696714160377e-01 1.709007116038081253e-01
7.377144518755451852e-01 1.539447607338767232e-01
7.380052340796743326e-01 1.368310742940013203e-01
7.382960162838033691e-01 1.195704555077074516e-01
7.385867984879325165e-01 1.021738997846946134e-01
7.388775806920616640e-01 8.465258942968907629e-02
7.391683628961907004e-01 6.701788815071270389e-02
7.394591451003198479e-01 4.928133536840979129e-02
7.397499273044489954e-01 3.145464032553508399e-02
7.400407095085780318e-01 1.354967599549607681e-02
7.403314917127071793e-01 -4.421527205412859214e-03
7.406222739168362157e-01 -2.244678790406005181e-02
7.409130561209653631e-01 -4.051378045165454633e-02
7.412038383250945106e-01 -5.861004180020648602e-02
7.414946205292235470e-01 -7.672297857197545035e-02
7.417854027333526945e-01 -9.483987432016380281e-02
7.420761849374818420e-01 -1.129478969796106902e-01
7.423669671416108784e-01 -1.310341065055870835e-01
7.426577493457400259e-01 -1.490854626985226306e-01
7.429485315498691733e-01 -1.670888332132152987e-01
7.432393137539982098e-01 -1.850310017492769743e-01
7.435300959581273572e-01 -2.028986764211336558e-01
7.438208781622563937e-01 -2.206784983040983306e-01
7.441116603663855411e-01 -2.383570501550962839e-01
7.444024425705146886e-01 -2.559208653044263149e-01
7.446932247746437250e-01 -2.733564367154334707e-01
7.449840069787728725e-01 -2.906502262097377942e-01
7.452747891829020199e-01 -3.077886738530003496e-01
7.455655713870310564e-01 -3.247582074995843948e-01
7.458563535911602038e-01 -3.415452524904021847e-01
7.461471357952893513e-01 -3.581362415018096157e-01
7.464379179994183877e-01 -3.745176245395199777e-01
7.467287002035475352e-01 -3.906758790751575505e-01
7.470194824076765716e-01 -4.065975203189930998e-01
7.473102646118057191e-01 -4.222691116257730748e-01
7.476010468159348665e-01 -4.376772750276252122e-01
7.478918290200639030e-01 -4.528087018896734262e-01
7.481826112241930504e-01 -4.676501636822776864e-01
7.484733934283221979e-01 -4.821885228653247646e-01
7.487641756324512343e-01 -4.964107438779400416e-01
7.490549578365803818e-01 -5.103039042279066129e-01
7.493457400407095292e-01 -5.238552056745521268e-01
7.496365222448385657e-01 -5.370519854991692155e-01
7.499273044489677131e-01 -5.498817278565670819e-01
7.502180866530968606e-01 -5.623320752009549617e-01
7.505088688572258970e-01 -5.743908397794821319e-01
7.507996510613550445e-01 -5.860460151862978417e-01
7.510904332654840809e-01 -5.972857879722646146e-01
7.513812154696132284e-01 -6.080985493032670108e-01
7.516719976737423758e-01 -6.184729066549200516e-01
7.519627798778714123e-01 -6.283976955345377258e-01
7.522535620820005597e-01 -6.378619912225566013e-01
7.525443442861297072e-01 -6.468551205242849544e-01
7.528351264902587436e-01 -6.553666735235984531e-01
7.531259086943878911e-01 -6.633865153296177875e-01
7.534166908985170386e-01 -6.709047978071116525e-01
7.537074731026460750e-01 -6.779119712814898335e-01
7.539982553067752225e-01 -6.843987962087662025e-01
7.542890375109042589e-01 -6.903563548007882744e-01
7.545798197150334063e-01 -6.957760625959019674e-01
7.548706019191625538e-01 -7.006496799647955465e-01
7.551613841232915902e-01 -7.049693235415047665e-01
7.554521663274207377e-01 -7.087274775688591211e-01
7.557429485315498852e-01 -7.119170051479855044e-01
7.560337307356789216e-01 -7.145311593808680861e-01
7.563245129398080691e-01 -7.165635943947324948e-01
7.566152951439372165e-01 -7.180083762370321754e-01
7.569060773480662530e-01 -7.188599936297053183e-01
7.571968595521954004e-01 -7.191133685710549006e-01
7.574876417563244368e-01 -7.187638667735735121e-01
7.577784239604535843e-01 -7.178073079257774047e-01
7.580692061645827318e-01 -7.162399757660162791e-01
7.583599883687117682e-01 -7.140586279560012795e-01
7.586507705728409157e-01 -7.112605057416918619e-01
7.589415527769700631e-01 -7.078433433890140014e-01
7.592323349810990996e-01 -7.038053773816775882e-01
7.595231171852282470e-01 -6.991453553684026101e-01
7.598138993893573945e-01 -6.938625448463787704e-01
7.601046815934864309e-01 -6.879567415681403508e-01
7.603954637976155784e-01 -6.814282776583776569e-01
7.606862460017446148e-01 -6.742780294275554365e-01
7.609770282058737623e-01 -6.665074248684260683e-01
7.612678104100029097e-01 -6.581184508220643270e-01
7.615585926141319462e-01 -6.491136597993941715e-01
7.618493748182610936e-01 -6.394961764448756636e-01
7.621401570223902411e-01 -6.292697036281618139e-01
7.624309392265192775e-01 -6.184385281498609999e-01
7.627217214306484250e-01 -6.070075260481960777e-01
7.630125036347775724e-01 -5.949821674917539216e-01
7.633032858389066089e-01 -5.823685212442746284e-01
7.635940680430357563e-01 -5.691732586825887230e-01
7.638848502471649038e-01 -5.554036573535494625e-01
7.641756324512939402e-01 -5.410676040578212831e-01
7.644664146554230877e-01 -5.261735974475839628e-01
7.647571968595521241e-01 -5.107307501237566827e-01
7.650479790636812716e-01 -4.947487902187267528e-01
7.653387612678104190e-01 -4.782380624508547062e-01
7.656295434719394555e-01 -4.612095286369701230e-01
7.659203256760686029e-01 -4.436747676489832259e-01
7.662111078801977504e-01 -4.256459748006140575e-01
7.665018900843267868e-01 -4.071359606520530972e-01
7.667926722884559343e-01 -3.881581492169177694e-01
7.670834544925850818e-01 -3.687265755604366424e-01
7.673742366967141182e-01 -3.488558827738778567e-01
7.676650189008432656e-01 -3.285613183136549265e-01
7.679558011049723021e-01 -3.078587296908782966e-01
7.682465833091014495e-01 -2.867645595002126235e-01
7.685373655132305970e-01 -2.652958397744150654e-01
7.688281477173596334e-01 -2.434701856531742703e-01
7.691189299214887809e-01 -2.213057883538540049e-01
7.694097121256179284e-01 -1.988214074329335002e-01
7.697004943297469648e-01 -1.760363623266417432e-01
7.699912765338761123e-01 -1.529705231581887370e-01
7.702820587380052597e-01 -1.296443007986288753e-01
7.705728409421342961e-01 -1.060786361702404090e-01
7.708636231462634436e-01 -8.229498878708665921e-02
7.711544053503924800e-01 -5.831532452365869451e-02
7.714451875545216275e-01 -3.416210260206692384e-02
7.717359697586507750e-01 -9.858261790375173403e-03
7.720267519627798114e-01 1.457279419710992910e-02
7.723175341669089589e-01 3.910721210265787756e-02
7.726083163710381063e-01 6.372070533814516713e-02
7.728990985751671428e-01 8.838857101120550785e-02
7.731898807792962902e-01 1.130857077726455662e-01
7.734806629834254377e-01 1.377866344871801763e-01
7.737714451875544741e-01 1.624655097341895227e-01
7.740622273916836216e-01 1.870961521411941830e-01
7.743530095958126580e-01 2.116520615534615846e-01
7.746437917999418055e-01 2.361064410426280680e-01
7.749345740040709529e-01 2.604322197548066264e-01
7.752253562081999894e-01 2.846020765996831181e-01
7.755161384123291368e-01 3.085884647805400283e-01
7.758069206164582843e-01 3.323636371637244125e-01
7.760977028205873207e-01 3.558996724864325056e-01
7.763884850247164682e-01 3.791685024000530091e-01
7.766792672288456156e-01 4.021419393489035765e-01
7.769700494329746521e-01 4.247917052862116849e-01
7.772608316371037995e-01 4.470894612151092296e-01
7.775516138412329470e-01 4.690068375412164703e-01
7.778423960453619834e-01 4.905154652261508041e-01
7.781331782494911309e-01 5.115870077334015997e-01
7.784239604536201673e-01 5.321931937542977442e-01
7.787147426577493148e-01 5.523058507015490282e-01
7.790055248618784622e-01 5.718969389564610983e-01
7.792963070660074987e-01 5.909385868545669052e-01
7.795870892701366461e-01 6.094031263919417185e-01
7.798778714742657936e-01 6.272631296342973117e-01
7.801686536783948300e-01 6.444914458092690923e-01
7.804594358825239775e-01 6.610612390595846932e-01
7.807502180866531249e-01 6.769460268354362542e-01
7.810410002907821614e-01 6.921197188997444405e-01
7.813317824949113088e-01 7.065566569205694591e-01
7.816225646990403453e-01 7.202316546216694926e-01
7.819133469031694927e-01 7.331200384611442633e-01
7.822041291072986402e-01 7.451976888057213477e-01
7.824949113114276766e-01 7.564410815662432341e-01
7.827856935155568241e-01 7.668273302530514979e-01
7.830764757196859716e-01 7.763342283962471058e-01
7.833672579238150080e-01 7.849402922981579822e-01
7.836580401279441555e-01 7.926248040818858476e-01
7.839488223320733029e-01 7.993678549908553865e-01
7.842396045362023393e-01 8.051503888932364239e-01
7.845303867403314868e-01 8.099542459423176854e-01
7.848211689444605232e-01 8.137622063417990770e-01
7.851119511485896707e-01 8.165580341627978189e-01
7.854027333527188182e-01 8.183265211565626807e-01
7.856935155568478546e-01 8.190535305045520964e-01
7.859842977609770021e-01 8.187260404450151796e-01
7.862750799651061495e-01 8.173321877124408719e-01
7.865658621692351860e-01 8.148613107237510089e-01
7.868566443733643334e-01 8.113039924421623361e-01
7.871474265774934809e-01 8.066521028471551613e-01
7.874382087816225173e-01 8.008988409358248628e-01
7.877289909857516648e-01 7.940387761783818110e-01
7.880197731898807012e-01 7.860678893469912332e-01
7.883105553940098487e-01 7.769836126336462367e-01
7.886013375981389961e-01 7.667848689673003593e-01
7.888921198022680326e-01 7.554721104398028908e-01
7.891829020063971800e-01 7.430473557500419934e-01
7.894736842105263275e-01 7.295142265716131336e-01
7.897644664146553639e-01 7.148779827451215985e-01
7.900552486187845114e-01 6.991455561944877051e-01
7.903460308229136588e-01 6.823255834611196002e-01
7.906368130270426953e-01 6.644284367349032605e-01
7.909275952311718427e-01 6.454662532674007025e-01
7.912183774353008792e-01 6.254529630773177917e-01
7.915091596394300266e-01 6.044043148401403442e-01
7.917999418435591741e-01 5.823378998446695487e-01
7.920907240476882105e-01 5.592731738960684540e-01
7.923815062518173580e-01 5.352314770423287626e-01
7.926722884559465054e-01 5.102360509979269043e-01
7.929630706600755419e-01 4.843120541364169251e-01
7.932538528642046893e-01 4.574865739206502302e-01
7.935446350683338368e-01 4.297886366364119803e-01
7.938354172724628732e-01 4.012492142941708750e-01
7.941261994765920207e-01 3.719012285574671561e-01
7.944169816807211681e-01 3.417795515562032094e-01
7.947077638848502046e-01 3.109210034442708714e-01
7.949985460889793520e-01 2.793643465593889652e-01
7.952893282931083885e-01 2.471502760390733300e-01
7.955801104972375359e-01 2.143214067479793650e-01
7.958708927013666834e-01 1.809222563693016483e-01
7.961616749054957198e-01 1.469992245123377395e-01
7.964524571096248673e-01 1.126005676900899422e-01
7.967432393137540148e-01 7.777637001817114260e-02
7.970340215178830512e-01 4.257850949026278226e-02
7.973248037220121986e-01 7.060619683007393448e-03
7.976155859261413461e-01 -2.872195325281725817e-02
7.979063681302703825e-01 -6.471219845632125711e-02
7.981971503343995300e-01 -1.008514932152247828e-01
7.984879325385285664e-01 -1.370796609560556711e-01
7.987787147426577139e-01 -1.733350344898105522e-01
7.990694969467868614e-01 -2.095545245788085209e-01
7.993602791509158978e-01 -2.456736938993467900e-01
7.996510613550450453e-01 -2.816268365612377700e-01
7.999418435591741927e-01 -3.173470633122695284e-01
8.002326257633032291e-01 -3.527663925389691313e-01
8.005234079674323766e-01 -3.878158471658851858e-01
8.008141901715615241e-01 -4.224255575486647873e-01
8.011049723756905605e-01 -4.565248704467835816e-01
8.013957545798197080e-01 -4.900424641511787471e-01
8.016865367839487444e-01 -5.229064698306937764e-01
8.019773189880778919e-01 -5.550445991484007635e-01
8.022681011922070393e-01 -5.863842781862508291e-01
8.025588833963360758e-01 -6.168527876987981440e-01
8.028496656004652232e-01 -6.463774097025727361e-01
8.031404478045943707e-01 -6.748855803887775506e-01
8.034312300087234071e-01 -7.023050493262176230e-01
8.037220122128525546e-01 -7.285640449030771348e-01
8.040127944169817020e-01 -7.535914459299558610e-01
8.043035766211107385e-01 -7.773169592965103458e-01
8.045943588252398859e-01 -7.996713035549150028e-01
8.048851410293689224e-01 -8.205863982878788265e-01
8.051759232334980698e-01 -8.399955590827626883e-01
8.054667054376272173e-01 -8.578336978988471140e-01
8.057574876417562537e-01 -8.740375285817734152e-01
8.060482698458854012e-01 -8.885457772427859391e-01
8.063390520500145486e-01 -9.012993971505449675e-01
8.066298342541435851e-01 -9.122417877293321764e-01
8.069206164582727325e-01 -9.213190173386998083e-01
8.072113986624018800e-01 -9.284800494567434503e-01
8.075021808665309164e-01 -9.336769717982812411e-01
8.077929630706600639e-01 -9.368652278481616191e-01
8.080837452747892113e-01 -9.380038502425092073e-01
8.083745274789182478e-01 -9.370556953808040213e-01
8.086653096830473952e-01 -9.339876786010571363e-01
8.089560918871764317e-01 -9.287710091982190885e-01
8.092468740913055791e-01 -9.213814245139955172e-01
8.095376562954347266e-01 -9.117994222632408441e-01
8.098284384995637630e-01 -9.000104902051370148e-01
8.101192207036929105e-01 -8.860053322401044706e-01
8.104100029078220579e-01 -8.697800900010169700e-01
8.107007851119510944e-01 -8.513365588895298597e-01
8.109915673160802418e-01 -8.306823974571752034e-01
8.112823495202093893e-01 -8.078313289685966625e-01
8.115731317243384257e-01 -7.828033339173868788e-01
8.118639139284675732e-01 -7.556248322076660751e-01
8.121546961325966096e-01 -7.263288536605901902e-01
8.124454783367257571e-01 -6.949551954504185058e-01
8.127362605408549046e-01 -6.615505650223512113e-01
8.130270427449839410e-01 -6.261687070020216517e-01
8.133178249491130885e-01 -5.888705125681117369e-01
8.136086071532422359e-01 -5.497241097192587800e-01
8.138993893573712723e-01 -5.088049328383204006e-01
8.141901715615004198e-01 -4.661957699629722951e-01
8.144809537656295673e-01 -4.219867864398245683e-01
8.147717359697586037e-01 -3.762755234867108389e-01
8.150625181738877512e-01 -3.291668695638013120e-01
8.153533003780167876e-01 -2.807730026723430639e-01
8.156440825821459351e-01 -2.312133018859341138e-01
8.159348647862750825e-01 -1.806142264574344403e-01
8.162256469904041190e-01 -1.291091608901219767e-01
8.165164291945332664e-01 -7.683822441958945704e-02
8.168072113986624139e-01 -2.394804341108893939e-02
8.170979936027914503e-01 2.940851470719903216e-02
8.173887758069205978e-01 8.307264716276487049e-02
8.176795580110497452e-01 1.368799623404718113e-01
8.179703402151787817e-01 1.906608680612822959e-01
8.182611224193079291e-01 2.442410023123465501e-01
8.185519046234369656e-01 2.974417070943504715e-01
8.188426868275661130e-01 3.500805463438136367e-01
8.191334690316952605e-01 4.019718683047256991e-01
8.194242512358242969e-01 4.529274123501816907e-01
8.197150334399534444e-01 5.027569599753086704e-01
8.200058156440825918e-01 5.512690293812639863e-01
8.202965978482116283e-01 5.982716127088828495e-01
8.205873800523407757e-01 6.435729546056960793e-01
8.208781622564699232e-01 6.869823705739716013e-01
8.211689444605989596e-01 7.283111031560622894e-01
8.214597266647281071e-01 7.673732135710396030e-01
8.217505088688572545e-01 8.039865059783729562e-01
8.220412910729862910e-01 8.379734810458902006e-01
8.223320732771154384e-01 8.691623154339764845e-01
8.226228554812444749e-01 8.973878640068135848e-01
8.229136376853736223e-01 9.224926799961820079e-01
8.232044198895027698e-01 9.443280474876442065e-01
8.234952020936318062e-01 9.627550205650207138e-01
8.237859842977609537e-01 9.776454630167572546e-01
8.240767665018901011e-01 9.888830820582350523e-01
8.243675487060191376e-01 9.963644490822889388e-01
8.246583309101482850e-01 1.000000000000000000e+00
8.249491131142774325e-01 9.997150074756991911e-01
8.252398953184064689e-01 9.954505170936316372e-01
8.255306775225356164e-01 9.871642390750485774e-01
8.258214597266646528e-01 9.748313867366631413e-01
8.261122419307938003e-01 9.584454527152054260e-01
8.264030241349229478e-01 9.380189140903116840e-01
8.266938063390519842e-01 9.135838579987634045e-01
8.269845885431811316e-01 8.851925190362726070e-01
8.272753707473102791e-01 8.529177188005458987e-01
8.275661529514393155e-01 8.168531986709095527e-01
8.278569351555684630e-01 7.771138374481992850e-01
8.281477173596976105e-01 7.338357458947440959e-01
8.284384995638266469e-01 6.871762307267116343e-01
8.287292817679557944e-01 6.373136212316077298e-01
8.290200639720848308e-01 5.844469524097808399e-01
8.293108461762139783e-01 5.287954993585961549e-01
8.296016283803431257e-01 4.705981584587157762e-01
8.298924105844721621e-01 4.101126716365726677e-01
8.301831927886013096e-01 3.476146914426009316e-01
8.304739749927304571e-01 2.833966864555207410e-01
8.307647571968594935e-01 2.177666875470989638e-01
8.310555394009886410e-01 1.510468773342487081e-01
8.313463216051177884e-01 8.357202676892344639e-02
8.316371038092468249e-01 1.568778395248471291e-02
8.319278860133759723e-01 -5.225117832533170137e-02
8.322186682175050088e-01 -1.198831484989689167e-01
8.325094504216341562e-01 -1.868414857000141593e-01
8.328002326257633037e-01 -2.527568416647507643e-01
8.330910148298923401e-01 -3.172594828271352863e-01
8.333817970340214876e-01 -3.799816981997939935e-01
8.336725792381506350e-01 -4.405602769946826425e-01
8.339633614422796715e-01 -4.986390388131193285e-01
8.342541436464088189e-01 -5.538713973674965763e-01
8.345449258505379664e-01 -6.059229342895399162e-01
8.348357080546670028e-01 -6.544739608245279117e-01
8.351264902587961503e-01 -6.992220461672301601e-01
8.354172724629252977e-01 -7.398844899916888762e-01
8.357080546670543342e-01 -7.762007162467766674e-01
8.359988368711834816e-01 -8.079345650871321283e-01
8.362896190753125181e-01 -8.348764598275021376e-01
8.365804012794416655e-01 -8.568454259407125573e-01
8.368711834835708130e-01 -8.736909396190757349e-01
8.371619656876998494e-01 -8.852945848080917557e-01
8.374527478918289969e-01 -8.915714984268089394e-01
8.377435300959581443e-01 -8.924715839601600198e-01
8.380343123000871808e-01 -8.879804752634109510e-01
8.383250945042163282e-01 -8.781202348900684074e-01
8.386158767083454757e-01 -8.629497727828989717e-01
8.389066589124745121e-01 -8.425649724125553464e-01
8.391974411166036596e-01 -8.170985158357130240e-01
8.394882233207326960e-01 -7.867194023554745508e-01
8.397790055248618435e-01 -7.516321575054055737e-01
8.400697877289909909e-01 -7.120757318582007223e-01
8.403605699331200274e-01 -6.683220918932039067e-01
8.406513521372491748e-01 -6.206745084154824399e-01
8.409421343413783223e-01 -5.694655517446771675e-01
8.412329165455073587e-01 -5.150548065088158545e-01
8.415236987496365062e-01 -4.578263213382236518e-01
8.418144809537656537e-01 -3.981858116747805654e-01
8.421052631578946901e-01 -3.365576371699608438e-01
8.423960453620238376e-01 -2.733815782716051412e-01
8.426868275661528740e-01 -2.091094389025892342e-01
8.429776097702820215e-01 -1.442015042440132899e-01
8.432683919744111689e-01 -7.912288480089585407e-02
8.435591741785402053e-01 -1.433977998017000807e-02
8.438499563826693528e-01 4.968430369651131995e-02
8.441407385867985003e-01 1.124923439067809505e-01
8.444315207909275367e-01 1.736375671857546821e-01
8.447223029950566842e-01 2.326871503567634059e-01
8.450130851991858316e-01 2.892258219155280363e-01
8.453038674033148681e-01 3.428593278543947132e-01
8.455946496074440155e-01 3.932177272534267964e-01
8.458854318115730520e-01 4.399584837588703112e-01
8.461762140157021994e-01 4.827693211640352033e-01
8.464669962198313469e-01 5.213708139085827531e-01
8.467577784239603833e-01 5.555186871681213612e-01
8.470485606280895308e-01 5.850058028303515290e-01
8.473393428322186782e-01 6.096638094626218862e-01
8.476301250363477147e-01 6.293644382833190054e-01
8.479209072404768621e-01 6.440204310271770982e-01
8.482116894446060096e-01 6.535860898012373355e-01
8.485024716487350460e-01 6.580574422211367125e-01
8.487932538528641935e-01 6.574720187312770303e-01
8.490840360569932299e-01 6.519082458210265774e-01
8.493748182611223774e-01 6.414844641559031002e-01
8.496656004652515248e-01 6.263575824361734545e-01
8.499563826693805613e-01 6.067213805394618964e-01
8.502471648735097087e-01 5.828044798927108916e-01
8.505379470776388562e-01 5.548680028086359073e-01
8.508287292817678926e-01 5.232029459565852303e-01
8.511195114858970401e-01 4.881272961671055954e-01
8.514102936900261875e-01 4.499829194739736193e-01
8.517010758941552240e-01 4.091322569065420356e-01
8.519918580982843714e-01 3.659548620522682927e-01
8.522826403024135189e-01 3.208438163884669847e-01
8.525734225065425553e-01 2.742020597722188979e-01
8.528642047106717028e-01 2.264386733802808138e-01
8.531549869148007392e-01 1.779651527133209732e-01
8.534457691189298867e-01 1.291917078867763635e-01
8.537365513230590341e-01 8.052362822959328870e-02
8.540273335271880706e-01 3.235774794867134901e-02
8.543181157313172180e-01 -1.492095217941395019e-02
8.546088979354463655e-01 -6.094257468217658541e-02
8.548996801395754019e-01 -1.053553369996239608e-01
8.551904623437045494e-01 -1.478283778399046289e-01
8.554812445478336969e-01 -1.880543142823392910e-01
8.557720267519627333e-01 -2.257515278971097550e-01
8.560628089560918808e-01 -2.606661617121465158e-01
8.563535911602209172e-01 -2.925738135870992185e-01
8.566443733643500646e-01 -3.212809152010261404e-01
8.569351555684792121e-01 -3.466257894771419545e-01
8.572259377726082485e-01 -3.684793828273987271e-01
8.575167199767373960e-01 -3.867456732686949117e-01
8.578075021808665435e-01 -4.013617592117120214e-01
8.580982843849955799e-01 -4.122976373927223492e-01
8.583890665891247274e-01 -4.195556802602753987e-01
8.586798487932538748e-01 -4.231698234168511652e-01
8.589706309973829113e-01 -4.232044776030952637e-01
8.592614132015120587e-01 -4.197531828966400980e-01
8.595521954056410951e-01 -4.129370250892844263e-01
8.598429776097702426e-01 -4.029028361262113611e-01
8.601337598138993901e-01 -3.898212021909994718e-01
8.604245420180284265e-01 -3.738843045056248204e-01
8.607153242221575740e-01 -3.553036190423006224e-01
8.610061064262867214e-01 -3.343075025816388823e-01
8.612968886304157579e-01 -3.111386932576568620e-01
8.615876708345449053e-01 -2.860517528364346362e-01
8.618784530386740528e-01 -2.593104774559350512e-01
8.621692352428030892e-01 -2.311853031810117420e-01
8.624600174469322367e-01 -2.019507318914397775e-01
8.627507996510612731e-01 -1.718828013303358437e-01
8.630415818551904206e-01 -1.412566218990910227e-01
8.633323640593195680e-01 -1.103440015017696646e-01
8.636231462634486045e-01 -7.941117821899752738e-02
8.639139284675777519e-01 -4.871667823353901389e-02
8.642047106717068994e-01 -1.850931463200035029e-02
8.644954928758359358e-01 1.097365912651545629e-02
8.647862750799650833e-01 3.950822983326299914e-02
8.650770572840942307e-01 6.688512989451853019e-02
8.653678394882232672e-01 9.291116010359318222e-02
8.656586216923524146e-01 1.174103245699700676e-01
8.659494038964815621e-01 1.402247746132438688e-01
8.662401861006105985e-01 1.612155603921133495e-01
8.665309683047397460e-01 1.802631911634587081e-01
8.668217505088687824e-01 1.972680070909156314e-01
8.671125327129979299e-01 2.121503670425000654e-01
8.674033149171270773e-01 2.248506583627040700e-01
8.676940971212561138e-01 2.353291360898209228e-01
8.679848793253852612e-01 2.435656004241087136e-01
8.682756615295144087e-01 2.495589217844380592e-01
8.685664437336434451e-01 2.533264233376822938e-01
8.688572259377725926e-01 2.549031317485555004e-01
8.691480081419017401e-01 2.543409081957058726e-01
8.694387903460307765e-01 2.517074725616564868e-01
8.697295725501599239e-01 2.470853324366110715e-01
8.700203547542889604e-01 2.405706316007766021e-01
8.703111369584181078e-01 2.322719335708161859e-01
8.706019191625472553e-01 2.223089485520675090e-01
8.708927013666762917e-01 2.108112116821017901e-01
8.711834835708054392e-01 1.979167311516901173e-01
8.714742657749345867e-01 1.837706212953645890e-01
8.717650479790636231e-01 1.685237275399791013e-01
8.720558301831927706e-01 1.523312435645068907e-01
8.723466123873219180e-01 1.353513404759689176e-01
8.726373945914509545e-01 1.177438284218275538e-01
8.729281767955801019e-01 9.966885763558452904e-02
8.732189589997091383e-01 8.128566205255703669e-02
8.735097412038382858e-01 6.275134954074230997e-02
8.738005234079674333e-01 4.421975426494461486e-02
8.740913056120964697e-01 2.584035507544675536e-02
8.743820878162256172e-01 7.757246065580944080e-03
8.746728700203547646e-01 -9.891823097071917453e-03
8.749636522244838011e-01 -2.697632705557588897e-02
8.752544344286129485e-01 -4.337333561221643624e-02
8.755452166327420960e-01 -5.896769361219491440e-02
8.758359988368711324e-01 -7.365393194491605400e-02
8.761267810410002799e-01 -8.733669881531183621e-02
8.764175632451293163e-01 -9.993123212923366028e-02
8.767083454492584638e-01 -1.113637315200890349e-01
8.769991276533876112e-01 -1.215716339436777593e-01
8.772899098575166477e-01 -1.305038129762214338e-01
8.775806920616457951e-01 -1.381206880621803357e-01
8.778714742657749426e-01 -1.443942469972448184e-01
8.781622564699039790e-01 -1.493079885071744717e-01
8.784530386740331265e-01 -1.528567885080354682e-01
8.787438208781622739e-01 -1.550466862511016286e-01
8.790346030822913104e-01 -1.558945760454786278e-01
8.793253852864204578e-01 -1.554278156225701590e-01
8.796161674905496053e-01 -1.536837631377029334e-01
8.799069496946786417e-01 -1.507092491274686363e-01
8.801977318988077892e-01 -1.465599891483969353e-01
8.804885141029368256e-01 -1.412999408126347778e-01
8.807792963070659731e-01 -1.350006116026259695e-01
8.810700785111951205e-01 -1.277403237718875151e-01
8.813608607153241570e-01 -1.196034408277972666e-01
8.816516429194533044e-01 -1.106795618423144362e-01
8.819424251235824519e-01 -1.010626893534054133e-01
8.822332073277114883e-01 -9.085037671422778460e-02
8.825239895318406358e-01 -8.014286128576909862e-02
8.828147717359697833e-01 -6.904218965651030826e-02
8.831055539400988197e-01 -5.765134228923515097e-02
8.833963361442279671e-01 -4.607336513986402121e-02
8.836871183483570036e-01 -3.441051470071655738e-02
8.839779005524861510e-01 -2.276342312324976941e-02
8.842686827566152985e-01 -1.123029013251042665e-02
8.845594649607443349e-01 9.389186518535742496e-05
8.848502471648734824e-01 1.111807321902452163e-02
8.851410293690026299e-01 2.175583697748882661e-02
8.854318115731316663e-01 3.192603881191351939e-02
8.857225937772608138e-01 4.155339257079439241e-02
8.860133759813899612e-01 5.056899697255867743e-02
8.863041581855189976e-01 5.891079937475050127e-02
8.865949403896481451e-01 6.652399311637439971e-02
8.868857225937771815e-01 7.336134553385964541e-02
8.871765047979063290e-01 7.938345445937292078e-02
8.874672870020354765e-01 8.455893180278216403e-02
8.877580692061645129e-01 8.886451322119337526e-02
8.880488514102936604e-01 9.228509361305366199e-02
8.883396336144228078e-01 9.481368905992422491e-02
8.886304158185518443e-01 9.645132675219678098e-02
8.889211980226809917e-01 9.720686487558000133e-02
8.892119802268101392e-01 9.709674485456133708e-02
8.895027624309391756e-01 9.614467882944878474e-02
8.897935446350683231e-01 9.438127631496953662e-02
8.900843268391973595e-01 9.184361466932579321e-02
8.903751090433265070e-01 8.857475831562112989e-02
8.906658912474556544e-01 8.462323207671072767e-02
8.909566734515846909e-01 8.004245432913342784e-02
8.912474556557138383e-01 7.489013593953562642e-02
8.915382378598429858e-01 6.922765128505273258e-02
8.918290200639720222e-01 6.311938793260038483e-02
8.921198022681011697e-01 5.663208176056094140e-02
8.924105844722303171e-01 4.983414435004755727e-02
8.927013666763593536e-01 4.279498922369247282e-02
8.929921488804885010e-01 3.558436353722355117e-02
8.932829310846175375e-01 2.827169171340317144e-02
8.935737132887466849e-01 2.092543730141448177e-02
8.938644954928758324e-01 1.361248917939409005e-02
8.941552776970048688e-01 6.397577734015807982e-03
8.944460599011340163e-01 -6.572737899986014687e-04
8.947368421052631637e-01 -7.493258124089924137e-03
8.950276243093922002e-01 -1.405524891577046402e-02
8.953184065135213476e-01 -2.029221817357573093e-02
8.956091887176504951e-01 -2.615760321076938608e-02
8.958999709217795315e-01 -3.160962058030832023e-02
8.961907531259086790e-01 -3.661152510837678564e-02
8.964815353300378264e-01 -4.113181281395428962e-02
8.967723175341668629e-01 -4.514436712572980626e-02
8.970630997382960103e-01 -4.862854842764497559e-02
8.973538819424250468e-01 -5.156922761025089369e-02
8.976446641465541942e-01 -5.395676486905875285e-02
8.979354463506833417e-01 -5.578693552037321257e-02
8.982262285548123781e-01 -5.706080511380225151e-02
8.985170107589415256e-01 -5.778455659070187711e-02
8.988077929630706731e-01 -5.796927266445919130e-02
8.990985751671997095e-01 -5.763067698148731377e-02
8.993893573713288569e-01 -5.678883802452892871e-02
8.996801395754580044e-01 -5.546783988556774903e-02
8.999709217795870408e-01 -5.369542413076927589e-02
9.002617039837161883e-01 -5.150260725625484953e-02
9.005524861878452247e-01 -4.892327838302656939e-02
9.008432683919743722e-01 -4.599378190577529252e-02
9.011340505961035197e-01 -4.275248982297348566e-02
9.014248328002325561e-01 -3.923936844053566020e-02
9.017156150043617036e-01 -3.549554406920551325e-02
9.020063972084908510e-01 -3.156287217771646531e-02
9.022971794126198875e-01 -2.748351425600578657e-02
9.025879616167490349e-01 -2.329952642093159262e-02
9.028787438208781824e-01 -1.905246352583335467e-02
9.031695260250072188e-01 -1.478300222823158983e-02
9.034603082291363663e-01 -1.053058618200526653e-02
9.037510904332654027e-01 -6.333096168284597927e-03
9.040418726373945502e-01 -2.226547523420059193e-03
9.043326548415236976e-01 1.755183121401811567e-03
9.046234370456527341e-01 5.580599987255946588e-03
9.049142192497818815e-01 9.220797843593272689e-03
9.052050014539110290e-01 1.264963835075699240e-02
9.054957836580400654e-01 1.584389254486362128e-02
9.057865658621692129e-01 1.878334933902484766e-02
9.060773480662983603e-01 2.145089032993246353e-02
9.063681302704273968e-01 2.383253159305885258e-02
9.066589124745565442e-01 2.591743342937481709e-02
9.069496946786855807e-01 2.769787935125020070e-02
9.072404768828147281e-01 2.916922590906647836e-02
9.075312590869438756e-01 3.032982509441849509e-02
9.078220412910729120e-01 3.118092129370167095e-02
9.081128234952020595e-01 3.172652490588212526e-02
9.084036056993312069e-01 3.197326477008163859e-02
9.086943879034602434e-01 3.193022172704877010e-02
9.089851701075893908e-01 3.160874577983670969e-02
9.092759523117185383e-01 3.102225937020791635e-02
9.095667345158475747e-01 3.018604930026859076e-02
9.098575167199767222e-01 2.911704983110789333e-02
9.101482989241058696e-01 2.783361946899767791e-02
9.104390811282349061e-01 2.635531390993177750e-02
9.107298633323640535e-01 2.470265761050720668e-02
9.110206455364930900e-01 2.289691638273771285e-02
9.113114277406222374e-01 2.095987315356528935e-02
9.116022099447513849e-01 1.891360885186049376e-02
9.118929921488804213e-01 1.678029029033736852e-02
9.121837743530095688e-01 1.458196674401818563e-02
9.124745565571387163e-01 1.234037673376995811e-02
9.127653387612677527e-01 1.007676630043320698e-02
9.130561209653969001e-01 7.811719928539159578e-03
9.133469031695260476e-01 5.565005231911310073e-03
9.136376853736550840e-01 3.355432061453824007e-03
9.139284675777842315e-01 1.200726587706833120e-03
9.142192497819132679e-01 -8.825791828058334940e-04
9.145100319860424154e-01 -2.879242181344339457e-03
9.148008141901715629e-01 -4.775387143799848626e-03
9.150915963943005993e-01 -6.558569682414611135e-03
9.153823785984297468e-01 -8.217823965272610942e-03
9.156731608025588942e-01 -9.743695423728281763e-03
9.159639430066879306e-01 -1.112825873982753282e-02
9.162547252108170781e-01 -1.236512169942256475e-02
9.165455074149462256e-01 -1.344941561436307879e-02
9.168362896190752620e-01 -1.437777279236296044e-02
9.171270718232044095e-01 -1.514829150613193273e-02
9.174178540273334459e-01 -1.576048966589627467e-02
9.177086362314625934e-01 -1.621524850118784972e-02
9.179994184355917408e-01 -1.651474746965309048e-02
9.182902006397207773e-01 -1.666239151138997759e-02
9.185809828438499247e-01 -1.666273164025642434e-02
9.188717650479790722e-01 -1.652137980578702314e-02
9.191625472521081086e-01 -1.624491886624978773e-02
9.194533294562372561e-01 -1.584080862708468415e-02
9.197441116603664035e-01 -1.531728895540370936e-02
9.200348938644954400e-01 -1.468328090697774632e-02
9.203256760686245874e-01 -1.394828734428565746e-02
9.206164582727536239e-01 -1.312229337502947291e-02
9.209072404768827713e-01 -1.221566644341184546e-02
9.211980226810119188e-01 -1.123905691392410380e-02
9.214888048851409552e-01 -1.020330019758632946e-02
9.217795870892701027e-01 -9.119320912563181475e-03
9.220703692933992501e-01 -7.998039803564064437e-03
9.223611514975282866e-01 -6.850284299020605906e-03
9.226519337016574340e-01 -5.686703552031966563e-03
9.229427159057865815e-01 -4.517688348553826165e-03
9.232334981099156179e-01 -3.353295504086629703e-03
9.235242803140447654e-01 -2.203177417289476150e-03
9.238150625181739128e-01 -1.076517931925523438e-03
9.241058447223029493e-01 1.802519742469713585e-05
9.243966269264320967e-01 1.072371736658945347e-03
9.246874091305611332e-01 2.079064414306996521e-03
9.249781913346902806e-01 3.031307772592400224e-03
9.252689735388194281e-01 3.923000415622336298e-03
9.255597557429484645e-01 4.748760830006483122e-03
9.258505379470776120e-01 5.503946924100830591e-03
9.261413201512067594e-01 6.184669427347065131e-03
9.264321023553357959e-01 6.787799151282880063e-03
9.267228845594649433e-01 7.310967973303387352e-03
9.270136667635940908e-01 7.752563727363180612e-03
9.273044489677231272e-01 8.111719265038183982e-03
9.275952311718522747e-01 8.388295802743212654e-03
9.278860133759813111e-01 8.582860675796619501e-03
9.281767955801104586e-01 8.696659978755062054e-03
9.284675777842396061e-01 8.731586507719695661e-03
9.287583599883686425e-01 8.690143305850094382e-03
9.290491421924977899e-01 8.575403127781622628e-03
9.293399243966269374e-01 8.390964277788570680e-03
9.296307066007559738e-01 8.140903281076300804e-03
9.299214888048851213e-01 7.829724819623476439e-03
9.302122710090142688e-01 7.462309401459496158e-03
9.305030532131433052e-01 7.043859307452834430e-03
9.307938354172724527e-01 6.579843335333640346e-03
9.310846176214014891e-01 6.075940790561958071e-03
9.313753998255306366e-01 5.537985230566720707e-03
9.316661820296597840e-01 4.971908570612721713e-03
9.319569642337888205e-01 4.383685990561289256e-03
9.322477464379179679e-01 3.779282080028729431e-03
9.325385286420471154e-01 3.164598661805969639e-03
9.328293108461761518e-01 2.545424741237950483e-03
9.331200930503052993e-01 1.927388966846421648e-03
9.334108752544344467e-01 1.315914918540899868e-03
9.337016574585634832e-01 7.161795305690198728e-04
9.339924396626926306e-01 1.330749286853307920e-04
9.342832218668216671e-01 -4.288260727822282054e-04
9.345740040709508145e-01 -9.653006048672040573e-04
9.348647862750799620e-01 -1.472502335160746478e-03
9.351555684792089984e-01 -1.946983870273988077e-03
9.354463506833381459e-01 -2.385714880096228251e-03
9.357371328874672933e-01 -2.786095898186403876e-03
9.360279150915963298e-01 -3.145967783715073254e-03
9.363186972957254772e-01 -3.463616868550970819e-03
9.366094794998546247e-01 -3.737775851651868857e-03
9.369002617039836611e-01 -3.967620541330083885e-03
9.371910439081128086e-01 -4.152762581781330523e-03
9.374818261122419560e-01 -4.293238332190015515e-03
9.377726083163709925e-01 -4.389494101200962402e-03
9.380633905205001399e-01 -4.442367973543124605e-03
9.383541727246291764e-01 -4.453068489123100659e-03
9.386449549287583238e-01 -4.423150443608238509e-03
9.389357371328874713e-01 -4.354488114566415491e-03
9.392265193370165077e-01 -4.249246246336406060e-03
9.395173015411456552e-01 -4.109849142956721602e-03
9.398080837452748026e-01 -3.938948221274159861e-03
9.400988659494038391e-01 -3.739388374326310140e-03
9.403896481535329865e-01 -3.514173516019937493e-03
9.406804303576621340e-01 -3.266431691492378744e-03
9.409712125617911704e-01 -2.999380134699664024e-03
9.412619947659203179e-01 -2.716290632075445480e-03
9.415527769700493543e-01 -2.420455523914889946e-03
9.418435591741785018e-01 -2.115154699449783415e-03
9.421343413783076493e-01 -1.803623927482437715e-03
9.424251235824366857e-01 -1.489024830116976060e-03
9.427159057865658331e-01 -1.174416773613669394e-03
9.430066879906949806e-01 -8.627309188017788294e-04
9.432974701948240170e-01 -5.567466166710687003e-04
9.435882523989531645e-01 -2.590703162631543622e-04
9.438790346030823120e-01 2.788285612752201633e-05
9.441698168072113484e-01 3.019047432356367468e-04
9.444605990113404959e-01 5.610069686617012675e-04
9.447513812154695323e-01 8.034309085568845090e-04
9.450421634195986798e-01 1.027654896454930928e-03
9.453329456237278272e-01 1.232398743515449946e-03
9.456237278278568636e-01 1.416625647787971183e-03
9.459145100319860111e-01 1.579541586852425007e-03
9.462052922361151586e-01 1.720592307775600750e-03
9.464960744402441950e-01 1.839458047858029584e-03
9.467868566443733425e-01 1.936046136804813432e-03
9.470776388485024899e-01 2.010481646358153792e-03
9.473684210526315264e-01 2.063096269414932144e-03
9.476592032567606738e-01 2.094415616544834796e-03
9.479499854608897103e-01 2.105145126601761299e-03
9.482407676650188577e-01 2.096154823435734775e-03
9.485315498691480052e-01 2.068463139622594722e-03
9.488223320732770416e-01 2.023220009559133486e-03
9.491131142774061891e-01 1.961689428998627822e-03
9.494038964815353365e-01 1.885231674955997142e-03
9.496946786856643730e-01 1.795285376047270126e-03
9.499854608897935204e-01 1.693349618179087806e-03
9.502762430939226679e-01 1.580966276457820884e-03
9.505670252980517043e-01 1.459702760504795645e-03
9.508578075021808518e-01 1.331135321997123193e-03
9.511485897063098882e-01 1.196833055016455162e-03
9.514393719104390357e-01 1.058342709015298172e-03
9.517301541145681831e-01 9.171744177320028356e-04
9.520209363186972196e-01 7.747884084136381910e-04
9.523117185228263670e-01 6.325828071720351799e-04
9.526025007269555145e-01 4.918827104869812235e-04
9.528932829310845509e-01 3.539306158162195998e-04
9.531840651352136984e-01 2.198782419549703934e-04
9.534748473393428458e-01 9.077974886395038959e-05
9.537656295434718823e-01 -3.241364435191571253e-05
9.540564117476010297e-01 -1.488576634123975958e-04
9.543471939517301772e-01 -2.578176390393051710e-04
9.546379761558592136e-01 -3.586698658163685696e-04
9.549287583599883611e-01 -4.509017106552793319e-04
9.552195405641173975e-01 -5.341105544135392414e-04
9.555103227682465450e-01 -6.080016625678576160e-04
9.558011049723756924e-01 -6.723850775618373313e-04
9.560918871765047289e-01 -7.271716289798669771e-04
9.563826693806338763e-01 -7.723681610845855054e-04
9.566734515847630238e-01 -8.080720801283431537e-04
9.569642337888920602e-01 -8.344653248848598465e-04
9.572550159930212077e-01 -8.518078616562458098e-04
9.575457981971503552e-01 -8.604307927493370142e-04
9.578365804012793916e-01 -8.607291691176880257e-04
9.581273626054085391e-01 -8.531545994971149929e-04
9.584181448095375755e-01 -8.382077446731410692e-04
9.587089270136667229e-01 -8.164307854198836869e-04
9.589997092177958704e-01 -7.883999544069295300e-04
9.592904914219249068e-01 -7.547181938058417430e-04
9.595812736260540543e-01 -7.160079911168390487e-04
9.598720558301832018e-01 -6.729044386903713492e-04
9.601628380343122382e-01 -6.260485510899472562e-04
9.604536202384413857e-01 -5.760808856734542542e-04
9.607444024425705331e-01 -5.236355136999108935e-04
9.610351846466995696e-01 -4.693343796211071352e-04
9.613259668508287170e-01 -4.137820825607825006e-04
9.616167490549577535e-01 -3.575611019213961283e-04
9.619075312590869009e-01 -3.012274955241081228e-04
9.621983134632160484e-01 -2.453070957389793540e-04
9.624890956673450848e-01 -1.902922131011277815e-04
9.627798778714742323e-01 -1.366388534571006611e-04
9.630706600756033797e-01 -8.476444247589120346e-05
9.633614422797324162e-01 -3.504606494990389044e-05
9.636522244838615636e-01 1.218078790676776705e-05
9.639430066879907111e-01 5.662298926455985811e-05
9.642337888921197475e-01 9.803010397711529693e-05
9.645245710962488950e-01 1.361943005963854201e-04
9.648153533003779314e-01 1.709498713253674543e-04
9.651061355045070789e-01 2.021723885715836838e-04
9.653969177086362263e-01 2.297775279700408344e-04
9.656876999127652628e-01 2.537195818661791146e-04
9.659784821168944102e-01 2.739896821536236629e-04
9.662692643210235577e-01 2.906137700283686551e-04
9.665600465251525941e-01 3.036503591385974229e-04
9.668508287292817416e-01 3.131881200191618695e-04
9.671416109334108890e-01 3.193433142566292726e-04
9.674323931375399255e-01 3.222571126271789061e-04
9.677231753416690729e-01 3.220928315309238210e-04
9.680139575457982204e-01 3.190331259602758804e-04
9.683047397499272568e-01 3.132771697385687841e-04
9.685955219540564043e-01 3.050378473721155367e-04
9.688863041581854407e-01 2.945389807944543922e-04
9.691770863623145882e-01 2.820126170016489333e-04
9.694678685664437356e-01 2.676964003062110779e-04
9.697586507705727721e-01 2.518310430778395760e-04
9.700494329747019195e-01 2.346579086543303669e-04
9.703402151788310670e-01 2.164167215454096123e-04
9.706309973829601034e-01 1.973434170151624979e-04
9.709217795870892509e-01 1.776681348144675530e-04
9.712125617912183984e-01 1.576133645438176282e-04
9.715033439953474348e-01 1.373922514227315808e-04
9.717941261994765823e-01 1.172070681154713300e-04
9.720849084036056187e-01 9.724785735760736629e-05
9.723756906077347661e-01 7.769124674777805166e-05
9.726664728118639136e-01 5.869943558446022631e-05
9.729572550159929500e-01 4.041937826739166686e-05
9.732480372201220975e-01 2.298217371893071441e-05
9.735388194242512450e-01 6.502656720065254712e-06
9.738296016283802814e-01 -8.920813721993806292e-06
9.741203838325094289e-01 -2.320637926176194712e-05
9.744111660366385763e-01 -3.628853364831892316e-05
9.747019482407676128e-01 -4.811781268200669194e-05
9.749927304448967602e-01 -5.866033224088727869e-05
9.752835126490257966e-01 -6.789718987340878848e-05
9.755742948531549441e-01 -7.582374836183395056e-05
9.758650770572840916e-01 -8.244881778934930790e-05
9.761558592614131280e-01 -8.779375119865492059e-05
9.764466414655422755e-01 -9.189146849932125201e-05
9.767374236696714229e-01 -9.478542505363574296e-05
9.770282058738004594e-01 -9.652853812935312521e-05
9.773189880779296068e-01 -9.718208244224423985e-05
9.776097702820587543e-01 -9.681456493063532399e-05
9.779005524861877907e-01 -9.550059123430297461e-05
9.781913346903169382e-01 -9.331973643604251083e-05
9.784821168944459746e-01 -9.035543046036914345e-05
9.787728990985751221e-01 -8.669386774418148703e-05
9.790636813027042695e-01 -8.242295094471684233e-05
9.793544635068333060e-01 -7.763128170035729799e-05
9.796452457109624534e-01 -7.240720330354279654e-05
9.799360279150916009e-01 -6.683789108274065967e-05
9.802268101192206373e-01 -6.100849453922462402e-05
9.805175923233497848e-01 -5.500133841526117060e-05
9.808083745274789322e-01 -4.889518874548643578e-05
9.810991567316079687e-01 -4.276458376824186184e-05
9.813899389357371161e-01 -3.667923207678382158e-05
9.816807211398662636e-01 -3.070348990836065843e-05
9.819715033439953000e-01 -2.489592585495469245e-05
9.822622855481244475e-01 -1.930897693253804537e-05
9.825530677522534839e-01 -1.398869322094357011e-05
9.828438499563826314e-01 -8.974574144526332539e-06
9.831346321605117788e-01 -4.299502396640150115e-06
9.834254143646408153e-01 1.022555401755220530e-08
9.837161965687699627e-01 3.934776776191397720e-06
9.840069787728991102e-01 7.460573734586621979e-06
9.842977609770281466e-01 1.058000953044942804e-05
9.845885431811572941e-01 1.329109942218588087e-05
9.848793253852864416e-01 1.559708366114896181e-05
9.851701075894154780e-01 1.750599084950728033e-05
9.854608897935446254e-01 1.903016626424243094e-05
9.857516719976736619e-01 2.018577517287884249e-05
9.860424542018028093e-01 2.099229584078529177e-05
9.863332364059319568e-01 2.147201009362627633e-05
9.866240186100609932e-01 2.164949714938512780e-05
9.869148008141901407e-01 2.155113573743253202e-05
9.872055830183192882e-01 2.120461860850057442e-05
9.874963652224483246e-01 2.063848552034573412e-05
9.877871474265774721e-01 1.988168104769942826e-05
9.880779296307066195e-01 1.896314029242048729e-05
9.883687118348356559e-01 1.791140465149463270e-05
9.886594940389648034e-01 1.675426954167992964e-05
9.889502762430938398e-01 1.551846581751603252e-05
9.892410584472229873e-01 1.422937595502392339e-05
9.895318406513521348e-01 1.291078410680126761e-05
9.898226228554811712e-01 1.158466271168782481e-05
9.901134050596103187e-01 1.027099979059533444e-05
9.904041872637394661e-01 8.987667328253209071e-06
9.906949694678685026e-01 7.750329789050933467e-06
9.909857516719976500e-01 6.572391784476680296e-06
9.912765338761267975e-01 5.464983518873203632e-06
9.915673160802558339e-01 4.436982002902933495e-06
9.918580982843849814e-01 3.495065544991649163e-06
9.921488804885140178e-01 2.643798622839168115e-06
9.924396626926431653e-01 1.885743796608463208e-06
9.927304448967723127e-01 1.221597244099550553e-06
9.930212271009013492e-01 6.503446451714556685e-07
9.933120093050304966e-01 1.694338301951296292e-07
9.936027915091596441e-01 -2.250395373724739209e-07
9.938935737132886805e-01 -5.381369928182775756e-07
9.941843559174178280e-01 -7.758767121113248726e-07
9.944751381215469754e-01 -9.450309185905156704e-07
9.947659203256760119e-01 -1.052924628553174865e-06
9.950567025298051593e-01 -1.107239008428403651e-06
9.953474847339343068e-01 -1.115822775599712776e-06
9.956382669380633432e-01 -1.086514737269846152e-06
9.959290491421924907e-01 -1.026980459423563510e-06
9.962198313463215271e-01 -9.445655975261567065e-07
9.965106135504506746e-01 -8.461675413535184514e-07
9.968013957545798220e-01 -7.381264638646494725e-07
9.970921779587088585e-01 -6.261364120487284041e-07
9.973829601628380059e-01 -5.151768456514558207e-07
9.976737423669671534e-01 -4.094643975671352282e-07
9.979645245710961898e-01 -3.124240727572895306e-07
9.982553067752253373e-01 -2.266788664323764429e-07
9.985460889793544847e-01 -1.540564670874232100e-07
9.988368711834835212e-01 -9.561151153669513247e-08
9.991276533876126686e-01 -5.166178260790407785e-08
9.994184355917417051e-01 -2.183668630486833164e-08
9.997092177958708525e-01 -5.136378967386621457e-09
1.000000000000000000e+00 -0.000000000000000000e+00
