2.500610351562500000e-01 2.040725485791642092e-07
2.501220703125000000e-01 -5.446548523349480089e-06
2.501831054687500000e-01 -2.327553899043143575e-05
2.502441406250000000e-01 -5.364225761915392051e-05
2.503051757812500000e-01 -9.674140456379572714e-05
2.503662109375000000e-01 -1.525645502549788683e-04
2.504272460937500000e-01 -2.208779238297669373e-04
2.504882812500000000e-01 -3.012242327752410868e-04
2.505493164062500000e-01 -3.929519414629728470e-04
2.506103515625000000e-01 -4.952695901091286670e-04
2.506713867187500000e-01 -6.073166574936777725e-04
2.507324218750000000e-01 -7.282378187383035679e-04
2.507934570312500000e-01 -8.572455792911671960e-04
2.508544921875000000e-01 -9.936578283693089150e-04
2.509155273437500000e-01 -1.136901907250758084e-03
2.509765625000000000e-01 -1.286484657883791780e-03
2.510375976562500000e-01 -1.441936813865577578e-03
2.510986328125000000e-01 -1.602747602496658536e-03
2.511596679687500000e-01 -1.768309756812784994e-03
2.512207031250000000e-01 -1.937895467818077488e-03
2.512817382812500000e-01 -2.110679631724394437e-03
2.513427734375000000e-01 -2.285818132549575273e-03
2.514038085937500000e-01 -2.462577490122362916e-03
2.514648437500000000e-01 -2.640500711600877667e-03
2.515258789062500000e-01 -2.819584834723672540e-03
2.515869140625000000e-01 -3.000439948746248375e-03
2.516479492187500000e-01 -3.184398737706240455e-03
2.517089843750000000e-01 -3.373550252484228736e-03
2.517700195312500000e-01 -3.570680626456052519e-03
2.518310546875000000e-01 -3.779115452246813341e-03
2.518920898437500000e-01 -4.002472733795473143e-03
2.519531250000000000e-01 -4.244350083198215710e-03
2.520141601562500000e-01 -4.507981974391799332e-03
2.520751953125000000e-01 -4.795909669984391860e-03
2.521362304687500000e-01 -5.109707262831067465e-03
2.521972656250000000e-01 -5.449802598230398497e-03
2.522583007812500000e-01 -5.815421886003220749e-03
2.523193359375000000e-01 -6.204671954460886339e-03
2.523803710937500000e-01 -6.614755549430364860e-03
2.524414062500000000e-01 -7.042294185102947017e-03
2.525024414062500000e-01 -7.483711461052038223e-03
2.525634765625000000e-01 -7.935611548839878460e-03
2.526245117187500000e-01 -8.395079157088380234e-03
2.526855468750000000e-01 -8.859833400142569371e-03
2.527465820312500000e-01 -9.328188714072703155e-03
2.528076171875000000e-01 -9.798808386117446173e-03
2.528686523437500000e-01 -1.027027594593100425e-02
2.529296875000000000e-01 -1.074054914763051746e-02
2.529907226562500000e-01 -1.120639083349513412e-02
2.530517578125000000e-01 -1.166288395393494728e-02
2.531127929687500000e-01 -1.210313370935774298e-02
2.531738281250000000e-01 -1.251823920991965849e-02
2.532348632812500000e-01 -1.289757958319594743e-02
2.532958984375000000e-01 -1.322940842255607152e-02
2.533569335937500000e-01 -1.350169818443646905e-02
2.534179687500000000e-01 -1.370313568415206830e-02
2.534790039062500000e-01 -1.382414529797769756e-02
2.535400390625000000e-01 -1.385780787221936247e-02
2.536010742187500000e-01 -1.380055408239060435e-02
2.536621093750000000e-01 -1.365254224372385375e-02
2.537231445312500000e-01 -1.341767450338366384e-02
2.537841796875000000e-01 -1.310325153656595812e-02
2.538452148437500000e-01 -1.271931022616747814e-02
2.539062500000000000e-01 -1.227773092117396929e-02
2.539672851562500000e-01 -1.179123664753018927e-02
2.540283203125000000e-01 -1.127242816972500068e-02
2.540893554687500000e-01 -1.073299907459738731e-02
2.541503906250000000e-01 -1.018325046956578515e-02
2.542114257812500000e-01 -9.631977494631337525e-03
2.542724609375000000e-01 -9.086740031505427875e-03
2.543334960937500000e-01 -8.554471357064019968e-03
2.543945312500000000e-01 -8.042327443495643144e-03
2.544555664062500000e-01 -7.558636483285675889e-03
2.545166015625000000e-01 -7.113778520742920428e-03
2.545776367187500000e-01 -6.720818868022079492e-03
2.546386718750000000e-01 -6.395738217545091087e-03
2.546997070312500000e-01 -6.157141813788565704e-03
2.547607421875000000e-01 -6.025391661909278856e-03
2.548217773437500000e-01 -6.021194459538322871e-03
2.548828125000000000e-01 -6.163780022924004488e-03
2.549438476562500000e-01 -6.468889882637256922e-03
2.550048828125000000e-01 -6.946843294806276034e-03
2.550659179687500000e-01 -7.600956628324767941e-03
2.551269531250000000e-01 -8.426560993004549721e-03
2.551879882812500000e-01 -9.410786013756881896e-03
2.552490234375000000e-01 -1.053316107519655306e-02
2.553100585937500000e-01 -1.176695590006682918e-02
2.553710937500000000e-01 -1.308106958770864636e-02
2.554321289062500000e-01 -1.444219711670915313e-02
2.554931640625000000e-01 -1.581696351780199211e-02
2.555541992187500000e-01 -1.717372795945129940e-02
2.556152343750000000e-01 -1.848382220982820734e-02
2.556762695312500000e-01 -1.972208168603748271e-02
2.557373046875000000e-01 -2.086663160568320505e-02
2.557983398437500000e-01 -2.189799722232755458e-02
2.558593750000000000e-01 -2.279770926677909121e-02
2.559204101562500000e-01 -2.354665693497252910e-02
2.559814453125000000e-01 -2.412348578453930859e-02
2.560424804687500000e-01 -2.450334349089678884e-02
2.561035156250000000e-01 -2.465724168697127835e-02
2.561645507812500000e-01 -2.455222309401667788e-02
2.562255859375000000e-01 -2.415240737442653912e-02
2.562866210937500000e-01 -2.342086263233972634e-02
2.563476562500000000e-01 -2.232213675682239926e-02
2.564086914062500000e-01 -2.082519112576876677e-02
2.564697265625000000e-01 -1.890641144970741164e-02
2.565307617187500000e-01 -1.655233480259023573e-02
2.565917968750000000e-01 -1.376173127343269936e-02
2.566528320312500000e-01 -1.054671490546073287e-02
2.567138671875000000e-01 -6.932648285519656117e-03
2.567749023437500000e-01 -2.956764316763399111e-03
2.568359375000000000e-01 1.334364246641548540e-03
2.568969726562500000e-01 5.888178137954708409e-03
2.569580078125000000e-01 1.064983534438159428e-02
2.570190429687500000e-01 1.556572548767932301e-02
2.570800781250000000e-01 2.058627440226751953e-02
2.571411132812500000e-01 2.566763068854232416e-02
2.572021484375000000e-01 3.077201088577869934e-02
2.572631835937500000e-01 3.586669352177562775e-02
2.573242187500000000e-01 4.092186231800952478e-02
2.573852539062500000e-01 4.590769390494484070e-02
2.574462890625000000e-01 5.079123864647434872e-02
2.575073242187500000e-01 5.553370143573536921e-02
2.575683593750000000e-01 6.008866318451698552e-02
2.576293945312500000e-01 6.440162044982990219e-02
2.576904296875000000e-01 6.841100942141452312e-02
2.577514648437500000e-01 7.205065562002906099e-02
2.578125000000000000e-01 7.525338281667057205e-02
2.578735351562500000e-01 7.795536016155013570e-02
2.579345703125000000e-01 8.010068200129463745e-02
2.579956054687500000e-01 8.164564983410291243e-02
2.580566406250000000e-01 8.256225203991761352e-02
2.581176757812500000e-01 8.284041947996170774e-02
2.581787109375000000e-01 8.248876992968184885e-02
2.582397460937500000e-01 8.153372308039327776e-02
2.583007812500000000e-01 8.001705893981363171e-02
2.583618164062500000e-01 7.799220201515222328e-02
2.584228515625000000e-01 7.551971307075769357e-02
2.584838867187500000e-01 7.266260182103544130e-02
2.585449218750000000e-01 6.948210111746647155e-02
2.586059570312500000e-01 6.603447863064458578e-02
2.586669921875000000e-01 6.236932821348839528e-02
2.587280273437500000e-01 5.852958232280325995e-02
2.587890625000000000e-01 5.455322994325276231e-02
2.588500976562500000e-01 5.047645173085622133e-02
2.589111328125000000e-01 4.633763767925444532e-02
2.589721679687500000e-01 4.218156344603084945e-02
2.590332031250000000e-01 3.806291316385591872e-02
2.590942382812500000e-01 3.404839460491768804e-02
2.591552734375000000e-01 3.021689636429258224e-02
2.592163085937500000e-01 2.665743815189179633e-02
2.592773437500000000e-01 2.346501323450841253e-02
2.593383789062500000e-01 2.073477314911935376e-02
2.593994140625000000e-01 1.855529692192648544e-02
2.594604492187500000e-01 1.700185029030801265e-02
2.595214843750000000e-01 1.613054952442082024e-02
2.595825195312500000e-01 1.597422399530321058e-02
2.596435546875000000e-01 1.654054306938165797e-02
2.597045898437500000e-01 1.781264577318700248e-02
2.597656250000000000e-01 1.975213733671248029e-02
2.598266601562500000e-01 2.230399028085978952e-02
2.598876953125000000e-01 2.540266951003940232e-02
2.599487304687500000e-01 2.897868372927199510e-02
2.600097656250000000e-01 3.296473531894093811e-02
2.600708007812500000e-01 3.730071013389064938e-02
2.601318359375000000e-01 4.193691530151640035e-02
2.601928710937500000e-01 4.683520330630436268e-02
2.602539062500000000e-01 5.196788658172505487e-02
2.603149414062500000e-01 5.731463820284559557e-02
2.603759765625000000e-01 6.285786519404382156e-02
2.604370117187500000e-01 6.857727657520137909e-02
2.604980468750000000e-01 7.444450213041528541e-02
2.605590820312500000e-01 8.041864083524738471e-02
2.606201171875000000e-01 8.644353401024264250e-02
2.606811523437500000e-01 9.244736519166860123e-02
2.607421875000000000e-01 9.834489940053922630e-02
2.608032226562500000e-01 1.040423220419059297e-01
2.608642578125000000e-01 1.094442479855306516e-01
2.609252929687500000e-01 1.144620746128641176e-01
2.609863281250000000e-01 1.190225305834795161e-01
2.610473632812500000e-01 1.230751395685519417e-01
2.611083984375000000e-01 1.265974315785119986e-01
2.611694335937500000e-01 1.295970575699990912e-01
2.612304687500000000e-01 1.321104287060141103e-01
2.612915039062500000e-01 1.341980467944131061e-01
2.613525390625000000e-01 1.359372198667186116e-01
2.614135742187500000e-01 1.374132445215167919e-01
2.614746093750000000e-01 1.387103239262657550e-01
2.615356445312500000e-01 1.399034968264230572e-01
2.615966796875000000e-01 1.410526983512974397e-01
2.616577148437500000e-01 1.421997501681977749e-01
2.617187500000000000e-01 1.433686132599703844e-01
2.617797851562500000e-01 1.445687202719354580e-01
2.618408203125000000e-01 1.458007330860119077e-01
2.619018554687500000e-01 1.470637143941902203e-01
2.619628906250000000e-01 1.483625195091596294e-01
2.620239257812500000e-01 1.497142428343276321e-01
2.620849609375000000e-01 1.511527519261539054e-01
2.621459960937500000e-01 1.527306188566492362e-01
2.622070312500000000e-01 1.545180634756942450e-01
2.622680664062500000e-01 1.565988664364186267e-01
2.623291015625000000e-01 1.590635917626036233e-01
2.623901367187500000e-01 1.620008335441920078e-01
2.624511718750000000e-01 1.654875156766318911e-01
2.625122070312500000e-01 1.695794873970620786e-01
2.625732421875000000e-01 1.743037168514882940e-01
2.626342773437500000e-01 1.796532395040544572e-01
2.626953125000000000e-01 1.855856795515616331e-01
2.627563476562500000e-01 1.920256976568002760e-01
2.628173828125000000e-01 1.988711923869283527e-01
2.628784179687500000e-01 2.060025480692085909e-01
2.629394531250000000e-01 2.132937481131461366e-01
2.630004882812500000e-01 2.206238441271284045e-01
2.630615234375000000e-01 2.278871471874878152e-01
2.631225585937500000e-01 2.350006214879284128e-01
2.631835937500000000e-01 2.419073397342493270e-01
2.632446289062500000e-01 2.485754864662870767e-01
2.633056640625000000e-01 2.549931490833106662e-01
2.633666992187500000e-01 2.611598375795435856e-01
2.634277343750000000e-01 2.670761973492016272e-01
2.634887695312500000e-01 2.727336716836384900e-01
2.635498046875000000e-01 2.781058792517193123e-01
2.636108398437500000e-01 2.831431590446228386e-01
2.636718750000000000e-01 2.877711768361819744e-01
2.637329101562500000e-01 2.918938475151506839e-01
2.637939453125000000e-01 2.954002101639065514e-01
2.638549804687500000e-01 2.981743166431706782e-01
2.639160156250000000e-01 3.001067271898022470e-01
2.639770507812500000e-01 3.011059865240073297e-01
2.640380859375000000e-01 3.011085369648008880e-01
2.640991210937500000e-01 3.000858195682634677e-01
2.641601562500000000e-01 2.980477055628162342e-01
2.642211914062500000e-01 2.950418453175894240e-01
2.642822265625000000e-01 2.911490035864070514e-01
2.643432617187500000e-01 2.864749237045297603e-01
2.644042968750000000e-01 2.811396883772536714e-01
2.644653320312500000e-01 2.752659002933567356e-01
2.645263671875000000e-01 2.689672382559086805e-01
2.645874023437500000e-01 2.623389663966025909e-01
2.646484375000000000e-01 2.554517598495937847e-01
2.647094726562500000e-01 2.483498120322215619e-01
2.647705078125000000e-01 2.410536463079134550e-01
2.648315429687500000e-01 2.335673910548395904e-01
2.648925781250000000e-01 2.258895830340402200e-01
2.649536132812500000e-01 2.180259822813744308e-01
2.650146484375000000e-01 2.100024966349796351e-01
2.650756835937500000e-01 2.018761583078292898e-01
2.651367187500000000e-01 1.937422475032135050e-01
2.651977539062500000e-01 1.857361892228457101e-01
2.652587890625000000e-01 1.780296758111536981e-01
2.653198242187500000e-01 1.708213853010009664e-01
2.653808593750000000e-01 1.643235097929355293e-01
2.654418945312500000e-01 1.587459847580962036e-01
2.655029296875000000e-01 1.542806992056489357e-01
2.655639648437500000e-01 1.510879386408919556e-01
2.656250000000000000e-01 1.492868818680956333e-01
2.656860351562500000e-01 1.489513056934478608e-01
2.657470703125000000e-01 1.501108866093928684e-01
2.658081054687500000e-01 1.527576781945112205e-01
2.658691406250000000e-01 1.568565786213807489e-01
2.659301757812500000e-01 1.623580359140810725e-01
2.659912109375000000e-01 1.692109610631091776e-01
2.660522460937500000e-01 1.773738393360604071e-01
2.661132812500000000e-01 1.868223547560948217e-01
2.661743164062500000e-01 1.975524460350642775e-01
2.662353515625000000e-01 2.095784403713334965e-01
2.662963867187500000e-01 2.229265632052883639e-01
2.663574218750000000e-01 2.376246326574834589e-01
2.664184570312500000e-01 2.536891868891661961e-01
2.664794921875000000e-01 2.711116827341820690e-01
2.665405273437500000e-01 2.898456416972581828e-01
2.666015625000000000e-01 3.097966024119227502e-01
2.666625976562500000e-01 3.308164577393591377e-01
2.667236328125000000e-01 3.527032371759138973e-01
2.667846679687500000e-01 3.752066790493855386e-01
2.668457031250000000e-01 3.980391240778090589e-01
2.669067382812500000e-01 4.208904961810662759e-01
2.669677734375000000e-01 4.434455234922908828e-01
2.670288085937500000e-01 4.654009614639666448e-01
2.670898437500000000e-01 4.864804908795295479e-01
2.671508789062500000e-01 5.064452349116178587e-01
2.672119140625000000e-01 5.250984448492839185e-01
2.672729492187500000e-01 5.422837577821743027e-01
2.673339843750000000e-01 5.578774374380655043e-01
2.673950195312500000e-01 5.717760384948320507e-01
2.674560546875000000e-01 5.838817704062011504e-01
2.675170898437500000e-01 5.940882579756383564e-01
2.675781250000000000e-01 6.022693186511233199e-01
2.676391601562500000e-01 6.082728759649695949e-01
2.677001953125000000e-01 6.119213152593165894e-01
2.677612304687500000e-01 6.130185581990201804e-01
2.678222656250000000e-01 6.113630528033930922e-01
2.678833007812500000e-01 6.067649719605904268e-01
2.679443359375000000e-01 5.990653214074934674e-01
2.680053710937500000e-01 5.881543887672699977e-01
2.680664062500000000e-01 5.739870416055325997e-01
2.681274414062500000e-01 5.565928656075784797e-01
2.681884765625000000e-01 5.360799567991045844e-01
2.682495117187500000e-01 5.126321063806423828e-01
2.683105468750000000e-01 4.864999283404436992e-01
2.683715820312500000e-01 4.579871140652077566e-01
2.684326171875000000e-01 4.274334624129343396e-01
2.684936523437500000e-01 3.951966252398331769e-01
2.685546875000000000e-01 3.616346273941045131e-01
2.686157226562500000e-01 3.270911689616091689e-01
2.686767578125000000e-01 2.918854500359495119e-01
2.687377929687500000e-01 2.563077080342378022e-01
2.687988281250000000e-01 2.206208557047843744e-01
2.688598632812500000e-01 1.850676983627501104e-01
2.689208984375000000e-01 1.498823369456286636e-01
2.689819335937500000e-01 1.153036448213231591e-01
2.690429687500000000e-01 8.158827916397401459e-02
2.691040039062500000e-01 4.902066578528793683e-02
2.691650390625000000e-01 1.791776986902635094e-02
2.692260742187500000e-01 -1.137285361389617222e-02
2.692871093750000000e-01 -3.848229385345744435e-02
2.693481445312500000e-01 -6.303620967029338606e-02
2.694091796875000000e-01 -8.467566735201817463e-02
2.694702148437500000e-01 -1.030801862011250514e-01
2.695312500000000000e-01 -1.179898270022516904e-01
2.695922851562500000e-01 -1.292232256258739054e-01
2.696533203125000000e-01 -1.366890774315069335e-01
2.697143554687500000e-01 -1.403896475158194213e-01
2.697753906250000000e-01 -1.404161639581581467e-01
2.698364257812500000e-01 -1.369371181430979467e-01
2.698974609375000000e-01 -1.301813754402972589e-01
2.699584960937500000e-01 -1.204185800625452718e-01
2.700195312500000000e-01 -1.079395846495666000e-01
2.700805664062500000e-01 -9.303946413235036905e-02
2.701416015625000000e-01 -7.600512123424915667e-02
2.702026367187500000e-01 -5.710872711398842783e-02
2.702636718750000000e-01 -3.660737953305676085e-02
2.703247070312500000e-01 -1.474844017924484274e-02
2.703857421875000000e-01 8.220831537148809431e-03
2.704467773437500000e-01 3.204128181200244230e-02
2.705078125000000000e-01 5.642963557344773950e-02
2.705688476562500000e-01 8.106815666632007089e-02
2.706298828125000000e-01 1.055981688162203336e-01
2.706909179687500000e-01 1.296190673480646371e-01
2.707519531250000000e-01 1.526938432939749513e-01
2.708129882812500000e-01 1.743613152407608724e-01
2.708740234375000000e-01 1.941543150814057928e-01
2.709350585937500000e-01 2.116221229535967807e-01
2.709960937500000000e-01 2.263546692421624651e-01
2.710571289062500000e-01 2.380055916260169491e-01
2.711181640625000000e-01 2.463112330009677997e-01
2.711791992187500000e-01 2.511030822141183672e-01
2.712402343750000000e-01 2.523119623401771650e-01
2.713012695312500000e-01 2.499633946500321446e-01
2.713623046875000000e-01 2.441648457524482341e-01
2.714233398437500000e-01 2.350867759255394485e-01
2.714843750000000000e-01 2.229403663096460597e-01
2.715454101562500000e-01 2.079553616024505946e-01
2.716064453125000000e-01 1.903614426028319428e-01
2.716674804687500000e-01 1.703758415823962702e-01
2.717285156250000000e-01 1.481986986154850694e-01
2.717895507812500000e-01 1.240162669504214221e-01
2.718505859375000000e-01 9.801076816174583706e-02
2.719116210937500000e-01 7.037462716942241570e-02
2.719726562500000000e-01 4.132616996786174501e-02
2.720336914062500000e-01 1.112379720892216206e-02
2.720947265625000000e-01 -1.992392295855263326e-02
2.721557617187500000e-01 -5.145411850191386471e-02
2.722167968750000000e-01 -8.305251891647882911e-02
2.722778320312500000e-01 -1.142635760248506688e-01
2.723388671875000000e-01 -1.446069947403306744e-01
2.723999023437500000e-01 -1.735990008048561573e-01
2.724609375000000000e-01 -2.007760588251741307e-01
2.725219726562500000e-01 -2.257184435012164758e-01
2.725830078125000000e-01 -2.480710988329080657e-01
2.726440429687500000e-01 -2.675595978382320772e-01
2.727050781250000000e-01 -2.839996121664103423e-01
2.727661132812500000e-01 -2.972989655079365523e-01
2.728271484375000000e-01 -3.074520782584180267e-01
2.728881835937500000e-01 -3.145274784651436728e-01
2.729492187500000000e-01 -3.186499872071275608e-01
2.730102539062500000e-01 -3.199800054896504431e-01
2.730712890625000000e-01 -3.186928713984461536e-01
2.731323242187500000e-01 -3.149613855859915157e-01
2.731933593750000000e-01 -3.089441923934003187e-01
2.732543945312500000e-01 -3.007817431074520376e-01
2.733154296875000000e-01 -2.906002719932064826e-01
2.733764648437500000e-01 -2.785228859636428855e-01
2.734375000000000000e-01 -2.646856841931995441e-01
2.734985351562500000e-01 -2.492559010716414725e-01
2.735595703125000000e-01 -2.324486076579183047e-01
2.736206054687500000e-01 -2.145386788688584123e-01
2.736816406250000000e-01 -1.958654551061524973e-01
2.737426757812500000e-01 -1.768285813552895880e-01
2.738037109375000000e-01 -1.578747882942043990e-01
2.738647460937500000e-01 -1.394768194206519596e-01
2.739257812500000000e-01 -1.221070432906225245e-01
2.739868164062500000e-01 -1.062091559154236531e-01
2.740478515625000000e-01 -9.217160378121752595e-02
2.741088867187500000e-01 -8.030600858748303261e-02
2.741699218750000000e-01 -7.083305849644742913e-02
2.742309570312500000e-01 -6.387715540833396877e-02
2.742919921875000000e-01 -5.946981784000839044e-02
2.743530273437500000e-01 -5.756074911570921437e-02
2.744140625000000000e-01 -5.803471709269258927e-02
2.744750976562500000e-01 -6.073187639888591449e-02
2.745361328125000000e-01 -6.546885534409846441e-02
2.745971679687500000e-01 -7.205790553992322267e-02
2.746582031250000000e-01 -8.032172067888435074e-02
2.747192382812500000e-01 -9.010211912215793095e-02
2.747802734375000000e-01 -1.012615926750156103e-01
2.748413085937500000e-01 -1.136777014799811164e-01
2.749023437500000000e-01 -1.272313347087298818e-01
2.749633789062500000e-01 -1.417908205985341230e-01
2.750244140625000000e-01 -1.571946308049546048e-01
2.750854492187500000e-01 -1.732358252734790272e-01
2.751464843750000000e-01 -1.896512622127642933e-01
2.752075195312500000e-01 -2.061179309839110685e-01
2.752685546875000000e-01 -2.222577295131552833e-01
2.753295898437500000e-01 -2.376508231232900836e-01
2.753906250000000000e-01 -2.518565068639379567e-01
2.754516601562500000e-01 -2.644393443592364390e-01
2.755126953125000000e-01 -2.749974593414016288e-01
2.755737304687500000e-01 -2.831893959225267876e-01
2.756347656250000000e-01 -2.887560052630635532e-01
2.756958007812500000e-01 -2.915343817552734085e-01
2.757568359375000000e-01 -2.914620132605814096e-01
2.758178710937500000e-01 -2.885709237545469041e-01
2.758789062500000000e-01 -2.829732534645384989e-01
2.759399414062500000e-01 -2.748409663577154882e-01
2.760009765625000000e-01 -2.643830212393147860e-01
2.760620117187500000e-01 -2.518234524093365678e-01
2.761230468750000000e-01 -2.373834301117252465e-01
2.761840820312500000e-01 -2.212695547641305160e-01
2.762451171875000000e-01 -2.036695574466795833e-01
2.763061523437500000e-01 -1.847533364830711844e-01
2.763671875000000000e-01 -1.646891405999635072e-01
2.764282226562500000e-01 -1.436529726067808932e-01
2.764892578125000000e-01 -1.218416356039241366e-01
2.765502929687500000e-01 -9.949167518767237928e-02
2.766113281250000000e-01 -7.689116244177540693e-02
2.766723632812500000e-01 -5.438558832641998686e-02
2.767333984375000000e-01 -3.237636983793351630e-02
2.767944335937500000e-01 -1.131146584205511285e-02
2.768554687500000000e-01 8.331329701306566804e-03
2.769165039062500000e-01 2.606693186896791303e-02
2.769775390625000000e-01 4.142917110612032161e-02
2.770385742187500000e-01 5.399796663035882904e-02
2.770996093750000000e-01 6.342444655145934584e-02
2.771606445312500000e-01 6.945100416417698819e-02
2.772216796875000000e-01 7.192371766117683363e-02
2.772827148437500000e-01 7.079541493059454682e-02
2.773437500000000000e-01 6.611888939545751409e-02
2.774047851562500000e-01 5.803123381591174246e-02
2.774658203125000000e-01 4.673163954024578404e-02
2.775268554687500000e-01 3.245596559197466702e-02
2.775878906250000000e-01 1.545178316194578683e-02
2.776489257812500000e-01 -4.042529355005541891e-03
2.777099609375000000e-01 -2.581171875705423613e-02
2.777709960937500000e-01 -4.966883101834212999e-02
2.778320312500000000e-01 -7.545126426032455758e-02
2.778930664062500000e-01 -1.030087720676379215e-01
2.779541015625000000e-01 -1.321857449349222446e-01
2.780151367187500000e-01 -1.628010465913147797e-01
2.780761718750000000e-01 -1.946291297998204994e-01
2.781372070312500000e-01 -2.273859445922811195e-01
2.781982421875000000e-01 -2.607223426216518369e-01
2.782592773437500000e-01 -2.942264959966726101e-01
2.783203125000000000e-01 -3.274354813839604472e-01
2.783813476562500000e-01 -3.598547926887099013e-01
2.784423828125000000e-01 -3.909833753270035572e-01
2.785034179687500000e-01 -4.203410732353283219e-01
2.785644531250000000e-01 -4.474952348764497101e-01
2.786254882812500000e-01 -4.720835386404260703e-01
2.786865234375000000e-01 -4.938307217419508621e-01
2.787475585937500000e-01 -5.125577056922239194e-01
2.788085937500000000e-01 -5.281824851705014812e-01
2.788696289062500000e-01 -5.407129960665956192e-01
2.789306640625000000e-01 -5.502330042371905705e-01
2.789916992187500000e-01 -5.568828783132564464e-01
2.790527343750000000e-01 -5.608378305413603826e-01
2.791137695312500000e-01 -5.622866455268874519e-01
2.791748046875000000e-01 -5.614139315874990821e-01
2.792358398437500000e-01 -5.583884663163855011e-01
2.792968750000000000e-01 -5.533592640996882750e-01
2.793579101562500000e-01 -5.464596905057248488e-01
2.794189453125000000e-01 -5.378185830403126033e-01
2.794799804687500000e-01 -5.275762148095091142e-01
2.795410156250000000e-01 -5.159021809893243882e-01
2.796020507812500000e-01 -5.030119084444628630e-01
2.796630859375000000e-01 -4.891785452838656179e-01
2.797241210937500000e-01 -4.747375573120419245e-01
2.797851562500000000e-01 -4.600823996860531895e-01
2.798461914062500000e-01 -4.456509760035120560e-01
2.799072265625000000e-01 -4.319040582296624908e-01
2.799682617187500000e-01 -4.192982151358974896e-01
2.800292968750000000e-01 -4.082567917645749667e-01
2.800903320312500000e-01 -3.991428306103766421e-01
2.801513671875000000e-01 -3.922374749381196124e-01
2.802124023437500000e-01 -3.877264906251281507e-01
2.802734375000000000e-01 -3.856962756066184550e-01
2.803344726562500000e-01 -3.861393060416805634e-01
2.803955078125000000e-01 -3.889676747899049603e-01
2.804565429687500000e-01 -3.940324447221313919e-01
2.805175781250000000e-01 -4.011459985725602806e-01
2.805786132812500000e-01 -4.101043436989666446e-01
2.806396484375000000e-01 -4.207064339998995983e-01
2.807006835937500000e-01 -4.327680649725499373e-01
2.807617187500000000e-01 -4.461287465491218795e-01
2.808227539062500000e-01 -4.606510117381030223e-01
2.808837890625000000e-01 -4.762127081460579836e-01
2.809448242187500000e-01 -4.926938001928570787e-01
2.810058593750000000e-01 -5.099599497059577047e-01
2.810668945312500000e-01 -5.278455599338512938e-01
2.811279296875000000e-01 -5.461390696873126283e-01
2.811889648437500000e-01 -5.645730949446028379e-01
2.812500000000000000e-01 -5.828215071293216809e-01
2.813110351562500000e-01 -6.005047013567197389e-01
2.813720703125000000e-01 -6.172032474761574017e-01
2.814331054687500000e-01 -6.324789729043172049e-01
2.814941406250000000e-01 -6.459013827727025925e-01
2.815551757812500000e-01 -6.570763141983785305e-01
2.816162109375000000e-01 -6.656731225301311117e-01
2.816772460937500000e-01 -6.714467464370923455e-01
2.817382812500000000e-01 -6.742516968648945008e-01
2.817993164062500000e-01 -6.740461845040053301e-01
2.818603515625000000e-01 -6.708860545502581818e-01
2.819213867187500000e-01 -6.649097412639289884e-01
2.819824218750000000e-01 -6.563168009659243740e-01
2.820434570312500000e-01 -6.453434499869612484e-01
2.821044921875000000e-01 -6.322388123259183867e-01
2.821655273437500000e-01 -6.172452954252225510e-01
2.822265625000000000e-01 -6.005857214421412849e-01
2.822875976562500000e-01 -5.824586623388432471e-01
2.823486328125000000e-01 -5.630420792925093787e-01
2.824096679687500000e-01 -5.425040871823572086e-01
2.824707031250000000e-01 -5.210185873281558688e-01
2.825317382812500000e-01 -4.987827322951330911e-01
2.825927734375000000e-01 -4.760328851648275017e-01
2.826538085937500000e-01 -4.530560500552960335e-01
2.827148437500000000e-01 -4.301945779421001981e-01
2.827758789062500000e-01 -4.078430302896690618e-01
2.828369140625000000e-01 -3.864372118474234674e-01
2.828979492187500000e-01 -3.664364352738925801e-01
2.829589843750000000e-01 -3.483008912242021027e-01
2.830200195312500000e-01 -3.324664574202643719e-01
2.830810546875000000e-01 -3.193194777272455598e-01
2.831420898437500000e-01 -3.091741259391543317e-01
2.832031250000000000e-01 -3.022549018832054180e-01
2.832641601562500000e-01 -2.986864072882301491e-01
2.833251953125000000e-01 -2.984917319953503956e-01
2.833862304687500000e-01 -3.015996652997565697e-01
2.834472656250000000e-01 -3.078597315218054020e-01
2.835083007812500000e-01 -3.170629112757296642e-01
2.835693359375000000e-01 -3.289650408925993696e-01
2.836303710937500000e-01 -3.433094752775092129e-01
2.836914062500000000e-01 -3.598457539868439858e-01
2.837524414062500000e-01 -3.783416963834194124e-01
2.838134765625000000e-01 -3.985874388644963795e-01
2.838745117187500000e-01 -4.203912205089802012e-01
2.839355468750000000e-01 -4.435680098149766826e-01
2.839965820312500000e-01 -4.679231785871593718e-01
2.840576171875000000e-01 -4.932342767802392336e-01
2.841186523437500000e-01 -5.192344354736434520e-01
2.841796875000000000e-01 -5.456008382588862782e-01
2.842407226562500000e-01 -5.719509431482083794e-01
2.843017578125000000e-01 -5.978478534072535489e-01
2.843627929687500000e-01 -6.228147477899015350e-01
2.844238281250000000e-01 -6.463568514441029311e-01
2.844848632812500000e-01 -6.679882370755172438e-01
2.845458984375000000e-01 -6.872600235267196656e-01
2.846069335937500000e-01 -7.037864701418123925e-01
2.846679687500000000e-01 -7.172659597806646525e-01
2.847290039062500000e-01 -7.274946521711511682e-01
2.847900390625000000e-01 -7.343715035511267919e-01
2.848510742187500000e-01 -7.378943609320562924e-01
2.849121093750000000e-01 -7.381479042112017996e-01
2.849731445312500000e-01 -7.352851882280887486e-01
2.850341796875000000e-01 -7.295052840972100494e-01
2.850952148437500000e-01 -7.210299483685702615e-01
2.851562500000000000e-01 -7.100823010819810044e-01
2.852172851562500000e-01 -6.968701518295362662e-01
2.852783203125000000e-01 -6.815759463781423388e-01
2.853393554687500000e-01 -6.643544141241504164e-01
2.854003906250000000e-01 -6.453379334474587115e-01
2.854614257812500000e-01 -6.246484734411921202e-01
2.855224609375000000e-01 -6.024139045358348765e-01
2.855834960937500000e-01 -5.787857248465395621e-01
2.856445312500000000e-01 -5.539549480766920997e-01
2.857055664062500000e-01 -5.281630677735664747e-01
2.857666015625000000e-01 -5.017056525751073526e-01
2.858276367187500000e-01 -4.749271839981734633e-01
2.858886718750000000e-01 -4.482070610497725927e-01
2.859497070312500000e-01 -4.219380522862090643e-01
2.860107421875000000e-01 -3.964996914133551709e-01
2.860717773437500000e-01 -3.722300034365821353e-01
2.861328125000000000e-01 -3.493993144474946133e-01
2.861938476562500000e-01 -3.281896520748990853e-01
2.862548828125000000e-01 -3.086824793137616929e-01
2.863159179687500000e-01 -2.908563673104382907e-01
2.863769531250000000e-01 -2.745948340767316864e-01
2.864379882812500000e-01 -2.597031560882357981e-01
2.864990234375000000e-01 -2.459317617593276828e-01
2.865600585937500000e-01 -2.330030249781174234e-01
2.866210937500000000e-01 -2.206379330444057374e-01
2.866821289062500000e-01 -2.085792143731609039e-01
2.867431640625000000e-01 -1.966081239664457803e-01
2.868041992187500000e-01 -1.845531437444057898e-01
2.868652343750000000e-01 -1.722901192251475033e-01
2.869262695312500000e-01 -1.597345665069942189e-01
2.869873046875000000e-01 -1.468279270703940487e-01
2.870483398437500000e-01 -1.335203635940614975e-01
2.871093750000000000e-01 -1.197531484796031803e-01
2.871704101562500000e-01 -1.054436816545573363e-01
2.872314453125000000e-01 -9.047573333748787361e-02
2.872924804687500000e-01 -7.469678310081573347e-02
2.873535156250000000e-01 -5.792339490174314848e-02
2.874145507812500000e-01 -3.995446550914073802e-02
2.874755859375000000e-01 -2.059101782306136524e-02
2.875366210937500000e-01 3.398570044758561504e-04
2.875976562500000000e-01 2.296011542166820352e-02
2.876586914062500000e-01 4.731852014308389476e-02
2.877197265625000000e-01 7.337440560288958913e-02
2.877807617187500000e-01 1.009899924177713321e-01
2.878417968750000000e-01 1.299325766625685497e-01
2.879028320312500000e-01 1.598865442914203239e-01
2.879638671875000000e-01 1.904737858782306892e-01
2.880249023437500000e-01 2.212798965507497273e-01
2.880859375000000000e-01 2.518827784549130255e-01
2.881469726562500000e-01 2.818800467945765664e-01
2.882080078125000000e-01 3.109119203186306302e-01
2.882690429687500000e-01 3.386769600174421857e-01
2.883300781250000000e-01 3.649390695133457596e-01
2.883911132812500000e-01 3.895254938351974117e-01
2.884521484375000000e-01 4.123169136713982774e-01
2.885131835937500000e-01 4.332318714920432856e-01
2.885742187500000000e-01 4.522085385544633018e-01
2.886352539062500000e-01 4.691871527247563067e-01
2.886962890625000000e-01 4.840962335986361276e-01
2.887573242187500000e-01 4.968449325465246758e-01
2.888183593750000000e-01 5.073228195194187107e-01
2.888793945312500000e-01 5.154072945951944096e-01
2.889404296875000000e-01 5.209777420539231096e-01
2.890014648437500000e-01 5.239345535449063673e-01
2.890625000000000000e-01 5.242203594345220541e-01
2.891235351562500000e-01 5.218403952518851918e-01
2.891845703125000000e-01 5.168789644445582754e-01
2.892456054687500000e-01 5.095094043046802801e-01
2.893066406250000000e-01 4.999957642969978799e-01
2.893676757812500000e-01 4.886854792298788164e-01
2.894287109375000000e-01 4.759934929893336886e-01
2.894897460937500000e-01 4.623793743924955457e-01
2.895507812500000000e-01 4.483198695757231733e-01
2.896118164062500000e-01 4.342800028052519190e-01
2.896728515625000000e-01 4.206861476019367885e-01
2.897338867187500000e-01 4.079043102857510261e-01
2.897949218750000000e-01 3.962261898495846868e-01
2.898559570312500000e-01 3.858645088239330279e-01
2.899169921875000000e-01 3.769577975625086896e-01
2.899780273437500000e-01 3.695834432905689138e-01
2.900390625000000000e-01 3.637766146275993595e-01
2.901000976562500000e-01 3.595518436346304414e-01
2.901611328125000000e-01 3.569236956935764038e-01
2.902221679687500000e-01 3.559231397009561260e-01
2.902832031250000000e-01 3.566069721371781798e-01
2.903442382812500000e-01 3.590588258846035274e-01
2.904052734375000000e-01 3.633816306193713430e-01
2.904663085937500000e-01 3.696826513171130868e-01
2.905273437500000000e-01 3.780533380857244996e-01
2.905883789062500000e-01 3.885471039923376613e-01
2.906494140625000000e-01 4.011585910935701049e-01
2.907104492187500000e-01 4.158077872505977490e-01
2.907714843750000000e-01 4.323315771209796377e-01
2.908325195312500000e-01 4.504841926767651494e-01
2.908935546875000000e-01 4.699467642845526760e-01
2.909545898437500000e-01 4.903448947633907151e-01
2.910156250000000000e-01 5.112720778145728451e-01
2.910766601562500000e-01 5.323160577714556307e-01
2.911376953125000000e-01 5.530849301971915155e-01
2.911987304687500000e-01 5.732298599374119341e-01
2.912597656250000000e-01 5.924617440108962407e-01
2.913208007812500000e-01 6.105599770376735069e-01
2.913818359375000000e-01 6.273725761758197628e-01
2.914428710937500000e-01 6.428080998383204347e-01
2.915039062500000000e-01 6.568208733118363618e-01
2.915649414062500000e-01 6.693918854510318983e-01
2.916259765625000000e-01 6.805082583976715949e-01
2.916870117187500000e-01 6.901443688324009340e-01
2.917480468750000000e-01 6.982474937248122071e-01
2.918090820312500000e-01 7.047302505048333998e-01
2.918701171875000000e-01 7.094711188875216790e-01
2.919311523437500000e-01 7.123230979685231112e-01
2.919921875000000000e-01 7.131292939836541001e-01
2.920532226562500000e-01 7.117431569693022375e-01
2.921142578125000000e-01 7.080503148673056302e-01
2.921752929687500000e-01 7.019886078107941962e-01
2.922363281250000000e-01 6.935631358737723851e-01
2.922973632812500000e-01 6.828538999322357750e-01
2.923583984375000000e-01 6.700147267605522927e-01
2.924194335937500000e-01 6.552633927126967350e-01
2.924804687500000000e-01 6.388640878470497331e-01
2.925415039062500000e-01 6.211044979071258521e-01
2.926025390625000000e-01 6.022706195025419040e-01
2.926635742187500000e-01 5.826227577401035251e-01
2.927246093750000000e-01 5.623759453781261852e-01
2.927856445312500000e-01 5.416873615838655454e-01
2.928466796875000000e-01 5.206523176535173825e-01
2.929077148437500000e-01 4.993091416359745627e-01
2.929687500000000000e-01 4.776520383229465594e-01
2.930297851562500000e-01 4.556499270129490409e-01
2.930908203125000000e-01 4.332684693736919557e-01
2.931518554687500000e-01 4.104920595474991774e-01
2.932128906250000000e-01 3.873425654079581948e-01
2.932739257812500000e-01 3.638921311882877818e-01
2.933349609375000000e-01 3.402682683388813523e-01
2.933959960937500000e-01 3.166505979836796714e-01
2.934570312500000000e-01 2.932598031669071403e-01
2.935180664062500000e-01 2.703404260524041591e-01
2.935791015625000000e-01 2.481399386897981396e-01
2.936401367187500000e-01 2.268869516849975898e-01
2.937011718750000000e-01 2.067715305722654384e-01
2.937622070312500000e-01 1.879303994814826573e-01
2.938232421875000000e-01 1.704392789994969015e-01
2.938842773437500000e-01 1.543136728281140901e-01
2.939453125000000000e-01 1.395181607556291725e-01
2.940063476562500000e-01 1.259828892874436668e-01
2.940673828125000000e-01 1.136247432285688030e-01
2.941284179687500000e-01 1.023698867283602265e-01
2.941894531250000000e-01 9.217416547727391718e-02
2.942504882812500000e-01 8.303827687845544148e-02
2.943115234375000000e-01 7.501546468390657418e-02
2.943725585937500000e-01 6.821057678405967328e-02
2.944335937500000000e-01 6.277053555369527249e-02
2.944946289062500000e-01 5.886749137924479625e-02
2.945556640625000000e-01 5.667694937257339305e-02
2.946166992187500000e-01 5.635381281257273445e-02
2.946777343750000000e-01 5.800956510162119661e-02
2.947387695312500000e-01 6.169372885572699250e-02
2.947998046875000000e-01 6.738222128083098950e-02
2.948608398437500000e-01 7.497426387212063892e-02
2.949218750000000000e-01 8.429830044418190615e-02
2.949829101562500000e-01 9.512616162243053841e-02
2.950439453125000000e-01 1.071935916867965410e-01
2.951049804687500000e-01 1.202243159970466935e-01
2.951660156250000000e-01 1.339542618421710185e-01
2.952270507812500000e-01 1.481525277776366556e-01
2.952880859375000000e-01 1.626362298654218108e-01
2.953491210937500000e-01 1.772772957423379703e-01
2.954101562500000000e-01 1.920004734832828630e-01
2.954711914062500000e-01 2.067731178527536517e-01
2.955322265625000000e-01 2.215885142224433557e-01
2.955932617187500000e-01 2.364454079311352763e-01
2.956542968750000000e-01 2.513269124101083496e-01
2.957153320312500000e-01 2.661820291576866282e-01
2.957763671875000000e-01 2.809126124245006073e-01
2.958374023437500000e-01 2.953678123150335066e-01
2.958984375000000000e-01 3.093469917441272754e-01
2.959594726562500000e-01 3.226109747207672740e-01
2.960205078125000000e-01 3.349003149869457796e-01
2.960815429687500000e-01 3.459582065842662368e-01
2.961425781250000000e-01 3.555549115642174796e-01
2.962036132812500000e-01 3.635103066848222042e-01
2.962646484375000000e-01 3.697113716198405786e-01
2.963256835937500000e-01 3.741221320702730058e-01
2.963867187500000000e-01 3.767846811102198989e-01
2.964477539062500000e-01 3.778112511380021799e-01
2.965087890625000000e-01 3.773685874466384815e-01
2.965698242187500000e-01 3.756568520038671144e-01
2.966308593750000000e-01 3.728859476575229759e-01
2.966918945312500000e-01 3.692525240768211314e-01
2.967529296875000000e-01 3.649208790713485140e-01
2.968139648437500000e-01 3.600103792207978159e-01
2.968750000000000000e-01 3.545910109998399173e-01
2.969360351562500000e-01 3.486874827678796418e-01
2.969970703125000000e-01 3.422910803158505377e-01
2.970581054687500000e-01 3.353773479339465791e-01
2.971191406250000000e-01 3.279268053151104256e-01
2.971801757812500000e-01 3.199454694777039698e-01
2.972412109375000000e-01 3.114819566731442668e-01
2.973022460937500000e-01 3.026383744160884293e-01
2.973632812500000000e-01 2.935730818551036125e-01
2.974243164062500000e-01 2.844946250695711276e-01
2.974853515625000000e-01 2.756475236611718449e-01
2.975463867187500000e-01 2.672918348669466315e-01
2.976074218750000000e-01 2.596793574027893570e-01
2.976684570312500000e-01 2.530298203025039272e-01
2.977294921875000000e-01 2.475103394309255689e-01
2.977905273437500000e-01 2.432208496201461456e-01
2.978515625000000000e-01 2.401873176673388344e-01
2.979125976562500000e-01 2.383635120076642855e-01
2.979736328125000000e-01 2.376410433634415786e-01
2.980346679687500000e-01 2.378663377057066708e-01
2.980957031250000000e-01 2.388622593934612293e-01
2.981567382812500000e-01 2.404514211977031024e-01
2.982177734375000000e-01 2.424779184290278833e-01
2.982788085937500000e-01 2.448243911264071093e-01
2.983398437500000000e-01 2.474220181359730875e-01
2.984008789062500000e-01 2.502522077294213609e-01
2.984619140625000000e-01 2.533400821725116381e-01
2.985229492187500000e-01 2.567410416381729066e-01
2.985839843750000000e-01 2.605225992726702966e-01
2.986450195312500000e-01 2.647442792467289419e-01
2.987060546875000000e-01 2.694386003309235944e-01
2.987670898437500000e-01 2.745959783045487379e-01
2.988281250000000000e-01 2.801558386632374553e-01
2.988891601562500000e-01 2.860054367218177740e-01
2.989501953125000000e-01 2.919868576746380007e-01
2.990112304687500000e-01 2.979114666453421822e-01
2.990722656250000000e-01 3.035799118420120513e-01
2.991333007812500000e-01 3.088049145577522747e-01
2.991943359375000000e-01 3.134336313506925764e-01
2.992553710937500000e-01 3.173663576794098495e-01
2.993164062500000000e-01 3.205687792287073568e-01
2.993774414062500000e-01 3.230758571506896493e-01
2.994384765625000000e-01 3.249866234066366433e-01
2.994995117187500000e-01 3.264504651141673652e-01
2.995605468750000000e-01 3.276467270796131204e-01
2.996215820312500000e-01 3.287605004650868135e-01
2.996826171875000000e-01 3.299580838717890985e-01
2.997436523437500000e-01 3.313656237128121407e-01
2.998046875000000000e-01 3.330538788700807551e-01
2.998657226562500000e-01 3.350311008309967420e-01
2.999267578125000000e-01 3.372448553002583838e-01
2.999877929687500000e-01 3.395923592607589803e-01
3.000488281250000000e-01 3.419377267410657617e-01
3.001098632812500000e-01 3.441335748250700100e-01
3.001708984375000000e-01 3.460438394618556290e-01
3.002319335937500000e-01 3.475644604370565771e-01
3.002929687500000000e-01 3.486388927428144546e-01
3.003540039062500000e-01 3.492661675287537237e-01
3.004150390625000000e-01 3.495002988283185119e-01
3.004760742187500000e-01 3.494410553496405947e-01
3.005371093750000000e-01 3.492173901868501629e-01
3.005981445312500000e-01 3.489659494640884874e-01
3.006591796875000000e-01 3.488077863111284649e-01
3.007202148437500000e-01 3.488265821087376817e-01
3.007812500000000000e-01 3.490514371846111241e-01
3.008422851562500000e-01 3.494467301793557912e-01
3.009033203125000000e-01 3.499106205685174054e-01
3.009643554687500000e-01 3.502825260891778703e-01
3.010253906250000000e-01 3.503586052123784378e-01
3.010864257812500000e-01 3.499131833078586995e-01
3.011474609375000000e-01 3.487232718282540223e-01
3.012084960937500000e-01 3.465928688446877626e-01
3.012695312500000000e-01 3.433736986859244888e-01
3.013305664062500000e-01 3.389795281671951765e-01
3.013916015625000000e-01 3.333920979090005954e-01
3.014526367187500000e-01 3.266578599170090746e-01
3.015136718750000000e-01 3.188760120244917839e-01
3.015747070312500000e-01 3.101796479280616858e-01
3.016357421875000000e-01 3.007129577682671195e-01
3.016967773437500000e-01 2.906080498026185621e-01
3.017578125000000000e-01 2.799649799795129734e-01
3.018188476562500000e-01 2.688379990070804970e-01
3.018798828125000000e-01 2.572299824548710534e-01
3.019409179687500000e-01 2.450956969123431750e-01
3.020019531250000000e-01 2.323532324614100975e-01
3.020629882812500000e-01 2.189018126735784442e-01
3.021240234375000000e-01 2.046433721732600630e-01
3.021850585937500000e-01 1.895048150214665716e-01
3.022460937500000000e-01 1.734577935215854128e-01
3.023071289062500000e-01 1.565331892057551799e-01
3.023681640625000000e-01 1.388281597067929640e-01
3.024291992187500000e-01 1.205045547387535720e-01
3.024902343750000000e-01 1.017786709267198414e-01
3.025512695312500000e-01 8.290359481521933360e-02
3.026123046875000000e-01 6.414649387743594222e-02
3.026733398437500000e-01 4.576391022361866318e-02
3.027343750000000000e-01 2.797834712204673099e-02
3.027954101562500000e-01 1.095924572385432137e-02
3.028564453125000000e-01 -5.189171732367232198e-03
3.029174804687500000e-01 -2.043168482523340448e-02
3.029785156250000000e-01 -3.479709334671346466e-02
3.030395507812500000e-01 -4.836519974855416765e-02
3.031005859375000000e-01 -6.124757334924763735e-02
3.031616210937500000e-01 -7.356486797275792189e-02
3.032226562500000000e-01 -8.542403334131132286e-02
3.032836914062500000e-01 -9.689876278163386814e-02
3.033447265625000000e-01 -1.080160139644512074e-01
3.034057617187500000e-01 -1.187505813628821350e-01
3.034667968750000000e-01 -1.290285515994949173e-01
3.035278320312500000e-01 -1.387391205799961003e-01
3.035888671875000000e-01 -1.477529552947116631e-01
3.036499023437500000e-01 -1.559443063486606884e-01
3.037109375000000000e-01 -1.632135097221619757e-01
3.037719726562500000e-01 -1.695064001893282768e-01
3.038330078125000000e-01 -1.748275837776656072e-01
3.038940429687500000e-01 -1.792454811960782213e-01
3.039550781250000000e-01 -1.828883613696773991e-01
3.040161132812500000e-01 -1.859319582323958331e-01
3.040771484375000000e-01 -1.885805037041302645e-01
3.041381835937500000e-01 -1.910439632310388935e-01
3.041992187500000000e-01 -1.935147631625646625e-01
3.042602539062500000e-01 -1.961472736284625706e-01
3.043212890625000000e-01 -1.990428367477678484e-01
3.043823242187500000e-01 -2.022423269124698220e-01
3.044433593750000000e-01 -2.057271656269003546e-01
3.045043945312500000e-01 -2.094285040035978041e-01
3.045654296875000000e-01 -2.132431497281658261e-01
3.046264648437500000e-01 -2.170539265582502320e-01
3.046875000000000000e-01 -2.207515655047535830e-01
3.047485351562500000e-01 -2.242549991373540552e-01
3.048095703125000000e-01 -2.275271703398795697e-01
3.048706054687500000e-01 -2.305841542277138334e-01
3.049316406250000000e-01 -2.334963352147800819e-01
3.049926757812500000e-01 -2.363814159181062413e-01
3.050537109375000000e-01 -2.393901233617994895e-01
3.051147460937500000e-01 -2.426865445145225952e-01
3.051757812500000000e-01 -2.464258469347402891e-01
3.052368164062500000e-01 -2.507325281421646235e-01
3.052978515625000000e-01 -2.556822848009179805e-01
3.053588867187500000e-01 -2.612901728856013017e-01
3.054199218750000000e-01 -2.675069361786649447e-01
3.054809570312500000e-01 -2.742242242487004655e-01
3.055419921875000000e-01 -2.812880927397613529e-01
3.056030273437500000e-01 -2.885189469583244182e-01
3.056640625000000000e-01 -2.957351232601189150e-01
3.057250976562500000e-01 -3.027766991656664075e-01
3.057861328125000000e-01 -3.095259929029717805e-01
3.058471679687500000e-01 -3.159216396718988462e-01
3.059082031250000000e-01 -3.219640899708269277e-01
3.059692382812500000e-01 -3.277117117717465722e-01
3.060302734375000000e-01 -3.332681570418811745e-01
3.060913085937500000e-01 -3.387630001359814846e-01
3.061523437500000000e-01 -3.443286134311191460e-01
3.062133789062500000e-01 -3.500766787421727422e-01
3.062744140625000000e-01 -3.560776640535772142e-01
3.063354492187500000e-01 -3.623460973151613196e-01
3.063964843750000000e-01 -3.688336048293734404e-01
3.064575195312500000e-01 -3.754305768161753654e-01
3.065185546875000000e-01 -3.819761727195449263e-01
3.065795898437500000e-01 -3.882753186889110197e-01
3.066406250000000000e-01 -3.941204334889612526e-01
3.067016601562500000e-01 -3.993149638367330945e-01
3.067626953125000000e-01 -4.036955944401787733e-01
3.068237304687500000e-01 -4.071502601600398563e-01
3.068847656250000000e-01 -4.096296832181950398e-01
3.069458007812500000e-01 -4.111509704466789206e-01
3.070068359375000000e-01 -4.117928321683574922e-01
3.070678710937500000e-01 -4.116831486285071340e-01
3.071289062500000000e-01 -4.109806710500972238e-01
3.071899414062500000e-01 -4.098534071556618752e-01
3.072509765625000000e-01 -4.084566876650592149e-01
3.073120117187500000e-01 -4.069140309070484740e-01
3.073730468750000000e-01 -4.053036055163214413e-01
3.074340820312500000e-01 -4.036522982903700263e-01
3.074951171875000000e-01 -4.019382835950088273e-01
3.075561523437500000e-01 -4.001017625485518425e-01
3.076171875000000000e-01 -3.980623132268552578e-01
3.076782226562500000e-01 -3.957402087080905684e-01
3.077392578125000000e-01 -3.930783497141914218e-01
3.078002929687500000e-01 -3.900613053367502081e-01
3.078613281250000000e-01 -3.867283660608932250e-01
3.079223632812500000e-01 -3.831783966244718953e-01
3.079833984375000000e-01 -3.795655479855936654e-01
3.080444335937500000e-01 -3.760863877765088237e-01
3.081054687500000000e-01 -3.729604209276583537e-01
3.081665039062500000e-01 -3.704069828244165863e-01
3.082275390625000000e-01 -3.686219448287110234e-01
3.082885742187500000e-01 -3.677575464101670022e-01
3.083496093750000000e-01 -3.679080163834544948e-01
3.084106445312500000e-01 -3.691026529891325292e-01
3.084716796875000000e-01 -3.713069491821789359e-01
3.085327148437500000e-01 -3.744313344890777828e-01
3.085937500000000000e-01 -3.783461886804609930e-01
3.086547851562500000e-01 -3.829009968402655728e-01
3.087158203125000000e-01 -3.879449711779489607e-01
3.087768554687500000e-01 -3.933462719784909245e-01
3.088378906250000000e-01 -3.990071576441472923e-01
3.088989257812500000e-01 -4.048729746256442552e-01
3.089599609375000000e-01 -4.109338015754099849e-01
3.090209960937500000e-01 -4.172186193621709172e-01
3.090820312500000000e-01 -4.237828700082652555e-01
3.091430664062500000e-01 -4.306910932201661879e-01
3.092041015625000000e-01 -4.379970222971181215e-01
3.092651367187500000e-01 -4.457240407325970266e-01
3.093261718750000000e-01 -4.538490506951385339e-01
3.093872070312500000e-01 -4.622924422946195766e-01
3.094482421875000000e-01 -4.709160491558117556e-01
3.095092773437500000e-01 -4.795298852428647729e-01
3.095703125000000000e-01 -4.879071740129440893e-01
3.096313476562500000e-01 -4.958058462148177137e-01
3.096923828125000000e-01 -5.029935836500412094e-01
3.097534179687500000e-01 -5.092728791862459747e-01
3.098144531250000000e-01 -5.145025256467892216e-01
3.098754882812500000e-01 -5.186123897419181450e-01
3.099365234375000000e-01 -5.216092408647466927e-01
3.099975585937500000e-01 -5.235727077867839974e-01
3.100585937500000000e-01 -5.246419203655525720e-01
3.101196289062500000e-01 -5.249948001527692254e-01
3.101806640625000000e-01 -5.248230692829098931e-01
3.102416992187500000e-01 -5.243066512100844623e-01
3.103027343750000000e-01 -5.235911110551966230e-01
3.103637695312500000e-01 -5.227711650131048327e-01
3.104248046875000000e-01 -5.218822530126281389e-01
3.104858398437500000e-01 -5.209009254989054316e-01
3.105468750000000000e-01 -5.197535388102134668e-01
3.106079101562500000e-01 -5.183316673121939333e-01
3.106689453125000000e-01 -5.165118641112687037e-01
3.107299804687500000e-01 -5.141769693555624521e-01
3.107910156250000000e-01 -5.112360405384491768e-01
3.108520507812500000e-01 -5.076401724308999830e-01
3.109130859375000000e-01 -5.033920214233748025e-01
3.109741210937500000e-01 -4.985476981761914894e-01
3.110351562500000000e-01 -4.932107035974231390e-01
3.110961914062500000e-01 -4.875186308920032574e-01
3.111572265625000000e-01 -4.816243539528685114e-01
3.112182617187500000e-01 -4.756742391834171690e-01
3.112792968750000000e-01 -4.697863908909660768e-01
3.113403320312500000e-01 -4.640320067885995159e-01
3.114013671875000000e-01 -4.584226111423665984e-01
3.114624023437500000e-01 -4.529052409620576425e-01
3.115234375000000000e-01 -4.473665668210664026e-01
3.115844726562500000e-01 -4.416455724012877671e-01
3.116455078125000000e-01 -4.355531023322769535e-01
3.117065429687500000e-01 -4.288955801665288448e-01
3.117675781250000000e-01 -4.214995855433341099e-01
3.118286132812500000e-01 -4.132337973389265118e-01
3.118896484375000000e-01 -4.040251312243028914e-01
3.119506835937500000e-01 -3.938667248535634435e-01
3.120117187500000000e-01 -3.828166220265636355e-01
3.120727539062500000e-01 -3.709874186335836987e-01
3.121337890625000000e-01 -3.585285960030159536e-01
3.121948242187500000e-01 -3.456045197668849989e-01
3.122558593750000000e-01 -3.323717899061571224e-01
3.123168945312500000e-01 -3.189596024125982976e-01
3.123779296875000000e-01 -3.054560923795736072e-01
3.124389648437500000e-01 -2.919024813231715365e-01
3.125000000000000000e-01 -2.782955032524956351e-01
3.125610351562500000e-01 -2.645973208886039929e-01
3.126220703125000000e-01 -2.507511942827009843e-01
3.126831054687500000e-01 -2.367005661247964243e-01
3.127441406250000000e-01 -2.224088769661005105e-01
3.128051757812500000e-01 -2.078772998823524010e-01
3.128662109375000000e-01 -1.931578011411138052e-01
3.129272460937500000e-01 -1.783595354081904394e-01
3.129882812500000000e-01 -1.636474576577954809e-01
3.130493164062500000e-01 -1.492330360275276879e-01
3.131103515625000000e-01 -1.353579851183399074e-01
3.131713867187500000e-01 -1.222728956506645148e-01
3.132324218750000000e-01 -1.102133611644807165e-01
3.132934570312500000e-01 -9.937659855498531813e-02
3.133544921875000000e-01 -8.990161543544067380e-02
3.134155273437500000e-01 -8.185567085688744138e-02
3.134765625000000000e-01 -7.522906291167463788e-02
3.135375976562500000e-01 -6.993920675946052601e-02
3.135986328125000000e-01 -6.584370517422738489e-02
3.136596679687500000e-01 -6.276082441506436460e-02
3.137207031250000000e-01 -6.049459352143532476e-02
3.137817382812500000e-01 -5.886085841217003622e-02
3.138427734375000000e-01 -5.771035735262353139e-02
3.139038085937500000e-01 -5.694538735329551793e-02
3.139648437500000000e-01 -5.652772399796013314e-02
3.140258789062500000e-01 -5.647684097220850852e-02
3.140869140625000000e-01 -5.685894484904430168e-02
3.141479492187500000e-01 -5.776874013922705942e-02
3.142089843750000000e-01 -5.930695944035374589e-02
3.142700195312500000e-01 -6.155731977958817103e-02
3.143310546875000000e-01 -6.456659098190525858e-02
3.143920898437500000e-01 -6.833089356660504432e-02
3.144531250000000000e-01 -7.279027481429475865e-02
3.145141601562500000e-01 -7.783223760070800967e-02
3.145751953125000000e-01 -8.330348881690932683e-02
3.146362304687500000e-01 -8.902796120265263347e-02
3.146972656250000000e-01 -9.482828789114891577e-02
3.147583007812500000e-01 -1.005475080312674407e-01
3.148193359375000000e-01 -1.060679478183028657e-01
3.148803710937500000e-01 -1.113248461346364737e-01
3.149414062500000000e-01 -1.163131130540040470e-01
3.150024414062500000e-01 -1.210864622177135752e-01
3.150634765625000000e-01 -1.257490432989212537e-01
3.151245117187500000e-01 -1.304405757653112619e-01
3.151855468750000000e-01 -1.353167174970694719e-01
3.152465820312500000e-01 -1.405269315765868554e-01
3.153076171875000000e-01 -1.461924735258949282e-01
3.153686523437500000e-01 -1.523872670895792814e-01
3.154296875000000000e-01 -1.591242355829638189e-01
3.154907226562500000e-01 -1.663490569921875772e-01
3.155517578125000000e-01 -1.739423932829964325e-01
3.156127929687500000e-01 -1.817304959620344440e-01
3.156738281250000000e-01 -1.895028130535620081e-01
3.157348632812500000e-01 -1.970340574966124025e-01
3.157958984375000000e-01 -2.041074556952089669e-01
3.158569335937500000e-01 -2.105357304464582913e-01
3.159179687500000000e-01 -2.161767301837326238e-01
3.159790039062500000e-01 -2.209414021693048291e-01
3.160400390625000000e-01 -2.247929564610498532e-01
3.161010742187500000e-01 -2.277374431917770781e-01
3.161621093750000000e-01 -2.298073347066365846e-01
3.162231445312500000e-01 -2.310408560866266670e-01
3.162841796875000000e-01 -2.314605942856134413e-01
3.163452148437500000e-01 -2.310551639438553351e-01
3.164062500000000000e-01 -2.297672404032037041e-01
3.164672851562500000e-01 -2.274901006702968465e-01
3.165283203125000000e-01 -2.240732426839397995e-01
3.165893554687500000e-01 -2.193361125206968187e-01
3.166503906250000000e-01 -2.130877813678409005e-01
3.167114257812500000e-01 -2.051497203167917394e-01
3.167724609375000000e-01 -1.953786284374953164e-01
3.168334960937500000e-01 -1.836864829334678983e-01
3.168945312500000000e-01 -1.700554583657623020e-01
3.169555664062500000e-01 -1.545460164962617622e-01
3.170166015625000000e-01 -1.372972596535747547e-01
3.170776367187500000e-01 -1.185195025428441157e-01
3.171386718750000000e-01 -9.847988202894709941e-02
3.171997070312500000e-01 -7.748266836659570278e-02
3.172607421875000000e-01 -5.584669240197390888e-02
3.173217773437500000e-01 -3.388275568657129339e-02
3.173828125000000000e-01 -1.187385795327271232e-02
3.174438476562500000e-01 9.939393178044333976e-03
3.175048828125000000e-01 3.136652299200323735e-02
3.175659179687500000e-01 5.226722878710479692e-02
3.176269531250000000e-01 7.254383126126601189e-02
3.176879882812500000e-01 9.212734708471645440e-02
3.177490234375000000e-01 1.109594330709006288e-01
3.178100585937500000e-01 1.289732204522103243e-01
3.178710937500000000e-01 1.460764161070227662e-01
3.179321289062500000e-01 1.621399112535623632e-01
3.179931640625000000e-01 1.769944318782287473e-01
3.180541992187500000e-01 1.904365065525101541e-01
3.181152343750000000e-01 2.022434240571025776e-01
3.181762695312500000e-01 2.121952490978151196e-01
3.182373046875000000e-01 2.201006861412581617e-01
3.182983398437500000e-01 2.258228638483949224e-01
3.183593750000000000e-01 2.293010883284014589e-01
3.184204101562500000e-01 2.305652673497619598e-01
3.184814453125000000e-01 2.297408753185316010e-01
3.185424804687500000e-01 2.270437828732963237e-01
3.186035156250000000e-01 2.227657767901198294e-01
3.186645507812500000e-01 2.172528921465091689e-01
3.187255859375000000e-01 2.108795472377140712e-01
3.187866210937500000e-01 2.040218196698567188e-01
3.188476562500000000e-01 1.970330794825167209e-01
3.189086914062500000e-01 1.902246906298999951e-01
3.189697265625000000e-01 1.838536791137646564e-01
3.190307617187500000e-01 1.781182527929837112e-01
3.190917968750000000e-01 1.731609974372766703e-01
3.191528320312500000e-01 1.690786104842834647e-01
3.192138671875000000e-01 1.659362768819189204e-01
3.192749023437500000e-01 1.637843211874070726e-01
3.193359375000000000e-01 1.626746211576275414e-01
3.193969726562500000e-01 1.626743783673788579e-01
3.194580078125000000e-01 1.638751091516034153e-01
3.195190429687500000e-01 1.663951603090860765e-01
3.195800781250000000e-01 1.703747812254385596e-01
3.196411132812500000e-01 1.759638023202649004e-01
3.197021484375000000e-01 1.833031266583231012e-01
3.197631835937500000e-01 1.925023614880014833e-01
3.198242187500000000e-01 2.036168313615911440e-01
3.198852539062500000e-01 2.166276794221038138e-01
3.199462890625000000e-01 2.314285277053154677e-01
3.200073242187500000e-01 2.478212050351449869e-01
3.200683593750000000e-01 2.655216213765660971e-01
3.201293945312500000e-01 2.841753165994889141e-01
3.201904296875000000e-01 3.033807995107301037e-01
3.202514648437500000e-01 3.227176959934743294e-01
3.203125000000000000e-01 3.417760753292052311e-01
3.203735351562500000e-01 3.601831846985584229e-01
3.204345703125000000e-01 3.776241932145104618e-01
3.204956054687500000e-01 3.938544243770461528e-01
3.205566406250000000e-01 4.087018934008163074e-01
3.206176757812500000e-01 4.220605604421873158e-01
3.206787109375000000e-01 4.338762189547557546e-01
3.207397460937500000e-01 4.441280305816411311e-01
3.208007812500000000e-01 4.528091928778046893e-01
3.208618164062500000e-01 4.599100220487066792e-01
3.209228515625000000e-01 4.654059432333071955e-01
3.209838867187500000e-01 4.692517976040980754e-01
3.210449218750000000e-01 4.713828614994736155e-01
3.211059570312500000e-01 4.717221860905742581e-01
3.211669921875000000e-01 4.701932202448458331e-01
3.212280273437500000e-01 4.667360872150445594e-01
3.212890625000000000e-01 4.613253934999454464e-01
3.213500976562500000e-01 4.539871436163126495e-01
3.214111328125000000e-01 4.448122837392746165e-01
3.214721679687500000e-01 4.339646743964730713e-01
3.215332031250000000e-01 4.216819327292480879e-01
3.215942382812500000e-01 4.082684849193598531e-01
3.216552734375000000e-01 3.940811477976581267e-01
3.217163085937500000e-01 3.795085153013448842e-01
3.217773437500000000e-01 3.649463252698849081e-01
3.218383789062500000e-01 3.507717052551297954e-01
3.218994140625000000e-01 3.373195487430002970e-01
3.219604492187500000e-01 3.248641542580938957e-01
3.220214843750000000e-01 3.136086912818982775e-01
3.220825195312500000e-01 3.036840500444077939e-01
3.221435546875000000e-01 2.951571950608931072e-01
3.222045898437500000e-01 2.880474802056343653e-01
3.222656250000000000e-01 2.823479317129162780e-01
3.223266601562500000e-01 2.780476546718496644e-01
3.223876953125000000e-01 2.751513921043610145e-01
3.224487304687500000e-01 2.736928151217554728e-01
3.225097656250000000e-01 2.737392653823048083e-01
3.225708007812500000e-01 2.753872219724462500e-01
3.226318359375000000e-01 2.787493892542731722e-01
3.226928710937500000e-01 2.839356678543142887e-01
3.227539062500000000e-01 2.910311707914323143e-01
3.228149414062500000e-01 3.000747688857783313e-01
3.228759765625000000e-01 3.110413741656775644e-01
3.229370117187500000e-01 3.238304312187929579e-01
3.229980468750000000e-01 3.382621128800938903e-01
3.230590820312500000e-01 3.540816798466207560e-01
3.231201171875000000e-01 3.709714679953344252e-01
3.231811523437500000e-01 3.885691184169700607e-01
3.232421875000000000e-01 4.064900303941347826e-01
3.233032226562500000e-01 4.243515904321794041e-01
3.233642578125000000e-01 4.417965166436788049e-01
3.234252929687500000e-01 4.585127341085663000e-01
3.234863281250000000e-01 4.742476269088770069e-01
3.235473632812500000e-01 4.888152179071209580e-01
3.236083984375000000e-01 5.020956341156264102e-01
3.236694335937500000e-01 5.140270494147254343e-01
3.237304687500000000e-01 5.245911936037980228e-01
3.237915039062500000e-01 5.337944265388158138e-01
3.238525390625000000e-01 5.416471155940897342e-01
3.239135742187500000e-01 5.481444691229357957e-01
3.239746093750000000e-01 5.532519966453165461e-01
3.240356445312500000e-01 5.568982942390284796e-01
3.240966796875000000e-01 5.589767939778240713e-01
3.241577148437500000e-01 5.593565739760170130e-01
3.242187500000000000e-01 5.579006616031862986e-01
3.242797851562500000e-01 5.544888755855481577e-01
3.243408203125000000e-01 5.490414082449674993e-01
3.244018554687500000e-01 5.415391997959683179e-01
3.244628906250000000e-01 5.320377348172780074e-01
3.245239257812500000e-01 5.206720303691652063e-01
3.245849609375000000e-01 5.076519946489037594e-01
3.246459960937500000e-01 4.932487899176346002e-01
3.247070312500000000e-01 4.777741911887475323e-01
3.247680664062500000e-01 4.615559913815422410e-01
3.248291015625000000e-01 4.449130172628523727e-01
3.248901367187500000e-01 4.281331806985406718e-01
3.249511718750000000e-01 4.114572954725682630e-01
3.250122070312500000e-01 3.950703329894252880e-01
3.250732421875000000e-01 3.791005816408817841e-01
3.251342773437500000e-01 3.636260573764523718e-01
3.251953125000000000e-01 3.486866833457612502e-01
3.252563476562500000e-01 3.343002450792154079e-01
3.253173828125000000e-01 3.204798513824395068e-01
3.253784179687500000e-01 3.072505419881731425e-01
3.254394531250000000e-01 2.946627974394219751e-01
3.255004882812500000e-01 2.828010334126549452e-01
3.255615234375000000e-01 2.717856949578941750e-01
3.256225585937500000e-01 2.617683290180993771e-01
3.256835937500000000e-01 2.529199819506012803e-01
3.257446289062500000e-01 2.454142593204914902e-01
3.258056640625000000e-01 2.394071726533605338e-01
3.258666992187500000e-01 2.350164241647941799e-01
3.259277343750000000e-01 2.323030793769818025e-01
3.259887695312500000e-01 2.312585419414508459e-01
3.260498046875000000e-01 2.317991910489783924e-01
3.261108398437500000e-01 2.337699874187633142e-01
3.261718750000000000e-01 2.369570322476226010e-01
3.262329101562500000e-01 2.411076894314113650e-01
3.262939453125000000e-01 2.459555965739731176e-01
3.263549804687500000e-01 2.512469091144005073e-01
3.264160156250000000e-01 2.567637359514503559e-01
3.264770507812500000e-01 2.623411082190370003e-01
3.265380859375000000e-01 2.678749075179876482e-01
3.265991210937500000e-01 2.733197331687671205e-01
3.266601562500000000e-01 2.786774231086854847e-01
3.267211914062500000e-01 2.839785337025182432e-01
3.267822265625000000e-01 2.892601920641948987e-01
3.268432617187500000e-01 2.945441407308647674e-01
3.269042968750000000e-01 2.998184938081670525e-01
3.269653320312500000e-01 3.050258639701460273e-01
3.270263671875000000e-01 3.100593094168424546e-01
3.270874023437500000e-01 3.147662590408338845e-01
3.271484375000000000e-01 3.189594785584670134e-01
3.272094726562500000e-01 3.224333657031438483e-01
3.272705078125000000e-01 3.249833747405644901e-01
3.273315429687500000e-01 3.264261324051821456e-01
3.273925781250000000e-01 3.266178262932348808e-01
3.274536132812500000e-01 3.254686900719555021e-01
3.275146484375000000e-01 3.229518122593258989e-01
3.275756835937500000e-01 3.191050627919890248e-01
3.276367187500000000e-01 3.140257124541036560e-01
3.276977539062500000e-01 3.078582463195744801e-01
3.277587890625000000e-01 3.007767583145909418e-01
3.278198242187500000e-01 2.929640303576743765e-01
3.278808593750000000e-01 2.845899101873153869e-01
3.279418945312500000e-01 2.757918455008180891e-01
3.280029296875000000e-01 2.666603113939206016e-01
3.280639648437500000e-01 2.572313549522954879e-01
3.281250000000000000e-01 2.474876273610481792e-01
3.281860351562500000e-01 2.373681331466757083e-01
3.282470703125000000e-01 2.267855711397898100e-01
3.283081054687500000e-01 2.156487834313417506e-01
3.283691406250000000e-01 2.038868001952801046e-01
3.284301757812500000e-01 1.914705418956824667e-01
3.284912109375000000e-01 1.784285203085666238e-01
3.285522460937500000e-01 1.648538355080907403e-01
3.286132812500000000e-01 1.509012428521394611e-01
3.286743164062500000e-01 1.367747686469084900e-01
3.287353515625000000e-01 1.227079293902759438e-01
3.287963867187500000e-01 1.089397607070365925e-01
3.288574218750000000e-01 9.569041449932016996e-02
3.289184570312500000e-01 8.313998565082011960e-02
3.289794921875000000e-01 7.141353586681289944e-02
3.290405273437500000e-01 6.057414673184075005e-02
3.291015625000000000e-01 5.062450019337630391e-02
3.291625976562500000e-01 4.151620957176141435e-02
3.292236328125000000e-01 3.316511189582210806e-02
3.292846679687500000e-01 2.547011647613772745e-02
3.293457031250000000e-01 1.833300410268537406e-02
3.294067382812500000e-01 1.167667459968929622e-02
3.294677734375000000e-01 5.459623062357116252e-03
3.295288085937500000e-01 -3.151356598447563329e-04
3.295898437500000000e-01 -5.597854283971664957e-03
3.296508789062500000e-01 -1.029695048186882178e-02
3.297119140625000000e-01 -1.429058635973118330e-02
3.297729492187500000e-01 -1.744365246238416267e-02
3.298339843750000000e-01 -1.962807568384755674e-02
3.298950195312500000e-01 -2.074378315080138702e-02
3.299560546875000000e-01 -2.073744614731268254e-02
3.300170898437500000e-01 -1.961632346344843736e-02
3.300781250000000000e-01 -1.745504578257353612e-02
3.301391601562500000e-01 -1.439399012321629368e-02
3.302001953125000000e-01 -1.062898731954400877e-02
3.302612304687500000e-01 -6.393402842600273694e-03
3.303222656250000000e-01 -1.934918493509671378e-03
3.303833007812500000e-01 2.509634165400620454e-03
3.304443359375000000e-01 6.737502122703770135e-03
3.305053710937500000e-01 1.059753884762396070e-02
3.305664062500000000e-01 1.399911931871428150e-02
3.306274414062500000e-01 1.691099219140452387e-02
3.306884765625000000e-01 1.935040121555177406e-02
3.307495117187500000e-01 2.136451705826984335e-02
3.308105468750000000e-01 2.300749791459822183e-02
3.308715820312500000e-01 2.431712885006391545e-02
3.309326171875000000e-01 2.529492228334384585e-02
3.309936523437500000e-01 2.589285473694270118e-02
3.310546875000000000e-01 2.600871427595010874e-02
3.311157226562500000e-01 2.549056286942220917e-02
3.311767578125000000e-01 2.414935843261147019e-02
3.312377929687500000e-01 2.177762248605547707e-02
3.312988281250000000e-01 1.817137315098396252e-02
3.313598632812500000e-01 1.315237023941195557e-02
3.314208984375000000e-01 6.587914473542157145e-03
3.314819335937500000e-01 -1.594095984597532212e-03
3.315429687500000000e-01 -1.139648136780728460e-02
3.316040039062500000e-01 -2.275132602042712060e-02
3.316650390625000000e-01 -3.552585093797628463e-02
3.317260742187500000e-01 -4.953498109309656394e-02
3.317871093750000000e-01 -6.455924331282729411e-02
3.318481445312500000e-01 -8.036595055211387395e-02
3.319091796875000000e-01 -9.673112858598617581e-02
3.319702148437500000e-01 -1.134594113278963312e-01
3.320312500000000000e-01 -1.303992321740531368e-01
3.320922851562500000e-01 -1.474511334359643600e-01
3.321533203125000000e-01 -1.645678963911594017e-01
3.322143554687500000e-01 -1.817463343686641364e-01
3.322753906250000000e-01 -1.990118135439141733e-01
3.323364257812500000e-01 -2.163977210952598429e-01
3.323974609375000000e-01 -2.339230421743365707e-01
3.324584960937500000e-01 -2.515717321697804598e-01
3.325195312500000000e-01 -2.692774757070994784e-01
3.325805664062500000e-01 -2.869166608277127217e-01
3.326416015625000000e-01 -3.043111043332399901e-01
3.327026367187500000e-01 -3.212404517950890881e-01
3.327636718750000000e-01 -3.374624915365005418e-01
3.328247070312500000e-01 -3.527382037592309283e-01
3.328857421875000000e-01 -3.668575517792675988e-01
3.329467773437500000e-01 -3.796619728793511062e-01
3.330078125000000000e-01 -3.910601919457976083e-01
3.330688476562500000e-01 -4.010351958914061266e-01
3.331298828125000000e-01 -4.096417398629626505e-01
3.331909179687500000e-01 -4.169953020195819593e-01
3.332519531250000000e-01 -4.232546353140950179e-01
3.333129882812500000e-01 -4.286007706137439088e-01
3.333740234375000000e-01 -4.332154817798264390e-01
3.334350585937500000e-01 -4.372619388219458614e-01
3.334960937500000000e-01 -4.408697140593979547e-01
3.335571289062500000e-01 -4.441256293580255754e-01
3.336181640625000000e-01 -4.470712336834719025e-01
3.336791992187500000e-01 -4.497069861983560846e-01
3.337402343750000000e-01 -4.520024775166177067e-01
3.338012695312500000e-01 -4.539112949918451267e-01
3.338623046875000000e-01 -4.553885155538295315e-01
3.339233398437500000e-01 -4.564083622742287627e-01
3.339843750000000000e-01 -4.569793617649312578e-01
3.340454101562500000e-01 -4.571545095503866674e-01
3.341064453125000000e-01 -4.570345640731435233e-01
3.341674804687500000e-01 -4.567635413826338642e-01
3.342285156250000000e-01 -4.565165596659389036e-01
3.342895507812500000e-01 -4.564812609169411339e-01
3.343505859375000000e-01 -4.568350749948462131e-01
3.344116210937500000e-01 -4.577214521220439591e-01
3.344726562500000000e-01 -4.592286283769007049e-01
3.345336914062500000e-01 -4.613743471254231343e-01
3.345947265625000000e-01 -4.640992449335089587e-01
3.346557617187500000e-01 -4.672703840492845595e-01
3.347167968750000000e-01 -4.706947786289454871e-01
3.347778320312500000e-01 -4.741410044647058064e-01
3.348388671875000000e-01 -4.773655484995294462e-01
3.348999023437500000e-01 -4.801397998570184900e-01
3.349609375000000000e-01 -4.822736132265830755e-01
3.350219726562500000e-01 -4.836321089233052706e-01
3.350830078125000000e-01 -4.841436244269707312e-01
3.351440429687500000e-01 -4.837982241793389315e-01
3.352050781250000000e-01 -4.826376298728696224e-01
3.352661132812500000e-01 -4.807386548388559167e-01
3.353271484375000000e-01 -4.781930641686212291e-01
3.353881835937500000e-01 -4.750871068370197126e-01
3.354492187500000000e-01 -4.714837409515956757e-01
3.355102539062500000e-01 -4.674099146300056962e-01
3.355712890625000000e-01 -4.628503738028006964e-01
3.356323242187500000e-01 -4.577485218960150593e-01
3.356933593750000000e-01 -4.520139885236974520e-01
3.357543945312500000e-01 -4.455358729760930392e-01
3.358154296875000000e-01 -4.382001214453140059e-01
3.358764648437500000e-01 -4.299090894805657204e-01
3.359375000000000000e-01 -4.206009831711179925e-01
3.359985351562500000e-01 -4.102666494178955348e-01
3.360595703125000000e-01 -3.989612582354181147e-01
3.361206054687500000e-01 -3.868088910567503147e-01
3.361816406250000000e-01 -3.739989040243635321e-01
3.362426757812500000e-01 -3.607740676080949394e-01
3.363037109375000000e-01 -3.474117060052545058e-01
3.363647460937500000e-01 -3.342001277163559880e-01
3.364257812500000000e-01 -3.214133756759381955e-01
3.364868164062500000e-01 -3.092876952175944716e-01
3.365478515625000000e-01 -2.980030913729214137e-01
3.366088867187500000e-01 -2.876727865813190621e-01
3.366699218750000000e-01 -2.783422215234954145e-01
3.367309570312500000e-01 -2.699976672682825041e-01
3.367919921875000000e-01 -2.625829084228072929e-01
3.368530273437500000e-01 -2.560211099686734992e-01
3.369140625000000000e-01 -2.502380842326641375e-01
3.369750976562500000e-01 -2.451829079646731246e-01
3.370361328125000000e-01 -2.408423305503832323e-01
3.370971679687500000e-01 -2.372465975735858490e-01
3.371582031250000000e-01 -2.344659027665859652e-01
3.372192382812500000e-01 -2.325983157827522518e-01
3.372802734375000000e-01 -2.317514217392411258e-01
3.373413085937500000e-01 -2.320208347762273693e-01
3.374023437500000000e-01 -2.334690610547229817e-01
3.374633789062500000e-01 -2.361078689873177261e-01
3.375244140625000000e-01 -2.398865300048196314e-01
3.375854492187500000e-01 -2.446872741575509269e-01
3.376464843750000000e-01 -2.503282992356166137e-01
3.377075195312500000e-01 -2.565738316653156104e-01
3.377685546875000000e-01 -2.631500943766604816e-01
3.378295898437500000e-01 -2.697655244198615132e-01
3.378906250000000000e-01 -2.761331440448336338e-01
3.379516601562500000e-01 -2.819926664525021498e-01
3.380126953125000000e-01 -2.871298060386084927e-01
3.380737304687500000e-01 -2.913904177062384138e-01
3.381347656250000000e-01 -2.946875423334930910e-01
3.381958007812500000e-01 -2.970002383237564936e-01
3.382568359375000000e-01 -2.983642174620161902e-01
3.383178710937500000e-01 -2.988555635881542938e-01
3.383789062500000000e-01 -2.985698765627994855e-01
3.384399414062500000e-01 -2.975998828123577744e-01
3.385009765625000000e-01 -2.960148790204455427e-01
3.385620117187500000e-01 -2.938452595866496986e-01
3.386230468750000000e-01 -2.910747072579418782e-01
3.386840820312500000e-01 -2.876414747522521576e-01
3.387451171875000000e-01 -2.834488048012467898e-01
3.388061523437500000e-01 -2.783831163960199806e-01
3.388671875000000000e-01 -2.723372376887811530e-01
3.389282226562500000e-01 -2.652349224748146161e-01
3.389892578125000000e-01 -2.570524871928425714e-01
3.390502929687500000e-01 -2.478338329493499637e-01
3.391113281250000000e-01 -2.376962669326692645e-01
3.391723632812500000e-01 -2.268261374753778870e-01
3.392333984375000000e-01 -2.154650246712942474e-01
3.392944335937500000e-01 -2.038887285077032319e-01
3.393554687500000000e-01 -1.923822754225309462e-01
3.394165039062500000e-01 -1.812145296781119130e-01
3.394775390625000000e-01 -1.706158122463916627e-01
3.395385742187500000e-01 -1.607612719140471547e-01
3.395996093750000000e-01 -1.517617209508290155e-01
3.396606445312500000e-01 -1.436624585022973632e-01
3.397216796875000000e-01 -1.364495244373409299e-01
3.397827148437500000e-01 -1.300620148574506141e-01
3.398437500000000000e-01 -1.244085720015555285e-01
3.399047851562500000e-01 -1.193858920758446018e-01
3.399658203125000000e-01 -1.148970119987436367e-01
3.400268554687500000e-01 -1.108671811353194592e-01
3.400878906250000000e-01 -1.072552873249296712e-01
3.401489257812500000e-01 -1.040591680427528365e-01
3.402099609375000000e-01 -1.013137951435817419e-01
3.402709960937500000e-01 -9.908226238689654686e-02
3.403320312500000000e-01 -9.744060271902782455e-02
3.403930664062500000e-01 -9.645854763497591078e-02
3.404541015625000000e-01 -9.617919772691596592e-02
3.405151367187500000e-01 -9.660096222467923210e-02
3.405761718750000000e-01 -9.766491635546814543e-02
3.406372070312500000e-01 -9.924997742907670784e-02
3.406982421875000000e-01 -1.011771709827774535e-01
3.407592773437500000e-01 -1.032228924750197008e-01
3.408203125000000000e-01 -1.051396307656377593e-01
3.408813476562500000e-01 -1.066813529479003764e-01
3.409423828125000000e-01 -1.076299138891717022e-01
3.410034179687500000e-01 -1.078185964646228845e-01
3.410644531250000000e-01 -1.071492451114851585e-01
3.411254882812500000e-01 -1.056004066135633468e-01
3.411865234375000000e-01 -1.032253391859178637e-01
3.412475585937500000e-01 -1.001404344928815693e-01
3.413085937500000000e-01 -9.650613259384710485e-02
3.413696289062500000e-01 -9.250347254069346548e-02
3.414306640625000000e-01 -8.830988083949309342e-02
3.414916992187500000e-01 -8.407767701963647644e-02
3.415527343750000000e-01 -7.991814572016991969e-02
3.416137695312500000e-01 -7.589300626984696319e-02
3.416748046875000000e-01 -7.201389475474018198e-02
3.417358398437500000e-01 -6.824929091393699965e-02
3.417968750000000000e-01 -6.453737213959520602e-02
3.418579101562500000e-01 -6.080268306465907990e-02
3.419189453125000000e-01 -5.697428198387324838e-02
3.419799804687500000e-01 -5.300305139371783159e-02
3.420410156250000000e-01 -4.887600392380206382e-02
3.421020507812500000e-01 -4.462566228238154520e-02
3.421630859375000000e-01 -4.033303075592808984e-02
3.422241210937500000e-01 -3.612334046825491085e-02
3.422851562500000000e-01 -3.215459451654031908e-02
3.423461914062500000e-01 -2.859993308381425514e-02
3.424072265625000000e-01 -2.562590624410079898e-02
3.424682617187500000e-01 -2.336962606046330548e-02
3.425292968750000000e-01 -2.191816731040754918e-02
3.425903320312500000e-01 -2.129339579877531641e-02
3.426513671875000000e-01 -2.144469884958960515e-02
3.427124023437500000e-01 -2.225096784120819682e-02
3.427734375000000000e-01 -2.353178459747790052e-02
3.428344726562500000e-01 -2.506636329738626268e-02
3.428955078125000000e-01 -2.661764762207718960e-02
3.429565429687500000e-01 -2.795815683128721751e-02
3.430175781250000000e-01 -2.889378787679300342e-02
3.430786132812500000e-01 -2.928198621767022503e-02
3.431396484375000000e-01 -2.904160757727407283e-02
3.432006835937500000e-01 -2.815323785840372073e-02
3.432617187500000000e-01 -2.665034058230766889e-02
3.433227539062500000e-01 -2.460304491015971595e-02
3.433837890625000000e-01 -2.209750522063827494e-02
3.434448242187500000e-01 -1.921439715724788944e-02
3.435058593750000000e-01 -1.601010248234933930e-02
3.435668945312500000e-01 -1.250348425521836948e-02
3.436279296875000000e-01 -8.670084460524585257e-03
3.436889648437500000e-01 -4.444342431674769278e-03
3.437500000000000000e-01 2.707831903704660537e-04
3.438110351562500000e-01 5.588428216620137945e-03
3.438720703125000000e-01 1.161897605361660035e-02
3.439331054687500000e-01 1.845032266354539041e-02
3.439941406250000000e-01 2.612977847845051813e-02
3.440551757812500000e-01 3.464984951849690853e-02
3.441162109375000000e-01 4.393968103930989688e-02
3.441772460937500000e-01 5.386338370836981498e-02
3.442382812500000000e-01 6.422582321089034818e-02
3.442993164062500000e-01 7.478567332816091207e-02
3.443603515625000000e-01 8.527457303783901599e-02
3.444213867187500000e-01 9.542024584324279579e-02
3.444824218750000000e-01 1.049707010023174514e-01
3.445434570312500000e-01 1.137163105434820937e-01
3.446044921875000000e-01 1.215067017787372639e-01
3.446655273437500000e-01 1.282600572495659619e-01
3.447265625000000000e-01 1.339635192780054829e-01
3.447875976562500000e-01 1.386647361114898835e-01
3.448486328125000000e-01 1.424558970690482373e-01
3.449096679687500000e-01 1.454527290713218124e-01
3.449707031250000000e-01 1.477717649374387654e-01
3.450317382812500000e-01 1.495095704726600583e-01
3.450927734375000000e-01 1.507273560435870852e-01
3.451538085937500000e-01 1.514435014965136439e-01
3.452148437500000000e-01 1.516351872750798246e-01
3.452758789062500000e-01 1.512488050390606853e-01
3.453369140625000000e-01 1.502173663968463524e-01
3.453979492187500000e-01 1.484819932958393596e-01
3.454589843750000000e-01 1.460139610977724822e-01
3.455200195312500000e-01 1.428337374268414117e-01
3.455810546875000000e-01 1.390239708036101751e-01
3.456420898437500000e-01 1.347343503745027093e-01
3.457031250000000000e-01 1.301775302057459061e-01
3.457641601562500000e-01 1.256166481742769236e-01
3.458251953125000000e-01 1.213461408515519036e-01
3.458862304687500000e-01 1.176684166349538652e-01
3.459472656250000000e-01 1.148693900009946367e-01
3.460083007812500000e-01 1.131958215890369324e-01
3.460693359375000000e-01 1.128369269790912566e-01
3.461303710937500000e-01 1.139120542953156734e-01
3.461914062500000000e-01 1.164655761450906768e-01
3.462524414062500000e-01 1.204694667604898906e-01
3.463134765625000000e-01 1.258332313045713580e-01
3.463745117187500000e-01 1.324199398444601272e-01
3.464355468750000000e-01 1.400662378575058264e-01
3.464965820312500000e-01 1.486035184801793030e-01
3.465576171875000000e-01 1.578771106442904415e-01
3.466186523437500000e-01 1.677605266130430262e-01
3.466796875000000000e-01 1.781625700437528825e-01
3.467407226562500000e-01 1.890262623772753781e-01
3.468017578125000000e-01 2.003198332752030852e-01
3.468627929687500000e-01 2.120212580622619913e-01
3.469238281250000000e-01 2.240988906816530346e-01
3.469848632812500000e-01 2.364914550232721790e-01
3.470458984375000000e-01 2.490908511788752500e-01
3.471069335937500000e-01 2.617308898979415765e-01
3.471679687500000000e-01 2.741842708524414030e-01
3.472290039062500000e-01 2.861689214355184196e-01
3.472900390625000000e-01 2.973633097498368238e-01
3.473510742187500000e-01 3.074288227815710206e-01
3.474121093750000000e-01 3.160361312802313360e-01
3.474731445312500000e-01 3.228918703995052319e-01
3.475341796875000000e-01 3.277619799268465250e-01
3.475952148437500000e-01 3.304886204724138965e-01
3.476562500000000000e-01 3.309986133961511090e-01
3.477172851562500000e-01 3.293026552535552876e-01
3.477783203125000000e-01 3.254858990436959032e-01
3.478393554687500000e-01 3.196916782425265890e-01
3.479003906250000000e-01 3.121010137217221092e-01
3.479614257812500000e-01 3.029109427481633809e-01
3.480224609375000000e-01 2.923145992422018224e-01
3.480834960937500000e-01 2.804854756122108772e-01
3.481445312500000000e-01 2.675675839124153077e-01
3.482055664062500000e-01 2.536724103370889827e-01
3.482666015625000000e-01 2.388826948744022793e-01
3.483276367187500000e-01 2.232622777763595412e-01
3.483886718750000000e-01 2.068705949867650218e-01
3.484497070312500000e-01 1.897798185913676661e-01
3.485107421875000000e-01 1.720921112285979659e-01
3.485717773437500000e-01 1.539541665813948801e-01
3.486328125000000000e-01 1.355663593183620841e-01
3.486938476562500000e-01 1.171844754219082407e-01
3.487548828125000000e-01 9.911302703764190980e-02
3.488159179687500000e-01 8.169042763941292140e-02
3.488769531250000000e-01 6.526762096238303279e-02
3.489379882812500000e-01 5.018284858734417542e-02
3.489990234375000000e-01 3.673588360339719028e-02
3.490600585937500000e-01 2.516520386762866046e-02
3.491210937500000000e-01 1.563126994626939936e-02
3.491821289062500000e-01 8.208312239877613159e-03
3.492431640625000000e-01 2.885833454803088394e-03
3.493041992187500000e-01 -4.204435773141890209e-04
3.493652343750000000e-01 -1.849914326983448376e-03
3.494262695312500000e-01 -1.573624283557450987e-03
3.494873046875000000e-01 2.303922097623978260e-04
3.495483398437500000e-01 3.399256999364719256e-03
3.496093750000000000e-01 7.801741446653687184e-03
3.496704101562500000e-01 1.334706117045625362e-02
3.497314453125000000e-01 1.998521884808468485e-02
3.497924804687500000e-01 2.769938420285167346e-02
3.498535156250000000e-01 3.649188143861137323e-02
3.499145507812500000e-01 4.636620840692506906e-02
3.499755859375000000e-01 5.730803057890565544e-02
3.500366210937500000e-01 6.926817202989044020e-02
3.500976562500000000e-01 8.215024793901498645e-02
3.501586914062500000e-01 9.580483411838236485e-02
3.502197265625000000e-01 1.100310983076437377e-01
3.502807617187500000e-01 1.245858032600104526e-01
3.503417968750000000e-01 1.391986880357994893e-01
3.504028320312500000e-01 1.535924983678894074e-01
3.504638671875000000e-01 1.675053565175921300e-01
3.505249023437500000e-01 1.807127815180291086e-01
3.505859375000000000e-01 1.930465938084642286e-01
3.506469726562500000e-01 2.044081926341463906e-01
3.507080078125000000e-01 2.147742452101158439e-01
3.507690429687500000e-01 2.241936921199063626e-01
3.508300781250000000e-01 2.327761713869589411e-01
3.508911132812500000e-01 2.406733262572721688e-01
3.509521484375000000e-01 2.480556519315921249e-01
3.510131835937500000e-01 2.550882777700843040e-01
3.510742187500000000e-01 2.619092603153728160e-01
3.511352539062500000e-01 2.686135446958740625e-01
3.511962890625000000e-01 2.752447863206338163e-01
3.512573242187500000e-01 2.817959301549479156e-01
3.513183593750000000e-01 2.882181197853974641e-01
3.513793945312500000e-01 2.944363322788658976e-01
3.514404296875000000e-01 3.003691770163317010e-01
3.515014648437500000e-01 3.059496728746095018e-01
3.515625000000000000e-01 3.111436720031255376e-01
3.516235351562500000e-01 3.159629669116860162e-01
3.516845703125000000e-01 3.204709350325144479e-01
3.517456054687500000e-01 3.247797398463407870e-01
3.518066406250000000e-01 3.290394523896487122e-01
3.518676757812500000e-01 3.334207230411473377e-01
3.519287109375000000e-01 3.380935753188664683e-01
3.519897460937500000e-01 3.432054026484151477e-01
3.520507812500000000e-01 3.488613225577662513e-01
3.521118164062500000e-01 3.551096724659076886e-01
3.521728515625000000e-01 3.619346380706341404e-01
3.522338867187500000e-01 3.692569423184903221e-01
3.522949218750000000e-01 3.769424191044291050e-01
3.523559570312500000e-01 3.848173146932921118e-01
3.524169921875000000e-01 3.926883772093084923e-01
3.524780273437500000e-01 4.003652559497291596e-01
3.525390625000000000e-01 4.076824531424927400e-01
3.526000976562500000e-01 4.145180325166443747e-01
3.526611328125000000e-01 4.208065171772562563e-01
3.527221679687500000e-01 4.265439988571050889e-01
3.527832031250000000e-01 4.317844632835135532e-01
3.528442382812500000e-01 4.366275827719746094e-01
3.529052734375000000e-01 4.411995325840224469e-01
3.529663085937500000e-01 4.456295525832374427e-01
3.530273437500000000e-01 4.500257597131212539e-01
3.530883789062500000e-01 4.544538731829435574e-01
3.531494140625000000e-01 4.589219906857897602e-01
3.532104492187500000e-01 4.633735730637105754e-01
3.532714843750000000e-01 4.676896400328051095e-01
3.533325195312500000e-01 4.716999564381113563e-01
3.533935546875000000e-01 4.752016985238584623e-01
3.534545898437500000e-01 4.779828893528429989e-01
3.535156250000000000e-01 4.798470962304284826e-01
3.535766601562500000e-01 4.806356959677131613e-01
3.536376953125000000e-01 4.802444340964556746e-01
3.536987304687500000e-01 4.786319553341844557e-01
3.537597656250000000e-01 4.758193332003592402e-01
3.538208007812500000e-01 4.718811000604345995e-01
3.538818359375000000e-01 4.669295334232314021e-01
3.539428710937500000e-01 4.610947874658620771e-01
3.540039062500000000e-01 4.545038547857219169e-01
3.540649414062500000e-01 4.472613481143206116e-01
3.541259765625000000e-01 4.394347433223483312e-01
3.541870117187500000e-01 4.310460827163523634e-01
3.542480468750000000e-01 4.220712693285568751e-01
3.543090820312500000e-01 4.124470433776371014e-01
3.543701171875000000e-01 4.020846264805499337e-01
3.544311523437500000e-01 3.908880449212948638e-01
3.544921875000000000e-01 3.787744918246453985e-01
3.545532226562500000e-01 3.656938283058389083e-01
3.546142578125000000e-01 3.516444421531332298e-01
3.546752929687500000e-01 3.366831766626038891e-01
3.547363281250000000e-01 3.209278602262082281e-01
3.547973632812500000e-01 3.045519374266709156e-01
3.548583984375000000e-01 2.877716729709527410e-01
3.549194335937500000e-01 2.708273643508370410e-01
3.549804687500000000e-01 2.539609383812916898e-01
3.550415039062500000e-01 2.373930149786214472e-01
3.551025390625000000e-01 2.213027427532825719e-01
3.551635742187500000e-01 2.058133653668896001e-01
3.552246093750000000e-01 1.909856478469446617e-01
3.552856445312500000e-01 1.768200989000782986e-01
3.553466796875000000e-01 1.632675377166979414e-01
3.554077148437500000e-01 1.502462308086107423e-01
3.554687500000000000e-01 1.376628218946868154e-01
3.555297851562500000e-01 1.254337396783452019e-01
3.555908203125000000e-01 1.135037483511324996e-01
3.556518554687500000e-01 1.018588115626186952e-01
3.557128906250000000e-01 9.053138542455516080e-02
3.557739257812500000e-01 7.959743963569725078e-02
3.558349609375000000e-01 6.916571461628365225e-02
3.558959960937500000e-01 5.936080590104010624e-02
3.559570312500000000e-01 5.030251075037097536e-02
3.560180664062500000e-01 4.208438013931484201e-02
3.560791015625000000e-01 3.475454621269274263e-02
3.561401367187500000e-01 2.830163970742688440e-02
3.562011718750000000e-01 2.264796452479364217e-02
3.562622070312500000e-01 1.765106840013792172e-02
3.563232421875000000e-01 1.311358678806333680e-02
3.563842773437500000e-01 8.800019779234058426e-03
3.564453125000000000e-01 4.458164881542348371e-03
3.565063476562500000e-01 -1.576286296515322372e-04
3.565673828125000000e-01 -5.264362876445038801e-03
3.566284179687500000e-01 -1.103216637973519938e-02
3.566894531250000000e-01 -1.757208096115703971e-02
3.567504882812500000e-01 -2.493127532715895198e-02
3.568115234375000000e-01 -3.309627507884051190e-02
3.568725585937500000e-01 -4.200380044427566573e-02
3.569335937500000000e-01 -5.155765411435500600e-02
3.569946289062500000e-01 -6.164905608300176587e-02
3.570556640625000000e-01 -7.217719131635078056e-02
3.571166992187500000e-01 -8.306666981847905806e-02
3.571777343750000000e-01 -9.427910125656366325e-02
3.572387695312500000e-01 -1.058169872782214332e-01
3.572998046875000000e-01 -1.177194307346562802e-01
3.573608398437500000e-01 -1.300504352784339901e-01
3.574218750000000000e-01 -1.428816012982739025e-01
3.574829101562500000e-01 -1.562717907879125345e-01
3.575439453125000000e-01 -1.702468309919070721e-01
3.576049804687500000e-01 -1.847824326860382504e-01
3.576660156250000000e-01 -1.997931057916740027e-01
3.577270507812500000e-01 -2.151290207300981527e-01
3.577880859375000000e-01 -2.305816417268473639e-01
3.578491210937500000e-01 -2.458976905997920515e-01
3.579101562500000000e-01 -2.607997551435473627e-01
3.579711914062500000e-01 -2.750108629204280342e-01
3.580322265625000000e-01 -2.882797979329521643e-01
3.580932617187500000e-01 -3.004039153311849342e-01
3.581542968750000000e-01 -3.112466516214343892e-01
3.582153320312500000e-01 -3.207477028729343593e-01
3.582763671875000000e-01 -3.289247819941161222e-01
3.583374023437500000e-01 -3.358668347743976601e-01
3.583984375000000000e-01 -3.417195706786886888e-01
3.584594726562500000e-01 -3.466651603441672225e-01
3.585205078125000000e-01 -3.508988455604908907e-01
3.585815429687500000e-01 -3.546057424291924609e-01
3.586425781250000000e-01 -3.579411005945848379e-01
3.587036132812500000e-01 -3.610167179693269945e-01
3.587646484375000000e-01 -3.638952390948842486e-01
3.588256835937500000e-01 -3.665928470343448597e-01
3.588867187500000000e-01 -3.690895836966370247e-01
3.589477539062500000e-01 -3.713454282932349693e-01
3.590087890625000000e-01 -3.733194932218042994e-01
3.590698242187500000e-01 -3.749892923002595135e-01
3.591308593750000000e-01 -3.763669873822269030e-01
3.591918945312500000e-01 -3.775098789266165822e-01
3.592529296875000000e-01 -3.785232034951038216e-01
3.593139648437500000e-01 -3.795544294300750021e-01
3.593750000000000000e-01 -3.807795320638646119e-01
3.594360351562500000e-01 -3.823830209213560649e-01
3.594970703125000000e-01 -3.845345621134360070e-01
3.595581054687500000e-01 -3.873656312292150239e-01
3.596191406250000000e-01 -3.909496228052419808e-01
3.596801757812500000e-01 -3.952882962387005428e-01
3.597412109375000000e-01 -4.003064753191892255e-01
3.598022460937500000e-01 -4.058556560920598688e-01
3.598632812500000000e-01 -4.117258222428772929e-01
3.599243164062500000e-01 -4.176636273994382420e-01
3.599853515625000000e-01 -4.233944068250761750e-01
3.600463867187500000e-01 -4.286452193873652727e-01
3.601074218750000000e-01 -4.331661513140246944e-01
3.601684570312500000e-01 -4.367473722453522611e-01
3.602294921875000000e-01 -4.392299623551828569e-01
3.602905273437500000e-01 -4.405093343095382585e-01
3.603515625000000000e-01 -4.405310819283400625e-01
3.604125976562500000e-01 -4.392801752018302697e-01
3.604736328125000000e-01 -4.367654174300550918e-01
3.605346679687500000e-01 -4.330018056859814557e-01
3.605957031250000000e-01 -4.279937664521818452e-01
3.606567382812500000e-01 -4.217221077415500563e-01
3.607177734375000000e-01 -4.141369392872323307e-01
3.607788085937500000e-01 -4.051578820016071836e-01
3.608398437500000000e-01 -3.946818280232389231e-01
3.609008789062500000e-01 -3.825974916532026704e-01
3.609619140625000000e-01 -3.688050436147226607e-01
3.610229492187500000e-01 -3.532382550429495893e-01
3.610839843750000000e-01 -3.358859384575153539e-01
3.611450195312500000e-01 -3.168093035150332804e-01
3.612060546875000000e-01 -2.961522917612910977e-01
3.612670898437500000e-01 -2.741429544018719744e-01
3.613281250000000000e-01 -2.510852891600603987e-01
3.613891601562500000e-01 -2.273424252352801989e-01
3.614501953125000000e-01 -2.033133779307587097e-01
3.615112304687500000e-01 -1.794065069754326447e-01
3.615722656250000000e-01 -1.560131392690576879e-01
3.616333007812500000e-01 -1.334845881529477807e-01
3.616943359375000000e-01 -1.121151591736534447e-01
3.617553710937500000e-01 -9.213282131814204412e-02
3.618164062500000000e-01 -7.369817369896536352e-02
3.618774414062500000e-01 -5.691126955554726141e-02
3.619384765625000000e-01 -4.182484665608798835e-02
3.619995117187500000e-01 -2.846162321493173053e-02
3.620605468750000000e-01 -1.683271758555604514e-02
3.621215820312500000e-01 -6.954156434538116827e-03
3.621826171875000000e-01 1.141100444890463805e-03
3.622436523437500000e-01 7.397363475660334586e-03
3.623046875000000000e-01 1.173743934402859956e-02
3.623657226562500000e-01 1.407072326640357307e-02
3.624267578125000000e-01 1.430711063629241941e-02
3.624877929687500000e-01 1.237492381942262298e-02
3.625488281250000000e-01 8.240466267941393141e-03
3.626098632812500000e-01 1.926421431403535500e-03
3.626708984375000000e-01 -6.473801916610288920e-03
3.627319335937500000e-01 -1.678834745908430737e-02
3.627929687500000000e-01 -2.876754080812704562e-02
3.628540039062500000e-01 -4.209339412238610745e-02
3.629150390625000000e-01 -5.639718202029597727e-02
3.629760742187500000e-01 -7.128303348872522260e-02
3.630371093750000000e-01 -8.635451034043362117e-02
3.630981445312500000e-01 -1.012406715250190881e-01
3.631591796875000000e-01 -1.156182534780506588e-01
3.632202148437500000e-01 -1.292272313178919885e-01
3.632812500000000000e-01 -1.418780157829021560e-01
3.633422851562500000e-01 -1.534497875887900764e-01
3.634033203125000000e-01 -1.638808050800551475e-01
3.634643554687500000e-01 -1.731526480613367891e-01
3.635253906250000000e-01 -1.812710711968399391e-01
3.635864257812500000e-01 -1.882464549838950285e-01
3.636474609375000000e-01 -1.940768359979970770e-01
3.637084960937500000e-01 -1.987361267039763901e-01
3.637695312500000000e-01 -2.021693510925710036e-01
3.638305664062500000e-01 -2.042956276481700528e-01
3.638916015625000000e-01 -2.050184116926104250e-01
3.639526367187500000e-01 -2.042413391320543337e-01
3.640136718750000000e-01 -2.018870956289053886e-01
3.640747070312500000e-01 -1.979162894029714570e-01
3.641357421875000000e-01 -1.923434161004964893e-01
3.641967773437500000e-01 -1.852475504404655915e-01
3.642578125000000000e-01 -1.767761857627901945e-01
3.643188476562500000e-01 -1.671415264063673689e-01
3.643798828125000000e-01 -1.566094310067583373e-01
3.644409179687500000e-01 -1.454820495962105831e-01
3.645019531250000000e-01 -1.340759719580557063e-01
3.645629882812500000e-01 -1.226983789483770404e-01
3.646240234375000000e-01 -1.116241472365985254e-01
3.646850585937500000e-01 -1.010769233932405919e-01
3.647460937500000000e-01 -9.121675315349286883e-02
3.648071289062500000e-01 -8.213598149267897774e-02
3.648681640625000000e-01 -7.386396121006766347e-02
3.649291992187500000e-01 -6.637976762318487101e-02
3.649902343750000000e-01 -5.963085035639381637e-02
3.650512695312500000e-01 -5.355465429317141091e-02
3.651123046875000000e-01 -4.809985185623300019e-02
3.651733398437500000e-01 -4.324390219891943721e-02
3.652343750000000000e-01 -3.900415780117960640e-02
3.652954101562500000e-01 -3.544070412824623650e-02
3.653564453125000000e-01 -3.265044819419776756e-02
3.654174804687500000e-01 -3.075339330218201939e-02
3.654785156250000000e-01 -2.987328243787223947e-02
3.655395507812500000e-01 -3.011570074910874251e-02
3.656005859375000000e-01 -3.154714420003412734e-02
3.656616210937500000e-01 -3.417833953965476734e-02
3.657226562500000000e-01 -3.795428451692944849e-02
3.657836914062500000e-01 -4.275234824179330317e-02
3.658447265625000000e-01 -4.838861974224178963e-02
3.659057617187500000e-01 -5.463163458455333465e-02
3.659667968750000000e-01 -6.122168302595176748e-02
3.660278320312500000e-01 -6.789320555397343471e-02
3.660888671875000000e-01 -7.439741750530864950e-02
3.661499023437500000e-01 -8.052230547653005388e-02
3.662109375000000000e-01 -8.610750325754362722e-02
3.662719726562500000e-01 -9.105227124954096141e-02
3.663330078125000000e-01 -9.531577335805091478e-02
3.663940429687500000e-01 -9.890988134724426617e-02
3.664550781250000000e-01 -1.018856768369726107e-01
3.665161132812500000e-01 -1.043155916414622020e-01
3.665771484375000000e-01 -1.062736846721903938e-01
3.666381835937500000e-01 -1.078168454531233111e-01
3.666992187500000000e-01 -1.089696940414512372e-01
3.667602539062500000e-01 -1.097155689692806135e-01
3.668212890625000000e-01 -1.099952170088848158e-01
3.668823242187500000e-01 -1.097136670233636868e-01
3.669433593750000000e-01 -1.087544837511320306e-01
3.670043945312500000e-01 -1.069994186633008160e-01
3.670654296875000000e-01 -1.043505865809603028e-01
3.671264648437500000e-01 -1.007517917129352458e-01
3.671875000000000000e-01 -9.620559847774089179e-02
3.672485351562500000e-01 -9.078328586402001354e-02
3.673095703125000000e-01 -8.462590328652566662e-02
3.673706054687500000e-01 -7.793603611118549157e-02
3.674316406250000000e-01 -7.096132563094301182e-02
3.674926757812500000e-01 -6.397207965258389084e-02
3.675537109375000000e-01 -5.723625454114120159e-02
3.676147460937500000e-01 -5.099544982402723359e-02
3.676757812500000000e-01 -4.544523059443672519e-02
3.677368164062500000e-01 -4.072224037334831737e-02
3.677978515625000000e-01 -3.689946784103483035e-02
3.678588867187500000e-01 -3.398986551679301221e-02
3.679199218750000000e-01 -3.195738345955782128e-02
3.679809570312500000e-01 -3.073352004930098719e-02
3.680419921875000000e-01 -3.023684730804913900e-02
3.681030273437500000e-01 -3.039267303620488830e-02
3.681640625000000000e-01 -3.115003396660612558e-02
3.682250976562500000e-01 -3.249359203245245908e-02
3.682861328125000000e-01 -3.444874942063039236e-02
3.683471679687500000e-01 -3.707931965317828177e-02
3.684082031250000000e-01 -4.047818688912047103e-02
3.684692382812500000e-01 -4.475233176008901886e-02
3.685302734375000000e-01 -5.000426298975647887e-02
3.685913085937500000e-01 -5.631226340310219181e-02
3.686523437500000000e-01 -6.371201213181663936e-02
3.687133789062500000e-01 -7.218211874695973362e-02
3.687744140625000000e-01 -8.163582750776920971e-02
3.688354492187500000e-01 -9.192051385100605265e-02
3.688964843750000000e-01 -1.028255989316419761e-01
3.689575195312500000e-01 -1.140982838343036210e-01
3.690185546875000000e-01 -1.254652379709196852e-01
3.690795898437500000e-01 -1.366572868130494778e-01
3.691406250000000000e-01 -1.474335052896464104e-01
3.692016601562500000e-01 -1.576011413559024743e-01
3.692626953125000000e-01 -1.670284616782102827e-01
3.693237304687500000e-01 -1.756487398661972232e-01
3.693847656250000000e-01 -1.834549838140704936e-01
3.694458007812500000e-01 -1.904864499430030667e-01
3.695068359375000000e-01 -1.968093160905395600e-01
3.695678710937500000e-01 -2.024948181960875004e-01
3.696289062500000000e-01 -2.075984868679414674e-01
3.696899414062500000e-01 -2.121437922944898746e-01
3.697509765625000000e-01 -2.161126139440581739e-01
3.698120117187500000e-01 -2.194437082700268493e-01
3.698730468750000000e-01 -2.220390413454623735e-01
3.699340820312500000e-01 -2.237767364616686239e-01
3.699951171875000000e-01 -2.245285770027830585e-01
3.700561523437500000e-01 -2.241795102000866957e-01
3.701171875000000000e-01 -2.226464058707113280e-01
3.701782226562500000e-01 -2.198934411612235573e-01
3.702392578125000000e-01 -2.159419216988626156e-01
3.703002929687500000e-01 -2.108731009878677676e-01
3.703613281250000000e-01 -2.048235308316871950e-01
3.704223632812500000e-01 -1.979734978512468491e-01
3.704833984375000000e-01 -1.905300076616780469e-01
3.705444335937500000e-01 -1.827064503696176900e-01
3.706054687500000000e-01 -1.747014580029224162e-01
3.706665039062500000e-01 -1.666795341794041763e-01
3.707275390625000000e-01 -1.587558173529655114e-01
3.707885742187500000e-01 -1.509868791095465013e-01
3.708496093750000000e-01 -1.433688171177040505e-01
3.709106445312500000e-01 -1.358431015439934275e-01
3.709716796875000000e-01 -1.283096600550570066e-01
3.710327148437500000e-01 -1.206455879107847240e-01
3.710937500000000000e-01 -1.127268615099353832e-01
3.711547851562500000e-01 -1.044498175450315758e-01
3.712158203125000000e-01 -9.574910497025734823e-02
3.712768554687500000e-01 -8.660930110641013036e-02
3.713378906250000000e-01 -7.706832288718001855e-02
3.713989257812500000e-01 -6.721207056981171046e-02
3.714599609375000000e-01 -5.716122278998769790e-02
3.715209960937500000e-01 -4.705243667959202458e-02
3.715820312500000000e-01 -3.701711459149492622e-02
3.716430664062500000e-01 -2.716127444186644535e-02
3.717041015625000000e-01 -1.754987118943185376e-02
3.717651367187500000e-01 -8.198122789114581366e-03
3.718261718750000000e-01 9.289013647010291308e-04
3.718872070312500000e-01 9.908628795859852900e-03
3.719482421875000000e-01 1.884671694998940605e-02
3.720092773437500000e-01 2.785848140034397069e-02
3.720703125000000000e-01 3.704878170181358232e-02
3.721313476562500000e-01 4.649316797778002552e-02
3.721923828125000000e-01 5.622276044844065623e-02
3.722534179687500000e-01 6.621474418189410294e-02
3.723144531250000000e-01 7.638962573198326833e-02
3.723754882812500000e-01 8.661557684500276189e-02
3.724365234375000000e-01 9.671933480444749875e-02
3.724975585937500000e-01 1.065023341498537723e-01
3.725585937500000000e-01 1.157601131111561932e-01
3.726196289062500000e-01 1.243026298533180807e-01
3.726806640625000000e-01 1.319729835635792270e-01
3.727416992187500000e-01 1.386622107354102962e-01
3.728027343750000000e-01 1.443182997962372260e-01
3.728637695312500000e-01 1.489482395702545481e-01
3.729248046875000000e-01 1.526127125943415042e-01
3.729858398437500000e-01 1.554139540075186177e-01
3.730468750000000000e-01 1.574782773319409745e-01
3.731079101562500000e-01 1.589356647751496987e-01
3.731689453125000000e-01 1.598994340459782837e-01
3.732299804687500000e-01 1.604491746906757665e-01
3.732910156250000000e-01 1.606198003970050747e-01
3.733520507812500000e-01 1.603986758761694054e-01
3.734130859375000000e-01 1.597314790796893758e-01
3.734741210937500000e-01 1.585360110238532849e-01
3.735351562500000000e-01 1.567218286683081940e-01
3.735961914062500000e-01 1.542125478126600835e-01
3.736572265625000000e-01 1.509671322479303468e-01
3.737182617187500000e-01 1.469966260129632052e-01
3.737792968750000000e-01 1.423736020348962961e-01
3.738403320312500000e-01 1.372328782615942488e-01
3.739013671875000000e-01 1.317635071985228112e-01
3.739624023437500000e-01 1.261934245261175924e-01
3.740234375000000000e-01 1.207691945651805376e-01
3.740844726562500000e-01 1.157338043700342212e-01
3.741455078125000000e-01 1.113054268779852807e-01
3.742065429687500000e-01 1.076596991440731399e-01
3.742675781250000000e-01 1.049175247645143250e-01
3.743286132812500000e-01 1.031397237679221313e-01
3.743896484375000000e-01 1.023289938784885944e-01
3.744506835937500000e-01 1.024386974639009962e-01
3.745117187500000000e-01 1.033870913655416945e-01
3.745727539062500000e-01 1.050748906710494701e-01
3.746337890625000000e-01 1.074036219905842859e-01
3.746948242187500000e-01 1.102921911469732508e-01
3.747558593750000000e-01 1.136894609001006251e-01
3.748168945312500000e-01 1.175812545037800416e-01
3.748779296875000000e-01 1.219909072583842402e-01
3.749389648437500000e-01 1.269732193420499700e-01
3.750000000000000000e-01 1.326024204937866768e-01
3.750610351562500000e-01 1.389555336225817284e-01
3.751220703125000000e-01 1.460932854666522895e-01
3.751831054687500000e-01 1.540413540509568135e-01
3.752441406250000000e-01 1.627750492118889003e-01
3.753051757812500000e-01 1.722102579950147705e-01
3.753662109375000000e-01 1.822025885823190250e-01
3.754272460937500000e-01 1.925553008415833434e-01
3.754882812500000000e-01 2.030351207857441498e-01
3.755493164062500000e-01 2.133936779849317511e-01
3.756103515625000000e-01 2.233913363609243419e-01
3.756713867187500000e-01 2.328198224939291294e-01
3.757324218750000000e-01 2.415203287809892241e-01
3.757934570312500000e-01 2.493945389377501543e-01
3.758544921875000000e-01 2.564071331623176686e-01
3.759155273437500000e-01 2.625796695065665265e-01
3.759765625000000000e-01 2.679771254541440384e-01
3.760375976562500000e-01 2.726895202918486749e-01
3.760986328125000000e-01 2.768116705769028130e-01
3.761596679687500000e-01 2.804242018611106113e-01
3.762207031250000000e-01 2.835785387348618292e-01
3.762817382812500000e-01 2.862878468440210877e-01
3.763427734375000000e-01 2.885249534052328757e-01
3.764038085937500000e-01 2.902272937991613455e-01
3.764648437500000000e-01 2.913080370037217093e-01
3.765258789062500000e-01 2.916717727528179704e-01
3.765869140625000000e-01 2.912325561805573781e-01
3.766479492187500000e-01 2.899318186505107087e-01
3.767089843750000000e-01 2.877537217201626141e-01
3.767700195312500000e-01 2.847358797088097027e-01
3.768310546875000000e-01 2.809739161905528415e-01
3.768920898437500000e-01 2.766190290557720699e-01
3.769531250000000000e-01 2.718685817670025706e-01
3.770141601562500000e-01 2.669506054844615339e-01
3.770751953125000000e-01 2.621038848820385625e-01
3.771362304687500000e-01 2.575559616101202876e-01
3.771972656250000000e-01 2.535018411022762486e-01
3.772583007812500000e-01 2.500862907263453616e-01
3.773193359375000000e-01 2.473922902298250626e-01
3.773803710937500000e-01 2.454374572736041649e-01
3.774414062500000000e-01 2.441791673768998472e-01
3.775024414062500000e-01 2.435277218943466271e-01
3.775634765625000000e-01 2.433655507587417777e-01
3.776245117187500000e-01 2.435694092110238240e-01
3.776855468750000000e-01 2.440320405471176901e-01
3.777465820312500000e-01 2.446798564717413416e-01
3.778076171875000000e-01 2.454838325642808572e-01
3.778686523437500000e-01 2.464619978009351675e-01
3.779296875000000000e-01 2.476733975793990461e-01
3.779907226562500000e-01 2.492048514708106177e-01
3.780517578125000000e-01 2.511529137642672938e-01
3.781127929687500000e-01 2.536040813530809901e-01
3.781738281250000000e-01 2.566164430941945129e-01
3.782348632812500000e-01 2.602055689248286008e-01
3.782958984375000000e-01 2.643365626599613605e-01
3.783569335937500000e-01 2.689231144247852257e-01
3.784179687500000000e-01 2.738333750356118923e-01
3.784790039062500000e-01 2.789016595050541891e-01
3.785400390625000000e-01 2.839443572871533372e-01
3.786010742187500000e-01 2.887779814430415093e-01
3.786621093750000000e-01 2.932370689310263567e-01
3.787231445312500000e-01 2.971896663715680176e-01
3.787841796875000000e-01 3.005484080433428740e-01
3.788452148437500000e-01 3.032757427680561335e-01
3.789062500000000000e-01 3.053826569792667533e-01
3.789672851562500000e-01 3.069211186390242707e-01
3.790283203125000000e-01 3.079712574459554930e-01
3.790893554687500000e-01 3.086249219584740744e-01
3.791503906250000000e-01 3.089677073982224909e-01
3.792114257812500000e-01 3.090618297911284507e-01
3.792724609375000000e-01 3.089323283010174670e-01
3.793334960937500000e-01 3.085589334135063755e-01
3.793945312500000000e-01 3.078753595672056864e-01
3.794555664062500000e-01 3.067766752430892696e-01
3.795166015625000000e-01 3.051339894205626901e-01
3.795776367187500000e-01 3.028143657941431144e-01
3.796386718750000000e-01 2.997029161872190040e-01
3.796997070312500000e-01 2.957235542195800759e-01
3.797607421875000000e-01 2.908550042493176502e-01
3.798217773437500000e-01 2.851394003699631030e-01
3.798828125000000000e-01 2.786820312967665525e-01
3.799438476562500000e-01 2.716422064812740178e-01
3.800048828125000000e-01 2.642165874844837337e-01
3.800659179687500000e-01 2.566174749221826756e-01
3.801269531250000000e-01 2.490492921347638167e-01
3.801879882812500000e-01 2.416866915969385077e-01
3.802490234375000000e-01 2.346572943896782504e-01
3.803100585937500000e-01 2.280312056245767383e-01
3.803710937500000000e-01 2.218183378015735618e-01
3.804321289062500000e-01 2.159734004867127632e-01
3.804931640625000000e-01 2.104073644710003910e-01
3.805541992187500000e-01 2.050034659229861278e-01
3.806152343750000000e-01 1.996354509117358456e-01
3.806762695312500000e-01 1.941856865898679008e-01
3.807373046875000000e-01 1.885608910898272650e-01
3.807983398437500000e-01 1.827035702340847889e-01
3.808593750000000000e-01 1.765977959469557934e-01
3.809204101562500000e-01 1.702686474025773000e-01
3.809814453125000000e-01 1.637754113256490451e-01
3.810424804687500000e-01 1.571994689546549751e-01
3.811035156250000000e-01 1.506285663226200611e-01
3.811645507812500000e-01 1.441397010293766212e-01
3.812255859375000000e-01 1.377830787780660593e-01
3.812866210937500000e-01 1.315695277705665744e-01
3.813476562500000000e-01 1.254634322066866536e-01
3.814086914062500000e-01 1.193826142720003647e-01
3.814697265625000000e-01 1.132056495411513097e-01
3.815307617187500000e-01 1.067859568565233119e-01
3.815917968750000000e-01 9.997085063506733205e-02
3.816528320312500000e-01 9.262279153159236333e-02
3.817138671875000000e-01 8.463954574140752918e-02
3.817749023437500000e-01 7.597004029463472197e-02
3.818359375000000000e-01 6.662338110686238934e-02
3.818969726562500000e-01 5.666960735197512644e-02
3.819580078125000000e-01 4.623207825979769314e-02
3.820190429687500000e-01 3.547272796494094216e-02
3.820800781250000000e-01 2.457254388037954929e-02
3.821411132812500000e-01 1.371029360148290355e-02
3.822021484375000000e-01 3.042662324176381716e-03
3.822631835937500000e-01 -7.311358244585952626e-03
3.823242187500000000e-01 -1.727969944283358483e-02
3.823852539062500000e-01 -2.683899837218750584e-02
3.824462890625000000e-01 -3.600910690085656896e-02
3.825073242187500000e-01 -4.484158215160205518e-02
3.825683593750000000e-01 -5.340411556793256409e-02
3.826293945312500000e-01 -6.176320044661254283e-02
3.826904296875000000e-01 -6.996742427045476997e-02
3.827514648437500000e-01 -7.803362365220412045e-02
3.828125000000000000e-01 -8.593775937202641213e-02
3.828735351562500000e-01 -9.361180386177803125e-02
3.829345703125000000e-01 -1.009472018533986715e-01
3.829956054687500000e-01 -1.078045812129588832e-01
3.830566406250000000e-01 -1.140284946998594284e-01
3.831176757812500000e-01 -1.194652858280885743e-01
3.831787109375000000e-01 -1.239818061300413943e-01
3.832397460937500000e-01 -1.274826312757756375e-01
3.833007812500000000e-01 -1.299235875930754291e-01
3.833618164062500000e-01 -1.313198102738768469e-01
3.834228515625000000e-01 -1.317471603055697660e-01
3.834838867187500000e-01 -1.313365475805352567e-01
3.835449218750000000e-01 -1.302615583506357977e-01
3.836059570312500000e-01 -1.287208023995599637e-01
3.836669921875000000e-01 -1.269173981333245882e-01
3.837280273437500000e-01 -1.250386400454602809e-01
3.837890625000000000e-01 -1.232389344925125529e-01
3.838500976562500000e-01 -1.216286048732175828e-01
3.839111328125000000e-01 -1.202702558002202160e-01
3.839721679687500000e-01 -1.191831261158803335e-01
3.840332031250000000e-01 -1.183544857731402278e-01
3.840942382812500000e-01 -1.177559828990180080e-01
3.841552734375000000e-01 -1.173621117612854148e-01
3.842163085937500000e-01 -1.171676586219423388e-01
3.842773437500000000e-01 -1.172011343705693376e-01
3.843383789062500000e-01 -1.175319093050364305e-01
3.843994140625000000e-01 -1.182699305259873324e-01
3.844604492187500000e-01 -1.195582065089279000e-01
3.845214843750000000e-01 -1.215593776475573096e-01
3.845825195312500000e-01 -1.244384979338511998e-01
3.846435546875000000e-01 -1.283445586311457998e-01
3.847045898437500000e-01 -1.333932652961413723e-01
3.847656250000000000e-01 -1.396532170944185802e-01
3.848266601562500000e-01 -1.471370934706174305e-01
3.848876953125000000e-01 -1.557988314855104917e-01
3.849487304687500000e-01 -1.655370841835842599e-01
3.850097656250000000e-01 -1.762045002948337546e-01
3.850708007812500000e-01 -1.876216498288731382e-01
3.851318359375000000e-01 -1.995938519485501716e-01
3.851928710937500000e-01 -2.119287979293018598e-01
3.852539062500000000e-01 -2.244527283208230251e-01
3.853149414062500000e-01 -2.370230595120346173e-01
3.853759765625000000e-01 -2.495357665597828789e-01
3.854370117187500000e-01 -2.619264669780413946e-01
3.854980468750000000e-01 -2.741649634461251206e-01
3.855590820312500000e-01 -2.862439250737616736e-01
3.856201171875000000e-01 -2.981632888296272821e-01
3.856811523437500000e-01 -3.099126981723580032e-01
3.857421875000000000e-01 -3.214547555826423042e-01
3.858032226562500000e-01 -3.327119469078553271e-01
3.858642578125000000e-01 -3.435596684126085432e-01
3.859252929687500000e-01 -3.538268216370845098e-01
3.859863281250000000e-01 -3.633041602537292469e-01
3.860473632812500000e-01 -3.717593278434546122e-01
3.861083984375000000e-01 -3.789565183051897268e-01
3.861694335937500000e-01 -3.846779671756325181e-01
3.862304687500000000e-01 -3.887441365346951394e-01
3.862915039062500000e-01 -3.910296396379531747e-01
3.863525390625000000e-01 -3.914726646664660192e-01
3.864135742187500000e-01 -3.900767050727161900e-01
3.864746093750000000e-01 -3.869045765725946939e-01
3.865356445312500000e-01 -3.820658554005618157e-01
3.865966796875000000e-01 -3.756998479247761757e-01
3.866577148437500000e-01 -3.679567920554844829e-01
3.867187500000000000e-01 -3.589800686341544922e-01
3.867797851562500000e-01 -3.488918308052095796e-01
3.868408203125000000e-01 -3.377838290970747170e-01
3.869018554687500000e-01 -3.257144666015638901e-01
3.869628906250000000e-01 -3.127123192381449091e-01
3.870239257812500000e-01 -2.987855363955648769e-01
3.870849609375000000e-01 -2.839357720629009929e-01
3.871459960937500000e-01 -2.681746875535964136e-01
3.872070312500000000e-01 -2.515406991269411030e-01
3.872680664062500000e-01 -2.341135777380703997e-01
3.873291015625000000e-01 -2.160247653261516132e-01
3.873901367187500000e-01 -1.974618132163095119e-01
3.874511718750000000e-01 -1.786661064677892430e-01
3.875122070312500000e-01 -1.599239233958840156e-01
3.875732421875000000e-01 -1.415517554859579974e-01
3.876342773437500000e-01 -1.238775587627502922e-01
3.876953125000000000e-01 -1.072201754203490343e-01
3.877563476562500000e-01 -9.186952939673875829e-02
3.878173828125000000e-01 -7.807027897182514109e-02
3.878784179687500000e-01 -6.601126615244895524e-02
3.879394531250000000e-01 -5.582227628899819050e-02
3.880004882812500000e-01 -4.757843007397076496e-02
3.880615234375000000e-01 -4.131122124894505421e-02
3.881225585937500000e-01 -3.702408058322541329e-02
3.881835937500000000e-01 -3.470964650837776722e-02
3.882446289062500000e-01 -3.436576808104464809e-02
3.883056640625000000e-01 -3.600759494406308159e-02
3.883666992187500000e-01 -3.967377634279204562e-02
3.884277343750000000e-01 -4.542569614291236402e-02
3.884887695312500000e-01 -5.333975175600248059e-02
3.885498046875000000e-01 -6.349378356769840026e-02
3.886108398437500000e-01 -7.594963725040766722e-02
3.886718750000000000e-01 -9.073435941554965078e-02
3.887329101562500000e-01 -1.078226968466013402e-01
3.887939453125000000e-01 -1.271233956094361128e-01
3.888549804687500000e-01 -1.484712459541102370e-01
3.889160156250000000e-01 -1.716259832228025917e-01
3.889770507812500000e-01 -1.962782680183476347e-01
3.890380859375000000e-01 -2.220621671743014114e-01
3.890991210937500000e-01 -2.485728000058559095e-01
3.891601562500000000e-01 -2.753871121748258100e-01
3.892211914062500000e-01 -3.020852661888706603e-01
3.892822265625000000e-01 -3.282700604382691734e-01
3.893432617187500000e-01 -3.535821195111524817e-01
3.894042968750000000e-01 -3.777092415591394303e-01
3.894653320312500000e-01 -4.003891242713296661e-01
3.895263671875000000e-01 -4.214055832754962649e-01
3.895874023437500000e-01 -4.405792051905407236e-01
3.896484375000000000e-01 -4.577540853270207211e-01
3.897094726562500000e-01 -4.727828504945431054e-01
3.897705078125000000e-01 -4.855124891005004883e-01
3.898315429687500000e-01 -4.957735213459626977e-01
3.898925781250000000e-01 -5.033746944927787181e-01
3.899536132812500000e-01 -5.081046675068341401e-01
3.900146484375000000e-01 -5.097410684377045031e-01
3.900756835937500000e-01 -5.080660024064147517e-01
3.901367187500000000e-01 -5.028858841446635086e-01
3.901977539062500000e-01 -4.940527055127260092e-01
3.902587890625000000e-01 -4.814836460493961412e-01
3.903198242187500000e-01 -4.651762183706290577e-01
3.903808593750000000e-01 -4.452168136926014652e-01
3.904418945312500000e-01 -4.217814934622067247e-01
3.905029296875000000e-01 -3.951289919586636890e-01
3.905639648437500000e-01 -3.655869326881182602e-01
3.906250000000000000e-01 -3.335331075613429674e-01
3.906860351562500000e-01 -2.993742883374974073e-01
3.907470703125000000e-01 -2.635253296888367958e-01
3.908081054687500000e-01 -2.263911599095463356e-01
3.908691406250000000e-01 -1.883536640831953712e-01
3.909301757812500000e-01 -1.497646114637294912e-01
3.909912109375000000e-01 -1.109448286763978775e-01
3.910522460937500000e-01 -7.218889783883641886e-02
3.911132812500000000e-01 -3.377390373596278472e-02
3.911743164062500000e-01 4.029721201705860345e-03
3.912353515625000000e-01 4.094739714474321390e-02
3.912963867187500000e-01 7.669174076720663980e-02
3.913574218750000000e-01 1.109578651515910064e-01
3.914184570312500000e-01 1.434238938932091978e-01
3.914794921875000000e-01 1.737571924231963161e-01
3.915405273437500000e-01 2.016260081773610380e-01
3.916015625000000000e-01 2.267154366654700048e-01
3.916625976562500000e-01 2.487459410498311652e-01
3.917236328125000000e-01 2.674921570667430082e-01
3.917846679687500000e-01 2.827995422324092734e-01
3.918457031250000000e-01 2.945966107727889249e-01
3.919067382812500000e-01 3.029009820125727059e-01
3.919677734375000000e-01 3.078182190414455732e-01
3.920288085937500000e-01 3.095334036007341694e-01
3.920898437500000000e-01 3.082964408591675753e-01
3.921508789062500000e-01 3.044029988013925991e-01
3.922119140625000000e-01 2.981736000421824628e-01
3.922729492187500000e-01 2.899336183595144223e-01
3.923339843750000000e-01 2.799967382170193142e-01
3.923950195312500000e-01 2.686538204500030225e-01
3.924560546875000000e-01 2.561682109806781571e-01
3.925170898437500000e-01 2.427775390629864360e-01
3.925781250000000000e-01 2.287011204297912936e-01
3.926391601562500000e-01 2.141512594689711224e-01
3.927001953125000000e-01 1.993461205529897251e-01
3.927612304687500000e-01 1.845215780216967749e-01
3.928222656250000000e-01 1.699396562956525525e-01
3.928833007812500000e-01 1.558917613266888047e-01
3.929443359375000000e-01 1.426957215330391104e-01
3.930053710937500000e-01 1.306865729382611363e-01
3.930664062500000000e-01 1.202019255654367402e-01
3.931274414062500000e-01 1.115635105633676627e-01
3.931884765625000000e-01 1.050570595328784718e-01
3.932495117187500000e-01 1.009129947828281137e-01
3.933105468750000000e-01 9.929045465881680688e-02
3.933715820312500000e-01 1.002668283092155166e-01
3.934326171875000000e-01 1.038341983584202266e-01
3.934936523437500000e-01 1.099030532059657173e-01
3.935546875000000000e-01 1.183126041525995875e-01
3.936157226562500000e-01 1.288462255609625906e-01
3.936767578125000000e-01 1.412500104920568766e-01
3.937377929687500000e-01 1.552522044169060145e-01
3.937988281250000000e-01 1.705812905756950437e-01
3.938598632812500000e-01 1.869806890205059080e-01
3.939208984375000000e-01 2.042184111481580855e-01
3.939819335937500000e-01 2.220906435492789877e-01
3.940429687500000000e-01 2.404190895077435441e-01
3.941040039062500000e-01 2.590428383483724950e-01
3.941650390625000000e-01 2.778064328463974997e-01
3.942260742187500000e-01 2.965465235366592789e-01
3.942871093750000000e-01 3.150798098053466112e-01
3.943481445312500000e-01 3.331946973232545739e-01
3.944091796875000000e-01 3.506483430384657596e-01
3.944702148437500000e-01 3.671698072152338455e-01
3.945312500000000000e-01 3.824691105317756246e-01
3.945922851562500000e-01 3.962511757900639142e-01
3.946533203125000000e-01 4.082329824782682803e-01
3.947143554687500000e-01 4.181618590897416832e-01
3.947753906250000000e-01 4.258326773766966111e-01
3.948364257812500000e-01 4.311017424033466439e-01
3.948974609375000000e-01 4.338954282328707501e-01
3.949584960937500000e-01 4.342121918109627110e-01
3.950195312500000000e-01 4.321175025820144233e-01
3.950805664062500000e-01 4.277322868124244781e-01
3.951416015625000000e-01 4.212164975694251412e-01
3.952026367187500000e-01 4.127502023053308822e-01
3.952636718750000000e-01 4.025149438131528923e-01
3.953247070312500000e-01 3.906779670040549934e-01
3.953857421875000000e-01 3.773813019069445218e-01
3.954467773437500000e-01 3.627368682142501632e-01
3.955078125000000000e-01 3.468278788359847598e-01
3.955688476562500000e-01 3.297159473401681806e-01
3.956298828125000000e-01 3.114525485659610515e-01
3.956909179687500000e-01 2.920929532777298276e-01
3.957519531250000000e-01 2.717104750741516361e-01
3.958129882812500000e-01 2.504088049903146485e-01
3.958740234375000000e-01 2.283304075490994733e-01
3.959350585937500000e-01 2.056594772352746958e-01
3.959960937500000000e-01 1.826187648202088343e-01
3.960571289062500000e-01 1.594605210151917585e-01
3.961181640625000000e-01 1.364527097700261593e-01
3.961791992187500000e-01 1.138623846808031748e-01
3.962402343750000000e-01 9.193855740477629990e-02
3.963012695312500000e-01 7.089692174277140158e-02
3.963623046875000000e-01 5.090846962330985992e-02
3.964233398437500000e-01 3.209346513813104984e-02
3.964843750000000000e-01 1.452151626322162326e-02
3.965454101562500000e-01 -1.782349576674557845e-03
3.966064453125000000e-01 -1.682652747955604156e-02
3.966674804687500000e-01 -3.063817274520452827e-02
3.967285156250000000e-01 -4.324704009931476523e-02
3.967895507812500000e-01 -5.467007506971907627e-02
3.968505859375000000e-01 -6.489902299306565814e-02
3.969116210937500000e-01 -7.389295817701069247e-02
3.969726562500000000e-01 -8.157688872676288616e-02
3.970336914062500000e-01 -8.784667824654512902e-02
3.970947265625000000e-01 -9.257966153569691103e-02
3.971557617187500000e-01 -9.564958331067485720e-02
3.972167968750000000e-01 -9.694388660478923947e-02
3.972778320312500000e-01 -9.638100744118634211e-02
3.973388671875000000e-01 -9.392526102975884417e-02
3.973999023437500000e-01 -8.959713504118460570e-02
3.974609375000000000e-01 -8.347733656196937302e-02
3.975219726562500000e-01 -7.570378254005928620e-02
3.975830078125000000e-01 -6.646181425473696169e-02
3.976440429687500000e-01 -5.596905967413762228e-02
3.977050781250000000e-01 -4.445731227317985257e-02
3.977661132812500000e-01 -3.215430911088979632e-02
3.978271484375000000e-01 -1.926821194117075975e-02
3.978881835937500000e-01 -5.976949252100183241e-03
3.979492187500000000e-01 7.576374082669770638e-03
3.980102539062500000e-01 2.128174201958898948e-02
3.980712890625000000e-01 3.505472728833122775e-02
3.981323242187500000e-01 4.882448686829252149e-02
3.981933593750000000e-01 6.251907304703629986e-02
3.982543945312500000e-01 7.605022838937719465e-02
3.983154296875000000e-01 8.929996537298870440e-02
3.983764648437500000e-01 1.021111345310330987e-01
3.984375000000000000e-01 1.142837421194862202e-01
3.984985351562500000e-01 1.255779228423305749e-01
3.985595703125000000e-01 1.357233814777126235e-01
3.986206054687500000e-01 1.444341199517045760e-01
3.986816406250000000e-01 1.514265802785239035e-01
3.987426757812500000e-01 1.564389831312817392e-01
3.988037109375000000e-01 1.592495973881619120e-01
3.988647460937500000e-01 1.596919120187702545e-01
3.989257812500000000e-01 1.576651205810520318e-01
3.989868164062500000e-01 1.531388660687357794e-01
3.990478515625000000e-01 1.461517956074561697e-01
3.991088867187500000e-01 1.368041810034317241e-01
3.991699218750000000e-01 1.252456512926564125e-01
3.992309570312500000e-01 1.116598080364257783e-01
3.992919921875000000e-01 9.624800519275700239e-02
3.993530273437500000e-01 7.921479648268514584e-02
3.994140625000000000e-01 6.075738879314923624e-02
3.994750976562500000e-01 4.106079041067578483e-02
3.995361328125000000e-01 2.029927385787921867e-02
3.995971679687500000e-01 -1.356430913432182805e-03
3.996582031250000000e-01 -2.372782240728688041e-02
3.997192382812500000e-01 -4.661548509064106227e-02
3.997802734375000000e-01 -6.978669490990563329e-02
3.998413085937500000e-01 -9.296620268530120246e-02
3.999023437500000000e-01 -1.158320932628347788e-01
3.999633789062500000e-01 -1.380178410734653194e-01
4.000244140625000000e-01 -1.591208075020639212e-01
4.000854492187500000e-01 -1.787165504528838711e-01
4.001464843750000000e-01 -1.963775318602305475e-01
4.002075195312500000e-01 -2.116942141923633391e-01
4.002685546875000000e-01 -2.242961867735706050e-01
4.003295898437500000e-01 -2.338708962338572062e-01
4.003906250000000000e-01 -2.401778612289853232e-01
4.004516601562500000e-01 -2.430569466935456058e-01
4.005126953125000000e-01 -2.424301749715833121e-01
4.005737304687500000e-01 -2.382974134852429704e-01
4.006347656250000000e-01 -2.307269832431605439e-01
4.006958007812500000e-01 -2.198427611246710489e-01
4.007568359375000000e-01 -2.058096532572168957e-01
4.008178710937500000e-01 -1.888193539504033902e-01
4.008789062500000000e-01 -1.690781475704004055e-01
4.009399414062500000e-01 -1.467982612756885130e-01
4.010009765625000000e-01 -1.221938940551779984e-01
4.010620117187500000e-01 -9.548240741381308627e-02
4.011230468750000000e-01 -6.689029423527104168e-02
4.011840820312500000e-01 -3.666269191441462461e-02
4.012451171875000000e-01 -5.074605988057645511e-03
4.013061523437500000e-01 2.755830118931645867e-02
4.013671875000000000e-01 6.087155781608999394e-02
4.014282226562500000e-01 9.444833684043352218e-02
4.014892578125000000e-01 1.278219530450005470e-01
4.015502929687500000e-01 1.604850550758510908e-01
4.016113281250000000e-01 1.919052124149818184e-01
4.016723632812500000e-01 2.215455771625822745e-01
4.017333984375000000e-01 2.488883844131319911e-01
4.017944335937500000e-01 2.734584587116918319e-01
4.018554687500000000e-01 2.948437688516734045e-01
4.019165039062500000e-01 3.127104748913703824e-01
4.019775390625000000e-01 3.268108173087934665e-01
4.020385742187500000e-01 3.369834441500907385e-01
4.020996093750000000e-01 3.431470201264550379e-01
4.021606445312500000e-01 3.452888666372964099e-01
4.022216796875000000e-01 3.434508147726278438e-01
4.022827148437500000e-01 3.377145080488107576e-01
4.023437500000000000e-01 3.281881945602702633e-01
4.024047851562500000e-01 3.149966641322036187e-01
4.024658203125000000e-01 2.982754689828848171e-01
4.025268554687500000e-01 2.781699604781577850e-01
4.025878906250000000e-01 2.548389769902723589e-01
4.026489257812500000e-01 2.284622530841389221e-01
4.027099609375000000e-01 1.992499437038507404e-01
4.027709960937500000e-01 1.674522788074485069e-01
4.028320312500000000e-01 1.333673557968826362e-01
4.028930664062500000e-01 9.734536423010564654e-02
4.029541015625000000e-01 5.978805023484301540e-02
4.030151367187500000e-01 2.114290398854612452e-02
4.030761718750000000e-01 -1.810775138272557871e-02
4.031372070312500000e-01 -5.746201411187568109e-02
4.031982421875000000e-01 -9.641678308781931328e-02
4.032592773437500000e-01 -1.344876263649575909e-01
4.033203125000000000e-01 -1.712281634165651600e-01
4.033813476562500000e-01 -2.062468461709419110e-01
4.034423828125000000e-01 -2.392191594727562931e-01
4.035034179687500000e-01 -2.698936806861449433e-01
4.035644531250000000e-01 -2.980911592255285902e-01
4.036254882812500000e-01 -3.236967939253748705e-01
4.036865234375000000e-01 -3.466470386812526838e-01
4.037475585937500000e-01 -3.669132498682119436e-01
4.038085937500000000e-01 -3.844850440022024585e-01
4.038696289062500000e-01 -3.993562499017577205e-01
4.039306640625000000e-01 -4.115157986545689428e-01
4.039916992187500000e-01 -4.209448884245874933e-01
4.040527343750000000e-01 -4.276205471632592570e-01
4.041137695312500000e-01 -4.315246106146827243e-01
4.041748046875000000e-01 -4.326563251078186512e-01
4.042358398437500000e-01 -4.310463170565948521e-01
4.042968750000000000e-01 -4.267695562574446155e-01
4.043579101562500000e-01 -4.199551745794881663e-01
4.044189453125000000e-01 -4.107914967819423779e-01
4.044799804687500000e-01 -3.995252940725148583e-01
4.045410156250000000e-01 -3.864550643771080818e-01
4.046020507812500000e-01 -3.719190233736183737e-01
4.046630859375000000e-01 -3.562792483420992307e-01
4.047241210937500000e-01 -3.399038352763581461e-01
4.047851562500000000e-01 -3.231489957189130346e-01
4.048461914062500000e-01 -3.063428680082598832e-01
4.049072265625000000e-01 -2.897725328913939302e-01
4.049682617187500000e-01 -2.736753303950536509e-01
4.050292968750000000e-01 -2.582351293087165045e-01
4.050903320312500000e-01 -2.435837571374185884e-01
4.051513671875000000e-01 -2.298073354725533313e-01
4.052124023437500000e-01 -2.169567224768040870e-01
4.052734375000000000e-01 -2.050606686518667843e-01
4.053344726562500000e-01 -1.941398043134758833e-01
4.053955078125000000e-01 -1.842193453697275607e-01
4.054565429687500000e-01 -1.753384681295442893e-01
4.055175781250000000e-01 -1.675546885841190936e-01
4.055786132812500000e-01 -1.609423150482376941e-01
4.056396484375000000e-01 -1.555850315102971781e-01
4.057006835937500000e-01 -1.515636943104569090e-01
4.057617187500000000e-01 -1.489412946652535763e-01
4.058227539062500000e-01 -1.477476415686617695e-01
4.058837890625000000e-01 -1.479665300737531830e-01
4.059448242187500000e-01 -1.495278479443336028e-01
4.060058593750000000e-01 -1.523062410940543843e-01
4.060668945312500000e-01 -1.561267831272285245e-01
4.061279296875000000e-01 -1.607768377449571851e-01
4.061889648437500000e-01 -1.660222282498416968e-01
4.062500000000000000e-01 -1.716251599110868997e-01
4.063110351562500000e-01 -1.773611993443556800e-01
4.063720703125000000e-01 -1.830329606009589716e-01
4.064331054687500000e-01 -1.884788372424143210e-01
4.064941406250000000e-01 -1.935760080347335710e-01
4.065551757812500000e-01 -1.982378656399477190e-01
4.066162109375000000e-01 -2.024067740380861014e-01
4.066772460937500000e-01 -2.060435474590681659e-01
4.067382812500000000e-01 -2.091153159769351122e-01
4.067993164062500000e-01 -2.115835645592399339e-01
4.068603515625000000e-01 -2.133940508755999277e-01
4.069213867187500000e-01 -2.144699790071057377e-01
4.069824218750000000e-01 -2.147093398884184490e-01
4.070434570312500000e-01 -2.139868562987837786e-01
4.071044921875000000e-01 -2.121604870197815185e-01
4.071655273437500000e-01 -2.090819138261891252e-01
4.072265625000000000e-01 -2.046099268330882071e-01
4.072875976562500000e-01 -1.986252456360100282e-01
4.073486328125000000e-01 -1.910450659432222364e-01
4.074096679687500000e-01 -1.818354570107354462e-01
4.074707031250000000e-01 -1.710197421724808375e-01
4.075317382812500000e-01 -1.586813396510414753e-01
4.075927734375000000e-01 -1.449602312030506823e-01
4.076538085937500000e-01 -1.300431072428244184e-01
4.077148437500000000e-01 -1.141481840563830508e-01
4.077758789062500000e-01 -9.750661250677372660e-02
4.078369140625000000e-01 -8.034310294702273758e-02
4.078979492187500000e-01 -6.285864297531540412e-02
4.079589843750000000e-01 -4.521791154126775236e-02
4.080200195312500000e-01 -2.754325941399993205e-02
4.080810546875000000e-01 -9.916009585846374819e-03
4.081420898437500000e-01 7.615494328436556160e-03
4.082031250000000000e-01 2.502287231170929882e-02
4.082641601562500000e-01 4.228230731987192570e-02
4.083251953125000000e-01 5.935963278636857687e-02
4.083862304687500000e-01 7.619856140274561263e-02
4.084472656250000000e-01 9.271400489149395074e-02
4.085083007812500000e-01 1.087913958063193576e-01
4.085693359375000000e-01 1.242918607721406055e-01
4.086303710937500000e-01 1.390622669878209816e-01
4.086914062500000000e-01 1.529485871320219736e-01
4.087524414062500000e-01 1.658106316975541672e-01
4.088134765625000000e-01 1.775360532141960768e-01
4.088745117187500000e-01 1.880517601591805699e-01
4.089355468750000000e-01 1.973314204762474100e-01
4.089965820312500000e-01 2.053983532989579475e-01
4.090576171875000000e-01 2.123236641460616303e-01
4.091186523437500000e-01 2.182199670673956593e-01
4.091796875000000000e-01 2.232314330134321789e-01
4.092407226562500000e-01 2.275211738507996184e-01
4.093017578125000000e-01 2.312571740938106357e-01
4.093627929687500000e-01 2.345981904269426321e-01
4.094238281250000000e-01 2.376811939268860252e-01
4.094848632812500000e-01 2.406119082119786423e-01
4.095458984375000000e-01 2.434597598518427608e-01
4.096069335937500000e-01 2.462581031148498578e-01
4.096679687500000000e-01 2.490098754669185510e-01
4.097290039062500000e-01 2.516979353353353543e-01
4.097900390625000000e-01 2.542984362852159785e-01
4.098510742187500000e-01 2.567949294700828666e-01
4.099121093750000000e-01 2.591905826544133040e-01
4.099731445312500000e-01 2.615160206206160742e-01
4.100341796875000000e-01 2.638308991810283111e-01
4.100952148437500000e-01 2.662184193641237706e-01
4.101562500000000000e-01 2.687733645873714439e-01
4.102172851562500000e-01 2.715855552463109501e-01
4.102783203125000000e-01 2.747215465439153959e-01
4.103393554687500000e-01 2.782077497974156377e-01
4.104003906250000000e-01 2.820178641589877189e-01
4.104614257812500000e-01 2.860666495220341998e-01
4.105224609375000000e-01 2.902109113218625525e-01
4.105834960937500000e-01 2.942574128728414062e-01
4.106445312500000000e-01 2.979764651206501247e-01
4.107055664062500000e-01 3.011192388741298909e-01
4.107666015625000000e-01 3.034364768351093256e-01
4.108276367187500000e-01 3.046963062113494658e-01
4.108886718750000000e-01 3.046991980628905861e-01
4.109497070312500000e-01 3.032886502389515737e-01
4.110107421875000000e-01 3.003568192617074306e-01
4.110717773437500000e-01 2.958450442845930728e-01
4.111328125000000000e-01 2.897398348195711071e-01
4.111938476562500000e-01 2.820652748367447615e-01
4.112548828125000000e-01 2.728729697531702691e-01
4.113159179687500000e-01 2.622307881372104021e-01
4.113769531250000000e-01 2.502117676278353686e-01
4.114379882812500000e-01 2.368845890624627915e-01
4.114990234375000000e-01 2.223069505776260890e-01
4.115600585937500000e-01 2.065229965435009807e-01
4.116210937500000000e-01 1.895655752430327468e-01
4.116821289062500000e-01 1.714634224612711089e-01
4.117431640625000000e-01 1.522524911874345022e-01
4.118041992187500000e-01 1.319897918469461195e-01
4.118652343750000000e-01 1.107674604507222632e-01
4.119262695312500000e-01 8.872446703065012263e-02
4.119873046875000000e-01 6.605353342379340076e-02
4.120483398437500000e-01 4.300148580242663110e-02
4.121093750000000000e-01 1.986229680581869453e-02
4.121704101562500000e-01 -3.036726906391604142e-03
4.122314453125000000e-01 -2.535394900919059336e-02
4.122924804687500000e-01 -4.675492304940757210e-02
4.123535156250000000e-01 -6.693321552629594162e-02
4.124145507812500000e-01 -8.562747212861969437e-02
4.124755859375000000e-01 -1.026324480345785078e-01
4.125366210937500000e-01 -1.178028858399079726e-01
4.125976562500000000e-01 -1.310504138000919416e-01
4.126586914062500000e-01 -1.423348123393879394e-01
4.127197265625000000e-01 -1.516518008757651303e-01
4.127807617187500000e-01 -1.590197761199893534e-01
4.128417968750000000e-01 -1.644677378254374156e-01
4.129028320312500000e-01 -1.680261241657319271e-01
4.129638671875000000e-01 -1.697215808901975098e-01
4.130249023437500000e-01 -1.695759509807803767e-01
4.130859375000000000e-01 -1.676091758486704664e-01
4.131469726562500000e-01 -1.638454198761693514e-01
4.132080078125000000e-01 -1.583214749109151387e-01
4.132690429687500000e-01 -1.510962989919334976e-01
4.133300781250000000e-01 -1.422604513341425014e-01
4.133911132812500000e-01 -1.319442281545041840e-01
4.134521484375000000e-01 -1.203233766493515544e-01
4.135131835937500000e-01 -1.076213176423288509e-01
4.135742187500000000e-01 -9.410698848692078400e-02
4.136352539062500000e-01 -8.008786984394167252e-02
4.136962890625000000e-01 -6.589839183164836189e-02
4.137573242187500000e-01 -5.188453501288481373e-02
4.138183593750000000e-01 -3.838599393971575680e-02
4.138793945312500000e-01 -2.571777271727504477e-02
4.139404296875000000e-01 -1.415343737313434769e-02
4.140014648437500000e-01 -3.912291117071475810e-03
4.140625000000000000e-01 4.847617774683010694e-03
4.141235351562500000e-01 1.202950498026811310e-02
4.141845703125000000e-01 1.759085924316738936e-02
4.142456054687500000e-01 2.153077249114465630e-02
4.143066406250000000e-01 2.387408372521193645e-02
4.143676757812500000e-01 2.465545065656682411e-02
4.144287109375000000e-01 2.390636706101634257e-02
4.144897460937500000e-01 2.164741027970107368e-02
4.145507812500000000e-01 1.788683707324290051e-02
4.146118164062500000e-01 1.262532106529057341e-02
4.146728515625000000e-01 5.865463389591374366e-03
4.147338867187500000e-01 -2.376052570663866881e-03
4.147949218750000000e-01 -1.205609367280024991e-02
4.148559570312500000e-01 -2.309480363514304635e-02
4.149169921875000000e-01 -3.536922009892018437e-02
4.149780273437500000e-01 -4.871179368048927927e-02
4.150390625000000000e-01 -6.291397329308179298e-02
4.151000976562500000e-01 -7.773429332926617974e-02
4.151611328125000000e-01 -9.290984173027283521e-02
4.152221679687500000e-01 -1.081696337981996603e-01
4.152832031250000000e-01 -1.232483552392664716e-01
4.153442382812500000e-01 -1.378991776412917813e-01
4.154052734375000000e-01 -1.519047031050683172e-01
4.154663085937500000e-01 -1.650853413358371879e-01
4.155273437500000000e-01 -1.773045256214417220e-01
4.155883789062500000e-01 -1.884702520641040602e-01
4.156494140625000000e-01 -1.985325836268174715e-01
4.157104492187500000e-01 -2.074770613856251611e-01
4.157714843750000000e-01 -2.153144782592926187e-01
4.158325195312500000e-01 -2.220681687640443380e-01
4.158935546875000000e-01 -2.277606375915418591e-01
4.159545898437500000e-01 -2.324017205921820040e-01
4.160156250000000000e-01 -2.359804139272694279e-01
4.160766601562500000e-01 -2.384620326353694697e-01
4.161376953125000000e-01 -2.397915247359635460e-01
4.161987304687500000e-01 -2.399026858069351897e-01
4.162597656250000000e-01 -2.387319058125369486e-01
4.163208007812500000e-01 -2.362341687444740046e-01
4.163818359375000000e-01 -2.323984906290104124e-01
4.164428710937500000e-01 -2.272599455106963928e-01
4.165039062500000000e-01 -2.209059479435558915e-01
4.165649414062500000e-01 -2.134754545202866560e-01
4.166259765625000000e-01 -2.051509980514152898e-01
4.166870117187500000e-01 -1.961447228798786080e-01
4.167480468750000000e-01 -1.866806281814696322e-01
4.168090820312500000e-01 -1.769758303953996026e-01
4.168701171875000000e-01 -1.672236560748104062e-01
4.169311523437500000e-01 -1.575808080186521520e-01
4.169921875000000000e-01 -1.481599630431846559e-01
4.170532226562500000e-01 -1.390282118138642109e-01
4.171142578125000000e-01 -1.302108566853265870e-01
4.171752929687500000e-01 -1.216993469428463981e-01
4.172363281250000000e-01 -1.134617296909324891e-01
4.172973632812500000e-01 -1.054540080733428198e-01
4.173583984375000000e-01 -9.763107568131587644e-02
4.174194335937500000e-01 -8.995620978436355553e-02
4.174804687500000000e-01 -8.240835263974011227e-02
4.175415039062500000e-01 -7.498659109409412660e-02
4.176025390625000000e-01 -6.771136343313782779e-02
4.176635742187500000e-01 -6.062203069745997208e-02
4.177246093750000000e-01 -5.377071058964189021e-02
4.177856445312500000e-01 -4.721279396660221783e-02
4.178466796875000000e-01 -4.099521992936572268e-02
4.179077148437500000e-01 -3.514413953813677605e-02
4.179687500000000000e-01 -2.965392295367458297e-02
4.180297851562500000e-01 -2.447951909600559750e-02
4.180908203125000000e-01 -1.953388792331683943e-02
4.181518554687500000e-01 -1.469154679849316025e-02
4.182128906250000000e-01 -9.798297744594175462e-03
4.182739257812500000e-01 -4.686106152699709426e-03
4.183349609375000000e-01 8.089537020139481172e-04
4.183959960937500000e-01 6.828571863907284545e-03
4.184570312500000000e-01 1.347703947642953093e-02
4.185180664062500000e-01 2.081173744379050117e-02
4.185791015625000000e-01 2.884089090695929336e-02
4.186401367187500000e-01 3.752879657648211520e-02
4.187011718750000000e-01 4.680729973248964892e-02
4.187622070312500000e-01 5.659114458791814073e-02
4.188232421875000000e-01 6.679422753415720226e-02
4.188842773437500000e-01 7.734387269884201999e-02
4.189453125000000000e-01 8.819089622395182015e-02
4.190063476562500000e-01 9.931417698003841554e-02
4.190673828125000000e-01 1.107194875020375280e-01
4.191284179687500000e-01 1.224332695507427404e-01
4.191894531250000000e-01 1.344926940655556402e-01
4.192504882812500000e-01 1.469336760326945823e-01
4.193115234375000000e-01 1.597785941357389161e-01
4.193725585937500000e-01 1.730253359228668408e-01
4.194335937500000000e-01 1.866389294541487276e-01
4.194946289062500000e-01 2.005464982596545376e-01
4.195556640625000000e-01 2.146357991531481213e-01
4.196166992187500000e-01 2.287573386772732142e-01
4.196777343750000000e-01 2.427299618907001744e-01
4.197387695312500000e-01 2.563496940521678980e-01
4.197998046875000000e-01 2.694013884379976576e-01
4.198608398437500000e-01 2.816723723566114668e-01
4.199218750000000000e-01 2.929668021151047297e-01
4.199829101562500000e-01 3.031189506574037962e-01
4.200439453125000000e-01 3.120034089437766500e-01
4.201049804687500000e-01 3.195404003641475477e-01
4.201660156250000000e-01 3.256950876472078926e-01
4.202270507812500000e-01 3.304707396430555111e-01
4.202880859375000000e-01 3.338967494829132576e-01
4.203491210937500000e-01 3.360135362231658762e-01
4.204101562500000000e-01 3.368570355939496386e-01
4.204711914062500000e-01 3.364456087513625349e-01
4.205322265625000000e-01 3.347717884923506748e-01
4.205932617187500000e-01 3.318004440186418380e-01
4.206542968750000000e-01 3.274737693461320376e-01
4.207153320312500000e-01 3.217221572854407352e-01
4.207763671875000000e-01 3.144788456358469930e-01
4.208374023437500000e-01 3.056955545423469256e-01
4.208984375000000000e-01 2.953562929888414179e-01
4.209594726562500000e-01 2.834870155041926965e-01
4.210205078125000000e-01 2.701597102389364791e-01
4.210815429687500000e-01 2.554905887803394227e-01
4.211425781250000000e-01 2.396330536285595503e-01
4.212036132812500000e-01 2.227668411127087800e-01
4.212646484375000000e-01 2.050851400100252575e-01
4.213256835937500000e-01 1.867815888518135070e-01
4.213867187500000000e-01 1.680388248344138191e-01
4.214477539062500000e-01 1.490197311080320997e-01
4.215087890625000000e-01 1.298619314969187699e-01
4.215698242187500000e-01 1.106756509809715128e-01
4.216308593750000000e-01 9.154482580679332293e-02
4.216918945312500000e-01 7.253119916384304089e-02
4.217529296875000000e-01 5.368100821247470678e-02
4.218139648437500000e-01 3.503371067589766685e-02
4.218750000000000000e-01 1.663193373252958018e-02
4.219360351562500000e-01 -1.468549507722294312e-03
4.219970703125000000e-01 -1.919034001520741883e-02
4.220581054687500000e-01 -3.642903587643619989e-02
4.221191406250000000e-01 -5.305231140182808947e-02
4.221801757812500000e-01 -6.890422963746656304e-02
4.222412109375000000e-01 -8.381472206045326168e-02
4.223022460937500000e-01 -9.761319216605057747e-02
4.223632812500000000e-01 -1.101443312641582351e-01
4.224243164062500000e-01 -1.212836987033826253e-01
4.224853515625000000e-01 -1.309504971607416968e-01
4.225463867187500000e-01 -1.391152662132660867e-01
4.226074218750000000e-01 -1.458009396364995380e-01
4.226684570312500000e-01 -1.510768232204798833e-01
4.227294921875000000e-01 -1.550463357801453723e-01
4.227905273437500000e-01 -1.578305080497045543e-01
4.228515625000000000e-01 -1.595500171253819710e-01
4.229125976562500000e-01 -1.603087812344108354e-01
4.229736328125000000e-01 -1.601817477006444168e-01
4.230346679687500000e-01 -1.592085751947827088e-01
4.230957031250000000e-01 -1.573937558117455282e-01
4.231567382812500000e-01 -1.547126400563618720e-01
4.232177734375000000e-01 -1.511219410628499293e-01
4.232788085937500000e-01 -1.465726785575864888e-01
4.233398437500000000e-01 -1.410233159450606788e-01
4.234008789062500000e-01 -1.344511018118135226e-01
4.234619140625000000e-01 -1.268602008123451697e-01
4.235229492187500000e-01 -1.182858775594770595e-01
4.235839843750000000e-01 -1.087946614107504484e-01
4.236450195312500000e-01 -9.848096822979857112e-02
4.237060546875000000e-01 -8.746095469748949025e-02
4.237670898437500000e-01 -7.586441614293426561e-02
4.238281250000000000e-01 -6.382547447362629800e-02
4.238891601562500000e-01 -5.147281128024350227e-02
4.239501953125000000e-01 -3.892031229930104086e-02
4.240112304687500000e-01 -2.625915359353980794e-02
4.240722656250000000e-01 -1.355251629400722191e-02
4.241333007812500000e-01 -8.341405176823801781e-04
4.241943359375000000e-01 1.188837400112685572e-02
4.242553710937500000e-01 2.462534596730070469e-02
4.243164062500000000e-01 3.739270378054482258e-02
4.243774414062500000e-01 5.019737446868116626e-02
4.244384765625000000e-01 6.302277003525530441e-02
4.244995117187500000e-01 7.581693713002249368e-02
4.245605468750000000e-01 8.848563052575184051e-02
4.246215820312500000e-01 1.008918233160733119e-01
4.246826171875000000e-01 1.128620979891320347e-01
4.247436523437500000e-01 1.241991662322235734e-01
4.248046875000000000e-01 1.346986390288026636e-01
4.248657226562500000e-01 1.441673286784508623e-01
4.249267578125000000e-01 1.524400486220705286e-01
4.249877929687500000e-01 1.593922048294642568e-01
4.250488281250000000e-01 1.649463245710291459e-01
4.251098632812500000e-01 1.690718023484416577e-01
4.251708984375000000e-01 1.717783595484062564e-01
4.252319335937500000e-01 1.731048144152915746e-01
4.252929687500000000e-01 1.731054942420674481e-01
4.253540039062500000e-01 1.718368128471919887e-01
4.254150390625000000e-01 1.693462312633743361e-01
4.254760742187500000e-01 1.656651844620047331e-01
4.255371093750000000e-01 1.608067183149081147e-01
4.255981445312500000e-01 1.547676846113689164e-01
4.256591796875000000e-01 1.475346203603939976e-01
4.257202148437500000e-01 1.390920680910459062e-01
4.257812500000000000e-01 1.294320546722879106e-01
4.258422851562500000e-01 1.185636094334802104e-01
4.259033203125000000e-01 1.065214674870557099e-01
4.259643554687500000e-01 9.337334467009306138e-02
4.260253906250000000e-01 7.922522146144805877e-02
4.260864257812500000e-01 6.422391978322905537e-02
4.261474609375000000e-01 4.855612832884148578e-02
4.262084960937500000e-01 3.244319630777625640e-02
4.262695312500000000e-01 1.613152901715564358e-02
4.263305664062500000e-01 -1.208347049928004679e-04
4.263916015625000000e-01 -1.606005350727279790e-02
4.264526367187500000e-01 -3.145259388502674724e-02
4.265136718750000000e-01 -4.609915076293213954e-02
4.265747070312500000e-01 -5.984414240288804532e-02
4.266357421875000000e-01 -7.257928888686793201e-02
4.266967773437500000e-01 -8.424080748212969816e-02
4.267578125000000000e-01 -9.480085451260639173e-02
4.268188476562500000e-01 -1.042548607007764971e-01
4.268798828125000000e-01 -1.126071686478366529e-01
4.269409179687500000e-01 -1.198577153573956444e-01
4.270019531250000000e-01 -1.259923171981524037e-01
4.270629882812500000e-01 -1.309784047885798608e-01
4.271240234375000000e-01 -1.347669288691771550e-01
4.271850585937500000e-01 -1.372998966722331626e-01
4.272460937500000000e-01 -1.385219608782575218e-01
4.273071289062500000e-01 -1.383938709346572149e-01
4.273681640625000000e-01 -1.369054112216649410e-01
4.274291992187500000e-01 -1.340856648488802372e-01
4.274902343750000000e-01 -1.300090410366678828e-01
4.275512695312500000e-01 -1.247963460760824761e-01
4.276123046875000000e-01 -1.186109955316799747e-01
4.276733398437500000e-01 -1.116510689884779861e-01
4.277343750000000000e-01 -1.041383058272036255e-01
4.277954101562500000e-01 -9.630538730711113438e-02
4.278564453125000000e-01 -8.838288544817918257e-02
4.279174804687500000e-01 -8.058705243757557923e-02
4.279785156250000000e-01 -7.310932785412560531e-02
4.280395507812500000e-01 -6.610823489143946574e-02
4.281005859375000000e-01 -5.970424143075436785e-02
4.281616210937500000e-01 -5.397809451435020556e-02
4.282226562500000000e-01 -4.897301809828769059e-02
4.282836914062500000e-01 -4.470087384429721755e-02
4.283447265625000000e-01 -4.115179396745594076e-02
4.284057617187500000e-01 -3.830598682779617903e-02
4.284667968750000000e-01 -3.614572562895335128e-02
4.285278320312500000e-01 -3.466526387523782837e-02
4.285888671875000000e-01 -3.387664673999990494e-02
4.286499023437500000e-01 -3.381002980772285227e-02
4.287109375000000000e-01 -3.450808023498030952e-02
4.287719726562500000e-01 -3.601516015193417797e-02
4.288330078125000000e-01 -3.836302679694908457e-02
4.288940429687500000e-01 -4.155551463581269589e-02
4.289550781250000000e-01 -4.555498734524632276e-02
4.290161132812500000e-01 -5.027318371568284538e-02
4.290771484375000000e-01 -5.556837409498616154e-02
4.291381835937500000e-01 -6.124959805868968044e-02
4.291992187500000000e-01 -6.708746272619728335e-02
4.292602539062500000e-01 -7.282987083487030278e-02
4.293212890625000000e-01 -7.822031591269712480e-02
4.293823242187500000e-01 -8.301611432331018614e-02
4.294433593750000000e-01 -8.700416242714445469e-02
4.295043945312500000e-01 -9.001240610078434234e-02
4.295654296875000000e-01 -9.191598909174697463e-02
4.296264648437500000e-01 -9.263788001278522310e-02
4.296875000000000000e-01 -9.214461265052847905e-02
4.297485351562500000e-01 -9.043846578021697002e-02
4.298095703125000000e-01 -8.754775306642775812e-02
4.298706054687500000e-01 -8.351683788516317541e-02
4.299316406250000000e-01 -7.839718231784381652e-02
4.299926757812500000e-01 -7.224035396314804069e-02
4.300537109375000000e-01 -6.509352403272161691e-02
4.301147460937500000e-01 -5.699767002225308854e-02
4.301757812500000000e-01 -4.798854356319148806e-02
4.302368164062500000e-01 -3.810045282810337053e-02
4.302978515625000000e-01 -2.737282018714748411e-02
4.303588867187500000e-01 -1.585910525692824091e-02
4.304199218750000000e-01 -3.637076226529756262e-03
4.304809570312500000e-01 9.181205968909811332e-03
4.305419921875000000e-01 2.244171417633761267e-02
4.306030273437500000e-01 3.594508212020025573e-02
4.306640625000000000e-01 4.944896593096187454e-02
4.307250976562500000e-01 6.267657406677484833e-02
4.307861328125000000e-01 7.533062342539093015e-02
4.308471679687500000e-01 8.711094791727996833e-02
4.309082031250000000e-01 9.773331829059866971e-02
4.309692382812500000e-01 1.069468099799728567e-01
4.310302734375000000e-01 1.145472768726623625e-01
4.310913085937500000e-01 1.203851157587167431e-01
4.311523437500000000e-01 1.243664532123902045e-01
4.312133789062500000e-01 1.264480048766186415e-01
4.312744140625000000e-01 1.266269412787102422e-01
4.313354492187500000e-01 1.249279049848234235e-01
4.313964843750000000e-01 1.213896596152491125e-01
4.314575195312500000e-01 1.160536841068063457e-01
4.315185546875000000e-01 1.089565038279184384e-01
4.315795898437500000e-01 1.001268197000602378e-01
4.316406250000000000e-01 8.958762255896868254e-02
4.317016601562500000e-01 7.736258505737966806e-02
4.317626953125000000e-01 6.348534305359132546e-02
4.318237304687500000e-01 4.800996826975734155e-02
4.318847656250000000e-01 3.102094821314554940e-02
4.319458007812500000e-01 1.264122392068900425e-02
4.320068359375000000e-01 -6.962745753513049918e-03
4.320678710937500000e-01 -2.757940220614168991e-02
4.321289062500000000e-01 -4.895406538638666372e-02
4.321899414062500000e-01 -7.079433660327347222e-02
4.322509765625000000e-01 -9.277869693910803517e-02
4.323120117187500000e-01 -1.145679208570971885e-01
4.323730468750000000e-01 -1.358186553284694842e-01
4.324340820312500000e-01 -1.561981579595723979e-01
4.324951171875000000e-01 -1.753987827595957227e-01
4.325561523437500000e-01 -1.931504753159769827e-01
4.326171875000000000e-01 -2.092295275090522155e-01
4.326782226562500000e-01 -2.234623001969108791e-01
4.327392578125000000e-01 -2.357234407872242365e-01
4.328002929687500000e-01 -2.459290614111037943e-01
4.328613281250000000e-01 -2.540262334216590312e-01
4.329223632812500000e-01 -2.599808657123105493e-01
4.329833984375000000e-01 -2.637663978877703985e-01
4.330444335937500000e-01 -2.653556560675913167e-01
4.331054687500000000e-01 -2.647176735910213297e-01
4.331665039062500000e-01 -2.618203561098922938e-01
4.332275390625000000e-01 -2.566386592381946774e-01
4.332885742187500000e-01 -2.491667348829918471e-01
4.333496093750000000e-01 -2.394316600241047088e-01
4.334106445312500000e-01 -2.275060796790598083e-01
4.334716796875000000e-01 -2.135173570314358449e-01
4.335327148437500000e-01 -1.976514678549857185e-01
4.335937500000000000e-01 -1.801507964264407458e-01
4.336547851562500000e-01 -1.613060541668377423e-01
4.337158203125000000e-01 -1.414433793917619087e-01
4.337768554687500000e-01 -1.209063886997278764e-01
4.338378906250000000e-01 -1.000416730570897750e-01
4.338989257812500000e-01 -7.918253840857637782e-02
4.339599609375000000e-01 -5.863195256881677253e-02
4.340209960937500000e-01 -3.865137452251332650e-02
4.340820312500000000e-01 -1.945423172883464780e-02
4.341430664062500000e-01 -1.204320206520337333e-03
4.342041015625000000e-01 1.598124750659948856e-02
4.342651367187500000e-01 3.202539626706085718e-02
4.343261718750000000e-01 4.688188359286810103e-02
4.343872070312500000e-01 6.052471256862622384e-02
4.344482421875000000e-01 7.293731307259937457e-02
4.345092773437500000e-01 8.410270207202961978e-02
4.345703125000000000e-01 9.399593554823804098e-02
4.346313476562500000e-01 1.025801912561888213e-01
4.346923828125000000e-01 1.098075485896601450e-01
4.347534179687500000e-01 1.156249075037309448e-01
4.348144531250000000e-01 1.199845632765728642e-01
4.348754882812500000e-01 1.228579065987918523e-01
4.349365234375000000e-01 1.242498638920309650e-01
4.349975585937500000e-01 1.242113091493721733e-01
4.350585937500000000e-01 1.228468988832777803e-01
4.351196289062500000e-01 1.203165611348055858e-01
4.351806640625000000e-01 1.168300065958277761e-01
4.352416992187500000e-01 1.126348489902524452e-01
4.353027343750000000e-01 1.079999556251611398e-01
4.353637695312500000e-01 1.031963416197588801e-01
4.354248046875000000e-01 9.847823185419622705e-02
4.354858398437500000e-01 9.406681724884538576e-02
4.355468750000000000e-01 9.013871052758784530e-02
4.356079101562500000e-01 8.682025797342760032e-02
4.356689453125000000e-01 8.418790166036527189e-02
4.357299804687500000e-01 8.227388579812246194e-02
4.357910156250000000e-01 8.107583295978838811e-02
4.358520507812500000e-01 8.056819837942072460e-02
4.359130859375000000e-01 8.071352172920279178e-02
4.359741210937500000e-01 8.147175307253258503e-02
4.360351562500000000e-01 8.280652437446255065e-02
4.360961914062500000e-01 8.468787580747962063e-02
4.361572265625000000e-01 8.709155535231660750e-02
4.362182617187500000e-01 8.999550072168348291e-02
4.362792968750000000e-01 9.337435332621184247e-02
4.363403320312500000e-01 9.719284963031311897e-02
4.364013671875000000e-01 1.013988762805375643e-01
4.364624023437500000e-01 1.059170340767112001e-01
4.365234375000000000e-01 1.106437144702868969e-01
4.365844726562500000e-01 1.154448051840301359e-01
4.366455078125000000e-01 1.201570688744811599e-01
4.367065429687500000e-01 1.245938756526112912e-01
4.367675781250000000e-01 1.285552873752732195e-01
4.368286132812500000e-01 1.318416272139273093e-01
4.368896484375000000e-01 1.342688982826976130e-01
4.369506835937500000e-01 1.356839614971088182e-01
4.370117187500000000e-01 1.359773037070100554e-01
4.370727539062500000e-01 1.350914987092354802e-01
4.371337890625000000e-01 1.330240517728349392e-01
4.371948242187500000e-01 1.298241422034314141e-01
4.372558593750000000e-01 1.255837117865875041e-01
4.373168945312500000e-01 1.204242700779579178e-01
4.373779296875000000e-01 1.144815606322530932e-01
4.374389648437500000e-01 1.078906508360256145e-01
4.375000000000000000e-01 1.007739013817322699e-01
4.375610351562500000e-01 9.323364943467989108e-02
4.376220703125000000e-01 8.535046798790497935e-02
4.376831054687500000e-01 7.718675162060413542e-02
4.377441406250000000e-01 6.879437390072765113e-02
4.378051757812500000e-01 6.022454564005749744e-02
4.378662109375000000e-01 5.153791472931225359e-02
4.379272460937500000e-01 4.281323826254246345e-02
4.379882812500000000e-01 3.415335410501188496e-02
4.380493164062500000e-01 2.568757338551385522e-02
4.381103515625000000e-01 1.757007324532259759e-02
4.381713867187500000e-01 9.974400868425437050e-03
4.382324218750000000e-01 3.084686015774336376e-03
4.382934570312500000e-01 -2.915483047238195957e-03
4.383544921875000000e-01 -7.855313980396565199e-03
4.384155273437500000e-01 -1.158885053594065073e-02
4.384765625000000000e-01 -1.400550542339100424e-02
4.385375976562500000e-01 -1.503802718826996454e-02
4.385986328125000000e-01 -1.466712491460121781e-02
4.386596679687500000e-01 -1.292223005137412006e-02
4.387207031250000000e-01 -9.878174542795048474e-03
4.387817382812500000e-01 -5.647968070436118482e-03
4.388427734375000000e-01 -3.723148203092913056e-04
4.389038085937500000e-01 5.793031554323369026e-03
4.389648437500000000e-01 1.269052550435342819e-02
4.390258789062500000e-01 2.017279816960950573e-02
4.390869140625000000e-01 2.811140111889284809e-02
4.391479492187500000e-01 3.640083250220184363e-02
4.392089843750000000e-01 4.495720878726301717e-02
4.392700195312500000e-01 5.371199709302963698e-02
4.393310546875000000e-01 6.260222574792623229e-02
4.393920898437500000e-01 7.155929948164264920e-02
4.394531250000000000e-01 8.049877036534430763e-02
4.395141601562500000e-01 8.931312999317567169e-02
4.395751953125000000e-01 9.786903210401996789e-02
4.396362304687500000e-01 1.060095043582181679e-01
4.396972656250000000e-01 1.135608149560944358e-01
4.397583007812500000e-01 1.203429027168026466e-01
4.398193359375000000e-01 1.261818227215987243e-01
4.398803710937500000e-01 1.309225100409170117e-01
4.399414062500000000e-01 1.344401979088833132e-01
4.400024414062500000e-01 1.366490001118594866e-01
4.400634765625000000e-01 1.375065545767023001e-01
4.401245117187500000e-01 1.370142246565463906e-01
4.401855468750000000e-01 1.352130213065142472e-01
4.402465820312500000e-01 1.321760038094389467e-01
4.403076171875000000e-01 1.279983715122392784e-01
4.403686523437500000e-01 1.227866871440965180e-01
4.404296875000000000e-01 1.166485875393659805e-01
4.404907226562500000e-01 1.096840217307582799e-01
4.405517578125000000e-01 1.019787495158904489e-01
4.406127929687500000e-01 9.360066928551791232e-02
4.406738281250000000e-01 8.459940943368116084e-02
4.407348632812500000e-01 7.500934926187535767e-02
4.407958984375000000e-01 6.485582184404653505e-02
4.408569335937500000e-01 5.416377029792451836e-02
4.409179687500000000e-01 4.296764242535131700e-02
4.409790039062500000e-01 3.132092452907798280e-02
4.410400390625000000e-01 1.930360494843309793e-02
4.411010742187500000e-01 7.026111241977127386e-03
4.411621093750000000e-01 -5.371185422812573690e-03
4.412231445312500000e-01 -1.772308435261762613e-02
4.412841796875000000e-01 -2.984870321037987745e-02
4.413452148437500000e-01 -4.156340893664740854e-02
4.414062500000000000e-01 -5.269185719376262567e-02
4.414672851562500000e-01 -6.308030806335226948e-02
4.415283203125000000e-01 -7.260645444333239940e-02
4.415893554687500000e-01 -8.118531746157960083e-02
4.416503906250000000e-01 -8.877037859245280604e-02
4.417114257812500000e-01 -9.534994720886189046e-02
4.417724609375000000e-01 -1.009395834098844591e-01
4.418334960937500000e-01 -1.055720225434838150e-01
4.418945312500000000e-01 -1.092863994671728206e-01
4.419555664062500000e-01 -1.121185840608298762e-01
4.420166015625000000e-01 -1.140940791521256464e-01
4.420776367187500000e-01 -1.152243095881383961e-01
4.421386718750000000e-01 -1.155064810455952162e-01
4.421997070312500000e-01 -1.149266696598830462e-01
4.422607421875000000e-01 -1.134654220026534432e-01
4.423217773437500000e-01 -1.111048880232541752e-01
4.423828125000000000e-01 -1.078364270642713230e-01
4.424438476562500000e-01 -1.036677061122073390e-01
4.425048828125000000e-01 -9.862843492073972151e-02
4.425659179687500000e-01 -9.277400129433774345e-02
4.426269531250000000e-01 -8.618645710883261757e-02
4.426879882812500000e-01 -7.897261604605607110e-02
4.427490234375000000e-01 -7.125938753959448757e-02
4.428100585937500000e-01 -6.318680277518350097e-02
4.428710937500000000e-01 -5.489948600359653708e-02
4.429321289062500000e-01 -4.653759088267510335e-02
4.429931640625000000e-01 -3.822837795113293718e-02
4.430541992187500000e-01 -3.007957711838447901e-02
4.431152343750000000e-01 -2.217547988544609633e-02
4.431762695312500000e-01 -1.457638859253687635e-02
4.432373046875000000e-01 -7.321602273092687324e-03
4.432983398437500000e-01 -4.355487170438071542e-04
4.433593750000000000e-01 6.063916258806711229e-03
4.434204101562500000e-01 1.215648567219444059e-02
4.434814453125000000e-01 1.781133062694302549e-02
4.435424804687500000e-01 2.298157502753923193e-02
4.436035156250000000e-01 2.760246275778541203e-02
4.436645507812500000e-01 3.159363830354024183e-02
4.437255859375000000e-01 3.486516605627330845e-02
4.437866210937500000e-01 3.732624298955698749e-02
4.438476562500000000e-01 3.889512265962345033e-02
4.439086914062500000e-01 3.950863509970920645e-02
4.439697265625000000e-01 3.912987325064717914e-02
4.440307617187500000e-01 3.775302687228509341e-02
4.440917968750000000e-01 3.540482328977685028e-02
4.441528320312500000e-01 3.214249703962768906e-02
4.442138671875000000e-01 2.804865304938967269e-02
4.442749023437500000e-01 2.322377900789149990e-02
4.443359375000000000e-01 1.777743161074702913e-02
4.443969726562500000e-01 1.181923627234155241e-02
4.444580078125000000e-01 5.450818349558162433e-03
4.445190429687500000e-01 -1.240381153885142078e-03
4.445800781250000000e-01 -8.184780274528864058e-03
4.446411132812500000e-01 -1.533161181261820730e-02
4.447021484375000000e-01 -2.264730029820430021e-02
4.447631835937500000e-01 -3.011161621820311607e-02
4.448242187500000000e-01 -3.771211893797945386e-02
4.448852539062500000e-01 -4.543757264513891697e-02
4.449462890625000000e-01 -5.327118846598000168e-02
4.450073242187500000e-01 -6.118464850445386877e-02
4.450683593750000000e-01 -6.913386987552631868e-02
4.451293945312500000e-01 -7.705733251038414389e-02
4.451904296875000000e-01 -8.487747242079726750e-02
4.452514648437500000e-01 -9.250514918748366233e-02
4.453125000000000000e-01 -9.984664374072423076e-02
4.453735351562500000e-01 -1.068121528223782979e-01
4.454345703125000000e-01 -1.133244154619444666e-01
4.454956054687500000e-01 -1.193260254613222743e-01
4.455566406250000000e-01 -1.247842009958408799e-01
4.456176757812500000e-01 -1.296922369315655632e-01
4.456787109375000000e-01 -1.340674207077687252e-01
4.457397460937500000e-01 -1.379457422303030090e-01
4.458007812500000000e-01 -1.413742189915754288e-01
4.458618164062500000e-01 -1.444020269223189046e-01
4.459228515625000000e-01 -1.470717905303769169e-01
4.459838867187500000e-01 -1.494123089195543153e-01
4.460449218750000000e-01 -1.514337203511365582e-01
4.461059570312500000e-01 -1.531256933458891023e-01
4.461669921875000000e-01 -1.544587299979250095e-01
4.462280273437500000e-01 -1.553881792167534359e-01
4.462890625000000000e-01 -1.558602050723643662e-01
4.463500976562500000e-01 -1.558187784823742705e-01
4.464111328125000000e-01 -1.552127184546485406e-01
4.464721679687500000e-01 -1.540018728649795166e-01
4.465332031250000000e-01 -1.521617037653511806e-01
4.465942382812500000e-01 -1.496858023558773620e-01
4.466552734375000000e-01 -1.465861361819498221e-01
4.467163085937500000e-01 -1.428910922128899530e-01
4.467773437500000000e-01 -1.386416354650090166e-01
4.468383789062500000e-01 -1.338861339612716916e-01
4.468994140625000000e-01 -1.286745528807526628e-01
4.469604492187500000e-01 -1.230527828088333331e-01
4.470214843750000000e-01 -1.170578736762784844e-01
4.470825195312500000e-01 -1.107148930014860422e-01
4.471435546875000000e-01 -1.040359591092620134e-01
4.472045898437500000e-01 -9.702170342000852876e-02
4.472656250000000000e-01 -8.966505092569605762e-02
4.473266601562500000e-01 -8.195683867933817313e-02
4.473876953125000000e-01 -7.389246317745003234e-02
4.474487304687500000e-01 -6.547852585147895255e-02
4.475097656250000000e-01 -5.673840551611942368e-02
4.475708007812500000e-01 -4.771584253845977813e-02
4.476318359375000000e-01 -3.847592163236245727e-02
4.476928710937500000e-01 -2.910323605682993767e-02
4.477539062500000000e-01 -1.969746865932693949e-02
4.478149414062500000e-01 -1.036705713002294103e-02
4.478759765625000000e-01 -1.221907280838845826e-03
4.479370117187500000e-01 7.633778244352371588e-03
4.479980468750000000e-01 1.610755596606669102e-02
4.480590820312500000e-01 2.412290162217749917e-02
4.481201171875000000e-01 3.162105856157295530e-02
4.481811523437500000e-01 3.856059249076488477e-02
4.482421875000000000e-01 4.491503409447930584e-02
4.483032226562500000e-01 5.066921080011042855e-02
4.483642578125000000e-01 5.581497014370413040e-02
4.484252929687500000e-01 6.034700574447937615e-02
4.484863281250000000e-01 6.425940854894283960e-02
4.485473632812500000e-01 6.754340740520091424e-02
4.486083984375000000e-01 7.018658520331075290e-02
4.486694335937500000e-01 7.217366859058189921e-02
4.487304687500000000e-01 7.348877210957573125e-02
4.487915039062500000e-01 7.411876028500488656e-02
4.488525390625000000e-01 7.405723942594787113e-02
4.489135742187500000e-01 7.330862435992477333e-02
4.489746093750000000e-01 7.189171153115846147e-02
4.490356445312500000e-01 6.984221872954980703e-02
4.490966796875000000e-01 6.721384842253692871e-02
4.491577148437500000e-01 6.407759716024416519e-02
4.492187500000000000e-01 6.051923758349257720e-02
4.492797851562500000e-01 5.663513298613890440e-02
4.493408203125000000e-01 5.252680865427740431e-02
4.494018554687500000e-01 4.829494804657469970e-02
4.494628906250000000e-01 4.403361523724993315e-02
4.495239257812500000e-01 3.982548055279955951e-02
4.495849609375000000e-01 3.573866094803673094e-02
4.496459960937500000e-01 3.182551888824371178e-02
4.497070312500000000e-01 2.812343845651214119e-02
4.497680664062500000e-01 2.465727928360020305e-02
4.498291015625000000e-01 2.144296062073006506e-02
4.498901367187500000e-01 1.849148001672584404e-02
4.499511718750000000e-01 1.581263263626736873e-02
4.500122070312500000e-01 1.341778010350230116e-02
4.500732421875000000e-01 1.132121892895312371e-02
4.501342773437500000e-01 9.539969492328926465e-03
4.501953125000000000e-01 8.092077553378476326e-03
4.502563476562500000e-01 6.993754524307869286e-03
4.503173828125000000e-01 6.255867883797886463e-03
4.503784179687500000e-01 5.880391923527650624e-03
4.504394531250000000e-01 5.857402280318863008e-03
4.505004882812500000e-01 6.163070500409631794e-03
4.505615234375000000e-01 6.758955189857471409e-03
4.506225585937500000e-01 7.592724364267337128e-03
4.506835937500000000e-01 8.600268913611073401e-03
4.507446289062500000e-01 9.708990820432084057e-03
4.508056640625000000e-01 1.084191216072465276e-02
4.508666992187500000e-01 1.192217099762333220e-02
4.509277343750000000e-01 1.287743799086922200e-02
4.509887695312500000e-01 1.364380401298767934e-02
4.510498046875000000e-01 1.416876661243643767e-02
4.511108398437500000e-01 1.441306442255808028e-02
4.511718750000000000e-01 1.435123309995248696e-02
4.512329101562500000e-01 1.397087487448097666e-02
4.512939453125000000e-01 1.327077237652991154e-02
4.513549804687500000e-01 1.225813861834481114e-02
4.514160156250000000e-01 1.094543710731133573e-02
4.514770507812500000e-01 9.347287313775570761e-03
4.515380859375000000e-01 7.477971732167498428e-03
4.515991210937500000e-01 5.349965122302778944e-03
4.516601562500000000e-01 2.973711070027961704e-03
4.517211914062500000e-01 3.586219701210052778e-04
4.517822265625000000e-01 -2.484947410502272303e-03
4.518432617187500000e-01 -5.543159554327886304e-03
4.519042968750000000e-01 -8.796077464952159475e-03
4.519653320312500000e-01 -1.221547134707433487e-02
4.520263671875000000e-01 -1.576347669112819830e-02
4.520874023437500000e-01 -1.939239155337229084e-02
4.521484375000000000e-01 -2.304572275618299235e-02
4.522094726562500000e-01 -2.666039907896705294e-02
4.522705078125000000e-01 -3.016988510249768440e-02
4.523315429687500000e-01 -3.350778963728329868e-02
4.523925781250000000e-01 -3.661150539492793315e-02
4.524536132812500000e-01 -3.942544421270313681e-02
4.525146484375000000e-01 -4.190351886612132815e-02
4.525756835937500000e-01 -4.401065038147769504e-02
4.526367187500000000e-01 -4.572323648234411647e-02
4.526977539062500000e-01 -4.702866748632140298e-02
4.527587890625000000e-01 -4.792407939662621241e-02
4.528198242187500000e-01 -4.841458541195003962e-02
4.528808593750000000e-01 -4.851124972601027208e-02
4.529418945312500000e-01 -4.822906852432892744e-02
4.530029296875000000e-01 -4.758519326962828977e-02
4.530639648437500000e-01 -4.659757751449510044e-02
4.531250000000000000e-01 -4.528417132792269401e-02
4.531860351562500000e-01 -4.366272931455884160e-02
4.532470703125000000e-01 -4.175122224305611446e-02
4.533081054687500000e-01 -3.956874770544874242e-02
4.533691406250000000e-01 -3.713674745413632350e-02
4.534301757812500000e-01 -3.448027928415233617e-02
4.534912109375000000e-01 -3.162906341749104067e-02
4.535522460937500000e-01 -2.861803621095474967e-02
4.536132812500000000e-01 -2.548721462798396800e-02
4.536743164062500000e-01 -2.228079707697287401e-02
4.537353515625000000e-01 -1.904556323656815542e-02
4.537963867187500000e-01 -1.582875349980350857e-02
4.538574218750000000e-01 -1.267569359210103316e-02
4.539184570312500000e-01 -9.627472883854010580e-03
4.539794921875000000e-01 -6.718978855965811701e-03
4.540405273437500000e-01 -3.977538759772385711e-03
4.541015625000000000e-01 -1.422331084453586905e-03
4.541625976562500000e-01 9.353887671135511714e-04
4.542236328125000000e-01 3.091334352295842941e-03
4.542846679687500000e-01 5.046701070745720705e-03
4.543457031250000000e-01 6.806404474106671730e-03
4.544067382812500000e-01 8.377315804888863654e-03
4.544677734375000000e-01 9.766740352708858097e-03
4.545288085937500000e-01 1.098132357673197237e-02
4.545898437500000000e-01 1.202648126602035364e-02
4.546508789062500000e-01 1.290635466677238913e-02
4.547119140625000000e-01 1.362421469981139194e-02
4.547729492187500000e-01 1.418318825196073461e-02
4.548339843750000000e-01 1.458714763387629863e-02
4.548950195312500000e-01 1.484159270671711085e-02
4.549560546875000000e-01 1.495437039178846260e-02
4.550170898437500000e-01 1.493611274128347523e-02
4.550781250000000000e-01 1.480031888463646111e-02
4.551391601562500000e-01 1.456305349886716401e-02
4.552001953125000000e-01 1.424228649900211897e-02
4.552612304687500000e-01 1.385694795744697033e-02
4.553222656250000000e-01 1.342580706837812748e-02
4.553833007812500000e-01 1.296630423070656117e-02
4.554443359375000000e-01 1.249347761009030576e-02
4.555053710937500000e-01 1.201912553590782362e-02
4.555664062500000000e-01 1.155132276275018521e-02
4.556274414062500000e-01 1.109436128385994300e-02
4.556884765625000000e-01 1.064912444301922140e-02
4.557495117187500000e-01 1.021383584664282106e-02
4.558105468750000000e-01 9.785061876062666267e-03
4.558715820312500000e-01 9.358804023522682147e-03
4.559326171875000000e-01 8.931509493051281029e-03
4.559936523437500000e-01 8.500856357268696609e-03
4.560546875000000000e-01 8.066220041905543953e-03
4.561157226562500000e-01 7.628786353844975270e-03
4.561767578125000000e-01 7.191332936253244136e-03
4.562377929687500000e-01 6.757748438621411814e-03
4.562988281250000000e-01 6.332391120453156712e-03
4.563598632812500000e-01 5.919404709847950891e-03
4.564208984375000000e-01 5.522108647344944540e-03
4.564819335937500000e-01 5.142559875999489633e-03
4.565429687500000000e-01 4.781346326337112401e-03
4.566040039062500000e-01 4.437628899726066972e-03
4.566650390625000000e-01 4.109409493697960616e-03
4.567260742187500000e-01 3.793970293234041457e-03
4.567871093750000000e-01 3.488404772325714304e-03
4.568481445312500000e-01 3.190149238271785311e-03
4.569091796875000000e-01 2.897431203867204159e-03
4.569702148437500000e-01 2.609573908613473103e-03
4.570312500000000000e-01 2.327125049829488392e-03
4.570922851562500000e-01 2.051806119988962545e-03
4.571533203125000000e-01 1.786304234872628351e-03
4.572143554687500000e-01 1.533946643882649896e-03
4.572753906250000000e-01 1.298305755144544583e-03
4.573364257812500000e-01 1.082782713565837726e-03
4.573974609375000000e-01 8.902166912672302953e-04
4.574584960937500000e-01 7.225659965241063888e-04
4.575195312500000000e-01 5.807013359554267628e-04
4.575805664062500000e-01 4.643381167539750438e-04
4.576416015625000000e-01 3.721146610473503717e-04
4.577026367187500000e-01 3.017995449867772254e-04
4.577636718750000000e-01 2.505886435463448966e-04
4.578247070312500000e-01 2.154376891269106913e-04
4.578857421875000000e-01 1.933742565844918351e-04
4.579467773437500000e-01 1.817431007407434903e-04
4.580078125000000000e-01 1.783557589581227982e-04
4.580688476562500000e-01 1.815349829105960817e-04
4.581298828125000000e-01 1.900637691243822107e-04
4.581909179687500000e-01 2.030640392535319359e-04
4.582519531250000000e-01 2.198385191201254448e-04
4.583129882812500000e-01 2.397108774500501392e-04
4.583740234375000000e-01 2.618952943970795757e-04
4.584350585937500000e-01 2.854183481670214827e-04
4.584960937500000000e-01 3.091042971355344258e-04
4.585571289062500000e-01 3.316219339285483630e-04
4.586181640625000000e-01 3.515800918184418928e-04
4.586791992187500000e-01 3.676510666024418580e-04
4.587402343750000000e-01 3.786975176606778288e-04
4.588012695312500000e-01 3.838798703325805835e-04
4.588623046875000000e-01 3.827275458357757448e-04
4.589233398437500000e-01 3.751659105762368660e-04
4.589843750000000000e-01 3.614988612320461014e-04
4.590454101562500000e-01 3.423534620127541652e-04
4.591064453125000000e-01 3.185980189044113628e-04
4.591674804687500000e-01 2.912478720765911285e-04
4.592285156250000000e-01 2.613733939423193236e-04
4.592895507812500000e-01 2.300224170105486248e-04
4.593505859375000000e-01 1.981653226201957605e-04
4.594116210937500000e-01 1.666660627377692370e-04
4.594726562500000000e-01 1.362773627575754667e-04
4.595336914062500000e-01 1.076542347863459332e-04
4.595947265625000000e-01 8.137732894775136585e-05
4.596557617187500000e-01 5.797677438801505869e-05
4.597167968750000000e-01 3.794812775542059176e-05
4.597778320312500000e-01 2.175483388669689546e-05
4.598388671875000000e-01 9.815722213780453509e-06
4.598999023437500000e-01 2.480521426825139916e-06
4.599609375000000000e-01 0.000000000000000000e+00
